game_id,created_at,username,white_player,black_player,user_color,result,user_result,rated,speed,perf,variant,time_control,initial_time_seconds,increment_seconds,white_rating,black_rating,opponent_rating,rating_diff,ply_count,move_count,user_move_count,total_thinking_time_seconds,avg_move_time,median_move_time,time_pressure,mean_eval_loss,eval_coverage,clock_coverage,opening,termination
ZJWo0gRV,2023-09-18 14:44:45+00:00,bat1skaf,bat1skaf,Pezkovi1,white,0-1,loss,,blitz,,Standard,180+2,180.0,2.0,1500.0,1561.0,1561.0,-61.0,78,39,39,208.0,5.333333333333333,3.0,0.0,,0.0,1.0,Benoni Defense: Old Benoni,Normal
9sRqbIRR,2023-10-01 10:39:26+00:00,bat1skaf,oulman,bat1skaf,black,0-1,win,,blitz,,Standard,180+2,180.0,2.0,1264.0,1301.0,1264.0,37.0,6,3,3,8.0,2.6666666666666665,2.0,0.0,,0.0,1.0,Duras Gambit,Normal
oSJFlzKZ,2023-10-28 16:00:00+00:00,bat1skaf,bat1skaf,betharmon813,white,1-0,win,,blitz,,Standard,180+2,180.0,2.0,1428.0,918.0,918.0,510.0,1,1,1,2.0,2.0,2.0,0.0,,0.0,1.0,English Opening,Time forfeit
Jdgasc9N,2023-10-28 16:11:06+00:00,bat1skaf,SSS_Krut,bat1skaf,black,1-0,loss,,blitz,,Standard,180+2,180.0,2.0,866.0,1428.0,866.0,562.0,33,17,16,206.0,12.875,6.0,0.4375,,0.0,1.0,Englund Gambit,Time forfeit
gQCziqKH,2023-10-28 16:21:45+00:00,bat1skaf,bat1skaf,hipeoplea,white,0-1,loss,,blitz,,Standard,180+2,180.0,2.0,1149.0,850.0,850.0,299.0,46,23,23,141.0,6.130434782608695,5.0,0.0,1.6545454545454545,0.9565217391304348,1.0,Queen's Pawn Game: Chigorin Variation,Normal
fiqMVeD2,2023-10-28 16:32:37+00:00,bat1skaf,st_affeev,bat1skaf,black,0-1,win,,blitz,,Standard,180+2,180.0,2.0,909.0,1018.0,909.0,109.0,48,24,24,217.0,9.041666666666666,8.5,0.08333333333333333,0.8304347826086957,0.9583333333333334,1.0,King's Pawn Game: Beyer Gambit,Normal
B2ONgpd0,2023-10-28 16:44:06+00:00,bat1skaf,bat1skaf,sh1rmar,white,0-1,loss,,blitz,,Standard,180+2,180.0,2.0,1083.0,1252.0,1252.0,-169.0,80,40,40,151.0,3.775,2.0,0.0,1.243846153846154,0.975,1.0,French Defense: Exchange Variation,Normal
YxkuOto5,2023-10-28 16:55:47+00:00,bat1skaf,OrlovaEll,bat1skaf,black,0-1,win,,blitz,,Standard,180+2,180.0,2.0,900.0,1035.0,900.0,135.0,68,34,34,202.0,5.9411764705882355,6.0,0.0,0.8281818181818182,0.9705882352941176,1.0,King's Pawn Game: King's Head Opening,Normal
doGRR5ct,2023-10-28 17:06:54+00:00,bat1skaf,kasha_masha,bat1skaf,black,1-0,loss,,blitz,,Standard,180+2,180.0,2.0,1341.0,1082.0,1341.0,-259.0,77,39,38,126.0,3.3157894736842106,2.0,0.0,0.8071052631578947,1.0,1.0,Philidor Defense,Normal
MlxBw3GO,2023-10-28 17:19:43+00:00,bat1skaf,bat1skaf,PetroN3103,white,1/2-1/2,draw,,blitz,,Standard,180+2,180.0,2.0,1057.0,909.0,909.0,148.0,171,86,86,326.0,3.7906976744186047,2.0,0.4069767441860465,,0.0,1.0,Queen's Pawn Game: Mason Attack,Normal
JPjia3IY,2023-10-28 17:31:50+00:00,bat1skaf,oleggalimov0201,bat1skaf,black,1-0,loss,,blitz,,Standard,180+2,180.0,2.0,899.0,1034.0,899.0,135.0,1,1,0,,,,,,,,King's Pawn Game,Time forfeit
fqGorEif,2023-11-25 16:00:01+00:00,bat1skaf,clawf,bat1skaf,black,1-0,loss,,blitz,,Standard,180+2,180.0,2.0,1525.0,1034.0,1525.0,-491.0,57,29,28,151.0,5.392857142857143,4.0,0.0,,0.0,1.0,King's Pawn Game: Busch-Gass Gambit,Normal
WRhgpRM1,2023-11-25 16:10:11+00:00,bat1skaf,bat1skaf,alinautumn,white,1-0,win,,blitz,,Standard,180+2,180.0,2.0,1027.0,800.0,800.0,227.0,43,22,22,142.0,6.454545454545454,5.0,0.0,1.483809523809524,0.9545454545454546,1.0,Nimzowitsch Defense: Franco-Nimzowitsch Variation,Time forfeit
KHg3oRiS,2023-11-25 16:21:27+00:00,bat1skaf,vvrnnn,bat1skaf,black,1-0,loss,,blitz,,Standard,180+2,180.0,2.0,487.0,1049.0,487.0,562.0,87,44,43,261.0,6.069767441860465,3.0,0.4418604651162791,3.9655813953488375,1.0,1.0,Grob Opening: Double Grob,Time forfeit
PQCGL1e6,2023-11-25 16:32:51+00:00,bat1skaf,bat1skaf,Yona335210,white,1/2-1/2,draw,,blitz,,Standard,180+2,180.0,2.0,948.0,816.0,816.0,132.0,120,60,60,236.0,3.933333333333333,3.0,0.0,,0.0,1.0,King's Pawn Game: Bavarian Gambit,Normal
UMMGSSzi,2023-11-25 16:44:44+00:00,bat1skaf,Ragulin336933,bat1skaf,black,0-1,win,,blitz,,Standard,180+2,180.0,2.0,723.0,931.0,723.0,208.0,50,25,25,209.0,8.36,7.0,0.0,,0.0,1.0,Grob Opening: Double Grob,Time forfeit
QhHF4D7D,2023-11-25 16:58:06+00:00,bat1skaf,bat1skaf,object301,white,0-1,loss,,blitz,,Standard,180+2,180.0,2.0,952.0,1215.0,1215.0,-263.0,36,18,18,74.0,4.111111111111111,4.0,0.0,,0.0,1.0,English Opening: The Whale,Normal
6JDHdSgA,2023-11-25 17:08:26+00:00,bat1skaf,nikolausus,bat1skaf,black,1/2-1/2,draw,,blitz,,Standard,180+2,180.0,2.0,1189.0,937.0,1189.0,-252.0,79,40,39,250.0,6.410256410256411,5.0,0.1794871794871795,,0.0,1.0,Petrov's Defense: Damiano Variation,Normal
t7HubzwN,2023-12-23 16:00:01+00:00,bat1skaf,ArtyomZenkevich,bat1skaf,black,0-1,win,,blitz,,Standard,180+2,180.0,2.0,1482.0,959.0,1482.0,-523.0,0,0,0,,,,,,,,,Time forfeit
rQNE0eaO,2023-12-23 16:10:03+00:00,bat1skaf,bat1skaf,StrubVarvara,white,1-0,win,,blitz,,Standard,180+2,180.0,2.0,959.0,1500.0,1500.0,-541.0,53,27,27,204.0,7.555555555555555,6.0,0.0,1.3207692307692307,0.9629629629629629,1.0,English Opening: Anglo-Dutch Defense,Time forfeit
3a2Y74CF,2023-12-23 16:19:01+00:00,bat1skaf,sofa_popova,bat1skaf,black,1-0,loss,,blitz,,Standard,180+2,180.0,2.0,1500.0,998.0,1500.0,-502.0,65,33,32,216.0,6.75,6.5,0.0,0.8278125000000001,1.0,1.0,Philidor Defense,Normal
5HMQTKO0,2023-12-23 16:31:21+00:00,bat1skaf,bat1skaf,nstsk,white,0-1,loss,,blitz,,Standard,180+2,180.0,2.0,990.0,1134.0,1134.0,-144.0,20,10,10,63.0,6.3,3.0,0.0,,0.0,1.0,Queen's Pawn Game: Chigorin Variation,Normal
pkZA2vop,2023-12-23 16:42:05+00:00,bat1skaf,ChuprovaDasha,bat1skaf,black,1-0,loss,,blitz,,Standard,180+2,180.0,2.0,1202.0,967.0,1202.0,-235.0,51,26,25,203.0,8.12,7.0,0.0,0.9948,1.0,1.0,"Queen's Gambit Accepted: Central Variation, Modern Defense",Normal
wv8DJVos,2023-12-23 16:52:26+00:00,bat1skaf,bat1skaf,whatever125,white,0-1,loss,,blitz,,Standard,180+2,180.0,2.0,952.0,1031.0,1031.0,-79.0,74,37,37,234.0,6.324324324324325,6.0,0.0,3.0969444444444445,0.972972972972973,1.0,Horwitz Defense,Time forfeit
AiJAHusX,2023-12-23 17:02:44+00:00,bat1skaf,bagelenthusiast,bat1skaf,black,0-1,win,,blitz,,Standard,180+2,180.0,2.0,717.0,927.0,717.0,210.0,50,25,25,156.0,6.24,6.0,0.0,0.6392,1.0,1.0,Polish Opening: Symmetrical Variation,Normal
txs1lhwt,2023-12-23 17:14:26+00:00,bat1skaf,bat1skaf,smolyatas,white,0-1,loss,,blitz,,Standard,180+2,180.0,2.0,942.0,1041.0,1041.0,-99.0,50,25,25,182.0,7.28,7.0,0.0,,0.0,1.0,English Opening: Symmetrical Variation,Normal
QDuGxrVy,2025-01-14 16:28:41+00:00,bat1skaf,Paddar,bat1skaf,black,1-0,loss,,rapid,,Standard,600+0,600.0,0.0,1486.0,1500.0,1486.0,14.0,57,29,28,489.0,17.464285714285715,8.0,0.0,0.8292857142857143,1.0,1.0,Queen's Pawn Game: London System,Normal
yvugCO8u,2025-02-26 23:14:54+00:00,bat1skaf,bat1skaf,trinioyarzun2013,white,1-0,win,,blitz,,Standard,300+3,300.0,3.0,922.0,907.0,907.0,15.0,19,10,10,92.0,9.2,6.0,0.0,,0.0,1.0,Borg Defense,Normal
w3WiCIwb,2025-12-07 12:26:07+00:00,bat1skaf,bat1skaf,Nurali2330,white,0-1,loss,,bullet,,Standard,60+0,60.0,0.0,1500.0,1609.0,1609.0,-109.0,54,27,27,40.0,1.4814814814814814,1.0,0.0,,0.0,1.0,Italian Game: Rousseau Gambit,Normal
iCuUaxAj,2025-12-07 12:27:56+00:00,bat1skaf,bat1skaf,gordondiamonds,white,0-1,loss,,bullet,,Standard,60+0,60.0,0.0,1319.0,1446.0,1446.0,-127.0,60,30,30,46.0,1.5333333333333334,1.0,0.0,,0.0,1.0,Caro-Kann Defense,Normal
BtVV80nk,2025-12-07 12:30:05+00:00,bat1skaf,bat1skaf,Sansik2,white,1-0,win,,bullet,,Standard,60+0,60.0,0.0,1216.0,1219.0,1219.0,-3.0,67,34,34,46.0,1.3529411764705883,1.0,0.0,0.688787878787879,0.9705882352941176,1.0,"Italian Game: Two Knights Defense, Knight Attack, Normal Variation",Time forfeit
MhgJSXqm,2025-12-07 12:32:17+00:00,bat1skaf,bosu1,bat1skaf,black,1-0,loss,,bullet,,Standard,60+0,60.0,0.0,1436.0,1320.0,1436.0,-116.0,53,27,26,59.0,2.269230769230769,1.0,0.3076923076923077,,0.0,1.0,Tarrasch Defense,Time forfeit
iMYNTuVM,2025-12-07 12:34:27+00:00,bat1skaf,roberaurelio71,bat1skaf,black,0-1,win,,bullet,,Standard,60+0,60.0,0.0,1398.0,1265.0,1398.0,-133.0,100,50,50,58.0,1.16,1.0,0.28,,0.0,1.0,French Defense: Exchange Variation,Time forfeit
q1YlLktV,2025-12-07 12:37:11+00:00,bat1skaf,bat1skaf,Jakubjose,white,1-0,win,,bullet,,Standard,60+0,60.0,0.0,1362.0,1410.0,1410.0,-48.0,89,45,45,52.0,1.1555555555555554,1.0,0.13333333333333333,,0.0,1.0,Italian Game: Classical Variation,Time forfeit
hxavBzl7,2025-12-08 13:59:18+00:00,bat1skaf,Rhizotome,bat1skaf,black,1-0,loss,,bullet,,Standard,60+0,60.0,0.0,1436.0,1427.0,1436.0,-9.0,45,23,22,57.0,2.590909090909091,2.0,0.22727272727272727,,0.0,1.0,French Defense: Queen's Knight,Time forfeit
bcmqalGM,2025-12-08 14:01:14+00:00,bat1skaf,bat1skaf,NDop,white,1-0,win,,bullet,,Standard,60+0,60.0,0.0,1380.0,1326.0,1326.0,54.0,73,37,37,51.0,1.3783783783783783,1.0,0.10810810810810811,,0.0,1.0,Italian Game: Blackburne-Kostić Gambit,Time forfeit
8MjmLLKu,2025-12-08 14:03:21+00:00,bat1skaf,LupLup13,bat1skaf,black,0-1,win,,bullet,,Standard,60+0,60.0,0.0,1434.0,1416.0,1434.0,-18.0,34,17,17,22.0,1.2941176470588236,1.0,0.0,,0.0,1.0,Tarrasch Defense,Normal
QKM4E1nS,2025-12-08 14:04:36+00:00,bat1skaf,Sasirih,bat1skaf,black,0-1,win,,bullet,,Standard,60+0,60.0,0.0,1503.0,1459.0,1503.0,-44.0,72,36,36,59.0,1.6388888888888888,1.0,0.2777777777777778,0.6269444444444443,1.0,1.0,French Defense,Time forfeit
iFtPleRh,2025-12-08 14:07:06+00:00,bat1skaf,bat1skaf,FilebraFreshbra,white,1-0,win,,bullet,,Standard,60+0,60.0,0.0,1501.0,1524.0,1524.0,-23.0,33,17,17,41.0,2.411764705882353,1.0,0.0,,0.0,1.0,"Italian Game: Two Knights Defense, Knight Attack, Normal Variation",Time forfeit
6v2kSjhv,2025-12-08 14:09:01+00:00,bat1skaf,bat1skaf,J3f_K,white,0-1,loss,,bullet,,Standard,60+0,60.0,0.0,1534.0,1528.0,1528.0,6.0,62,31,31,59.0,1.903225806451613,1.0,0.2903225806451613,,0.0,1.0,Philidor Defense,Time forfeit
rBGLzjmS,2025-12-08 14:11:06+00:00,bat1skaf,reginald53,bat1skaf,black,0-1,win,,bullet,,Standard,60+0,60.0,0.0,1500.0,1503.0,1500.0,3.0,68,34,34,43.0,1.2647058823529411,1.0,0.0,0.7170588235294119,1.0,1.0,French Defense: Exchange Variation,Time forfeit
0hHIpp01,2025-12-08 14:13:00+00:00,bat1skaf,bat1skaf,Ferchus,white,1-0,win,,bullet,,Standard,60+0,60.0,0.0,1531.0,1518.0,1518.0,13.0,19,10,10,10.0,1.0,1.0,0.0,,0.0,1.0,Zukertort Opening: Tennison Gambit,Time forfeit
EzHvPMFl,2025-12-08 14:14:29+00:00,bat1skaf,bat1skaf,RROMMAN,white,1-0,win,,bullet,,Standard,60+0,60.0,0.0,1555.0,1556.0,1556.0,-1.0,61,31,31,59.0,1.903225806451613,1.0,0.25806451612903225,,0.0,1.0,Philidor Defense,Time forfeit
YaBhlJ7o,2025-12-08 14:16:50+00:00,bat1skaf,bat1skaf,Umapute,white,0-1,loss,,bullet,,Standard,60+0,60.0,0.0,1578.0,1593.0,1593.0,-15.0,50,25,25,40.0,1.6,1.0,0.0,,0.0,1.0,Caro-Kann Defense,Normal
RMfxXqaJ,2025-12-08 14:18:07+00:00,bat1skaf,parrales251020,bat1skaf,black,0-1,win,,bullet,,Standard,60+0,60.0,0.0,1557.0,1556.0,1557.0,-1.0,110,55,55,59.0,1.0727272727272728,1.0,0.5818181818181818,,0.0,1.0,Horwitz Defense,Time forfeit
eAQmHENp,2025-12-08 14:20:29+00:00,bat1skaf,quehamburguesa,bat1skaf,black,1/2-1/2,draw,,bullet,,Standard,60+0,60.0,0.0,1526.0,1578.0,1526.0,52.0,102,51,51,59.0,1.1568627450980393,1.0,0.21568627450980393,,0.0,1.0,French Defense: Knight Variation,Time forfeit
xtbY2MAp,2025-12-08 14:22:55+00:00,bat1skaf,bat1skaf,Cider_Cake,white,1-0,win,,bullet,,Standard,60+0,60.0,0.0,1576.0,1599.0,1599.0,-23.0,69,35,35,50.0,1.4285714285714286,1.0,0.05714285714285714,,0.0,1.0,French Defense: Knight Variation,Normal
YdOOTHUV,2025-12-08 14:24:41+00:00,bat1skaf,GreatChessSinceYears,bat1skaf,black,1-0,loss,,bullet,,Standard,60+0,60.0,0.0,1641.0,1595.0,1641.0,-46.0,41,21,20,34.0,1.7,1.0,0.0,,0.0,1.0,"French Defense: Advance Variation, Nimzowitsch System",Normal
8TOgD0WI,2025-12-08 14:26:12+00:00,bat1skaf,bat1skaf,TitounetCasca,white,0-1,loss,,bullet,,Standard,60+0,60.0,0.0,1580.0,1494.0,1494.0,86.0,64,32,32,59.0,1.84375,2.0,0.25,,0.0,1.0,Scandinavian Defense: Modern Variation,Time forfeit
jJN4bUp3,2025-12-08 14:28:20+00:00,bat1skaf,Vikram_Menon,bat1skaf,black,0-1,win,,bullet,,Standard,60+0,60.0,0.0,1560.0,1559.0,1560.0,-1.0,79,40,39,45.0,1.1538461538461537,1.0,0.0,,0.0,1.0,French Defense: Knight Variation,Normal
QBlQO7ZX,2025-12-08 14:31:09+00:00,bat1skaf,J3f_K,bat1skaf,black,0-1,win,,bullet,,Standard,60+0,60.0,0.0,1550.0,1576.0,1550.0,26.0,58,29,29,53.0,1.8275862068965518,1.0,0.06896551724137931,0.8986206896551724,1.0,1.0,Tarrasch Defense,Time forfeit
LGKmaRfa,2025-12-08 14:33:27+00:00,bat1skaf,bat1skaf,lirililarila111,white,1-0,win,,bullet,,Standard,60+0,60.0,0.0,1591.0,1589.0,1589.0,2.0,71,36,36,57.0,1.5833333333333333,1.0,0.2222222222222222,,0.0,1.0,Italian Game: Classical Variation,Time forfeit
ji8oxMNS,2025-12-08 14:44:42+00:00,bat1skaf,bat1skaf,alihdz,white,0-1,loss,,blitz,,Standard,300+3,300.0,3.0,976.0,836.0,836.0,140.0,38,19,19,218.0,11.473684210526315,14.0,0.0,,0.0,1.0,Scandinavian Defense,Normal
6rpT5Pi3,2025-12-08 14:51:37+00:00,bat1skaf,bat1skaf,Daxiong2022,white,1-0,win,,blitz,,Standard,300+3,300.0,3.0,840.0,872.0,872.0,-32.0,29,15,15,64.0,4.266666666666667,3.0,0.0,,0.0,1.0,Italian Game: Paris Defense,Normal
9F8hc3uA,2025-12-08 14:55:01+00:00,bat1skaf,ozyyyyyy,bat1skaf,black,0-1,win,,blitz,,Standard,300+3,300.0,3.0,863.0,921.0,863.0,58.0,76,38,38,355.0,9.342105263157896,6.0,0.0,0.8816216216216215,0.9736842105263158,1.0,Three Knights Opening,Normal
5YHmr9vp,2025-12-08 15:06:53+00:00,bat1skaf,Pray3,bat1skaf,black,0-1,win,,blitz,,Standard,300+3,300.0,3.0,877.0,973.0,877.0,96.0,34,17,17,170.0,10.0,6.0,0.0,,0.0,1.0,Kádas Opening,Normal
Qblt6v6d,2025-12-08 15:12:51+00:00,bat1skaf,inikolov,bat1skaf,black,0-1,win,,blitz,,Standard,300+3,300.0,3.0,1056.0,1015.0,1056.0,-41.0,44,22,22,239.0,10.863636363636363,7.5,0.0,,0.0,1.0,Queen's Gambit Declined,Normal
aelUvgQv,2025-12-08 15:22:39+00:00,bat1skaf,bat1skaf,User123456abc,white,1-0,win,,blitz,,Standard,300+3,300.0,3.0,1070.0,948.0,948.0,122.0,89,45,45,341.0,7.75,5.5,0.0,0.2834090909090909,0.9777777777777777,0.9777777777777777,Italian Game: Paris Defense,Normal
gA5fIsrx,2026-04-14 13:33:48+00:00,bat1skaf,Tomppuomppu,bat1skaf,black,0-1,win,,blitz,,Standard,180+2,180.0,2.0,1223.0,1097.0,1223.0,-126.0,66,33,33,170.0,5.151515151515151,3.0,0.0,0.10562500000000001,0.9696969696969697,1.0,Horwitz Defense,Normal
CzQNLaKS,2026-04-14 13:39:36+00:00,bat1skaf,bat1skaf,barsaa123,white,0-1,loss,,blitz,,Standard,180+2,180.0,2.0,1171.0,1161.0,1161.0,10.0,46,23,23,220.0,9.565217391304348,8.0,0.21739130434782608,,0.0,1.0,Italian Game: Classical Variation,Time forfeit
Ep66XmUU,2026-04-14 13:47:33+00:00,bat1skaf,bat1skaf,Buned94,white,0-1,loss,,blitz,,Standard,180+2,180.0,2.0,1121.0,1144.0,1144.0,-23.0,30,15,15,152.0,10.133333333333333,6.0,0.0,,0.0,1.0,Philidor Defense,Normal
ojv4JqPe,2026-04-14 13:53:46+00:00,bat1skaf,Filip_Whitecoast,bat1skaf,black,0-1,win,,blitz,,Standard,180+2,180.0,2.0,1095.0,1082.0,1095.0,-13.0,53,27,26,200.0,7.6923076923076925,4.0,0.0,0.3873076923076923,1.0,1.0,French Defense: Exchange Variation,Normal
RSy4W0dJ,2026-04-14 14:02:10+00:00,bat1skaf,bat1skaf,Tanjas5,white,1-0,win,,blitz,,Standard,180+2,180.0,2.0,1121.0,1103.0,1103.0,18.0,37,19,19,197.0,10.368421052631579,6.0,0.0,0.1052941176470589,0.8947368421052632,1.0,Scandinavian Defense: Mieses-Kotroc Variation,Normal
qLttNRz8,2026-04-14 14:10:51+00:00,bat1skaf,fishybanjo,bat1skaf,black,1-0,loss,,blitz,,Standard,180+2,180.0,2.0,1233.0,1152.0,1233.0,-81.0,55,28,27,226.0,8.37037037037037,5.0,0.18518518518518517,,0.0,1.0,Tarrasch Defense,Normal
cwxy2Jca,2026-04-14 14:17:32+00:00,bat1skaf,bat1skaf,Mehrad0153434198,white,0-1,loss,,blitz,,Standard,180+2,180.0,2.0,1129.0,1135.0,1135.0,-6.0,153,77,77,322.0,4.181818181818182,2.0,0.7272727272727273,,0.0,1.0,Italian Game: Hungarian Defense,Normal
xbXqdgO4,2026-04-14 14:28:34+00:00,bat1skaf,TutLarsan,bat1skaf,black,1-0,loss,,blitz,,Standard,180+2,180.0,2.0,1117.0,1101.0,1117.0,-16.0,119,60,59,285.0,4.830508474576271,3.0,0.4745762711864407,2.048305084745763,1.0,1.0,Grob Opening,Normal
AehwGHV0,2026-04-14 14:37:05+00:00,bat1skaf,bat1skaf,AmgrootCap,white,1-0,win,,blitz,,Standard,180+2,180.0,2.0,1077.0,1025.0,1025.0,52.0,26,13,13,179.0,13.76923076923077,8.0,0.0,,0.0,1.0,Petrov's Defense: Damiano Variation,Normal
lZqb98zw,2026-04-14 14:41:52+00:00,bat1skaf,bat1skaf,LeOnArDo014ZERO,white,1-0,win,,blitz,,Standard,180+2,180.0,2.0,1097.0,1113.0,1113.0,-16.0,157,79,79,312.0,3.949367088607595,2.0,0.46835443037974683,,0.0,1.0,"French Defense: Winawer Variation, Delayed Exchange Variation",Normal
EFtHCyPA,2026-04-14 14:52:25+00:00,bat1skaf,Rasul_Gamzatov1999,bat1skaf,black,0-1,win,,blitz,,Standard,180+2,180.0,2.0,1243.0,1120.0,1243.0,-123.0,18,9,9,90.0,10.0,8.0,0.0,,0.0,1.0,Tarrasch Defense,Time forfeit
cYm9yAts,2026-04-14 16:21:44+00:00,bat1skaf,incar8,bat1skaf,black,1-0,loss,,blitz,,Standard,180+2,180.0,2.0,1149.0,1149.0,1149.0,0.0,65,33,32,240.0,7.5,4.0,0.34375,0.36125,1.0,1.0,Vienna Game: Max Lange Defense,Time forfeit
wHyvXaLh,2026-04-14 16:28:47+00:00,bat1skaf,RSS108,bat1skaf,black,0-1,win,,blitz,,Standard,300+3,300.0,3.0,1139.0,1130.0,1139.0,-9.0,42,21,21,273.0,13.0,12.0,0.0,0.8033333333333333,1.0,1.0,Bird Opening,Normal
srTO9i7c,2026-04-14 16:37:21+00:00,bat1skaf,bat1skaf,Nonspes,white,1-0,win,,blitz,,Standard,300+3,300.0,3.0,1150.0,1266.0,1266.0,-116.0,13,7,7,39.0,5.571428571428571,5.0,0.0,0.24000000000000002,0.8571428571428571,1.0,Sicilian Defense: Old Sicilian,Normal
szwqvns1,2026-04-14 16:40:55+00:00,bat1skaf,AndreyChertov,bat1skaf,black,0-1,win,,blitz,,Standard,300+3,300.0,3.0,1276.0,1174.0,1276.0,-102.0,70,35,35,346.0,9.885714285714286,5.0,0.0,0.254,1.0,1.0,Danish Gambit Declined: Sörensen Defense,Normal
UXvy7cdg,2026-04-14 16:50:29+00:00,bat1skaf,bat1skaf,RainerHarz,white,0-1,loss,,blitz,,Standard,300+3,300.0,3.0,1197.0,1317.0,1317.0,-120.0,80,40,40,377.0,9.425,6.0,0.0,0.5682051282051283,0.975,1.0,Petrov's Defense: Damiano Variation,Normal
UdWDAPOU,2026-04-14 17:02:24+00:00,bat1skaf,bat1skaf,Esteb60,white,1/2-1/2,draw,,blitz,,Standard,300+3,300.0,3.0,1185.0,1292.0,1292.0,-107.0,116,58,58,461.0,7.948275862068965,3.0,0.5172413793103449,0.3831578947368421,0.9827586206896551,1.0,French Defense: Exchange Variation,Normal
lK11Fs1Z,2026-04-14 17:18:11+00:00,bat1skaf,Stigney,bat1skaf,black,0-1,win,,blitz,,Standard,300+3,300.0,3.0,1157.0,1189.0,1157.0,32.0,62,31,31,369.0,11.903225806451612,8.0,0.0967741935483871,,0.0,1.0,Scotch Game,Normal
DYNFtSNb,2026-04-14 17:29:11+00:00,bat1skaf,barthillas,bat1skaf,black,0-1,win,,blitz,,Standard,300+3,300.0,3.0,1206.0,1204.0,1206.0,-2.0,108,54,54,338.0,6.377358490566038,4.0,0.0,,0.0,0.9814814814814815,Italian Game: Classical Variation,Normal
u5TYhp8K,2026-04-14 18:12:25+00:00,bat1skaf,bat1skaf,Sash-33,white,0-1,loss,,blitz,,Standard,300+3,300.0,3.0,1219.0,1265.0,1265.0,-46.0,48,24,24,330.0,13.75,8.0,0.0,,0.0,1.0,French Defense: Exchange Variation,Time forfeit
B3nGx49F,2026-04-14 21:46:40+00:00,bat1skaf,bat1skaf,djgj49866,white,0-1,loss,,blitz,,Standard,300+3,300.0,3.0,1207.0,1192.0,1192.0,15.0,22,11,11,198.0,18.0,9.0,0.0,,0.0,1.0,"Italian Game: Two Knights Defense, Traxler Counterattack",Normal
lqkF2zpy,2026-04-14 21:54:46+00:00,bat1skaf,bat1skaf,sebroom,white,0-1,loss,,blitz,,Standard,300+3,300.0,3.0,1192.0,1188.0,1188.0,4.0,34,17,17,150.0,8.823529411764707,9.0,0.0,,0.0,1.0,Caro-Kann Defense: Endgame Offer,Normal
ZM0a7KN1,2026-04-14 21:59:41+00:00,bat1skaf,anishell,bat1skaf,black,1-0,loss,,blitz,,Standard,300+3,300.0,3.0,1271.0,1178.0,1271.0,-93.0,37,19,18,256.0,14.222222222222221,12.5,0.0,,0.0,1.0,Italian Game: Classical Variation,Normal
P6g0l0NF,2026-04-14 22:07:07+00:00,bat1skaf,parzival89,bat1skaf,black,0-1,win,,blitz,,Standard,300+3,300.0,3.0,1063.0,1169.0,1063.0,106.0,60,30,30,300.0,10.0,7.5,0.0,,0.0,1.0,"Italian Game: Giuoco Pianissimo, Normal",Normal
rpyWiCN0,2026-04-15 17:41:57+00:00,bat1skaf,bat1skaf,donberko,white,1-0,win,,blitz,,Standard,300+3,300.0,3.0,1178.0,1106.0,1106.0,72.0,35,18,18,226.0,12.555555555555555,11.5,0.0,,0.0,1.0,Sicilian Defense: French Variation,Normal
0Vm34d60,2026-04-15 17:47:50+00:00,bat1skaf,uk66fastback,bat1skaf,black,1-0,loss,,blitz,,Standard,300+3,300.0,3.0,1263.0,1188.0,1263.0,-75.0,97,49,48,440.0,9.166666666666666,6.0,0.6041666666666666,,0.0,1.0,King's Gambit Declined: Keene Defense,Time forfeit
xjEUQhTv,2026-04-16 11:36:23+00:00,bat1skaf,bat1skaf,Gtscot,white,1-0,win,,blitz,,Standard,300+3,300.0,3.0,1179.0,1192.0,1192.0,-13.0,83,42,42,345.0,8.214285714285714,7.0,0.0,2.1565853658536587,0.9761904761904762,1.0,King's Pawn Game: Damiano Defense,Normal
o7ORNn3m,2026-04-16 11:54:19+00:00,bat1skaf,Nekhludovvsh,bat1skaf,black,0-1,win,,blitz,,Standard,300+3,300.0,3.0,1171.0,1190.0,1171.0,19.0,96,48,48,421.0,8.770833333333334,4.5,0.3958333333333333,0.27458333333333335,1.0,1.0,Scotch Game: Haxo Gambit,Time forfeit
7sUfezfz,2026-04-16 21:37:40+00:00,bat1skaf,TVHK,bat1skaf,black,1-0,loss,,blitz,,Standard,300+3,300.0,3.0,1147.0,1201.0,1147.0,54.0,39,20,19,229.0,12.052631578947368,9.0,0.0,1.2389473684210526,1.0,1.0,King's Knight Opening: Normal Variation,Normal
vHXTJtV3,2026-04-16 21:45:54+00:00,bat1skaf,bat1skaf,abnergiacomo,white,1-0,win,,blitz,,Standard,300+3,300.0,3.0,1189.0,1290.0,1290.0,-101.0,49,25,25,237.0,9.48,8.0,0.0,0.2565217391304347,0.92,1.0,Alekhine Defense,Normal
hPwmkbvr,2026-04-16 22:00:32+00:00,bat1skaf,Pagliarichess,bat1skaf,black,1-0,loss,,blitz,,Standard,300+0,300.0,0.0,1209.0,1198.0,1209.0,-11.0,31,16,15,110.0,7.333333333333333,4.0,0.0,0.8920000000000001,1.0,1.0,Italian Game: Giuoco Piano,Normal
Qh4CsQxA,2026-04-16 22:06:48+00:00,bat1skaf,bat1skaf,IDOMUCHE,white,0-1,loss,,blitz,,Standard,300+0,300.0,0.0,1189.0,1179.0,1179.0,10.0,66,33,33,173.0,5.242424242424242,4.0,0.0,,0.0,1.0,Gunderam Defense,Normal
OtIGV2wy,2026-04-17 14:29:09+00:00,bat1skaf,bat1skaf,newmanrock,white,0-1,loss,,blitz,,Standard,300+3,300.0,3.0,1178.0,1222.0,1222.0,-44.0,57,29,29,247.0,8.517241379310345,6.0,0.0,,0.0,1.0,Italian Game: Anti-Fried Liver Defense,Normal
HbGDyZgC,2026-04-17 14:37:57+00:00,bat1skaf,bat1skaf,Bee-Chess,white,0-1,loss,,blitz,,Standard,300+3,300.0,3.0,1169.0,1182.0,1182.0,-13.0,50,25,25,302.0,12.08,9.0,0.0,0.7808333333333334,0.96,1.0,Italian Game: Anti-Fried Liver Defense,Normal
OeIP1T6i,2026-04-17 14:48:59+00:00,bat1skaf,ZaloP,bat1skaf,black,1-0,loss,,blitz,,Standard,300+3,300.0,3.0,1160.0,1160.0,1160.0,0.0,77,39,38,410.0,10.789473684210526,7.5,0.15789473684210525,1.1471052631578946,1.0,1.0,Four Knights Game: Italian Variation,Time forfeit
wADbJkk5,2026-04-17 15:02:33+00:00,bat1skaf,zgigi,bat1skaf,black,1/2-1/2,draw,,blitz,,Standard,300+3,300.0,3.0,1180.0,1151.0,1180.0,-29.0,159,80,79,530.0,6.708860759493671,4.0,0.25316455696202533,0.5256962025316456,1.0,1.0,English Opening: Agincourt Defense,Normal
QQd6cgCK,2026-04-18 18:32:54+00:00,bat1skaf,bat1skaf,BananaBro247,white,1-0,win,,blitz,,Standard,300+3,300.0,3.0,1152.0,1183.0,1183.0,-31.0,83,42,42,302.0,7.190476190476191,3.5,0.0,0.5509756097560976,0.9761904761904762,1.0,"Italian Game: Two Knights Defense, Knight Attack, Normal Variation",Normal
l7BmkefO,2026-04-18 18:43:05+00:00,bat1skaf,bat1skaf,VanPersix,white,1-0,win,,blitz,,Standard,300+3,300.0,3.0,1162.0,1058.0,1058.0,104.0,19,10,10,76.0,7.6,2.5,0.0,,0.0,1.0,"Italian Game: Two Knights Defense, Knight Attack, Normal Variation",Normal
Q6bXJZ0c,2026-04-18 18:46:43+00:00,bat1skaf,Artur192807,bat1skaf,black,1-0,loss,,bullet,,Standard,120+1,120.0,1.0,1642.0,1605.0,1642.0,-37.0,75,38,37,129.0,3.4864864864864864,2.0,0.0,,0.0,1.0,Scotch Game,Normal
3o59IsIH,2026-04-18 19:41:58+00:00,bat1skaf,bat1skaf,Ruudyy,white,1-0,win,,blitz,,Standard,300+3,300.0,3.0,1168.0,1185.0,1185.0,-17.0,63,32,32,373.0,11.65625,9.0,0.1875,0.3633333333333333,0.9375,1.0,King's Pawn Game: Damiano Defense,Normal
HgzHYzNQ,2026-04-18 20:18:10+00:00,bat1skaf,aholeinthewor1d,bat1skaf,black,1-0,loss,,blitz,,Standard,300+3,300.0,3.0,1239.0,1176.0,1239.0,-63.0,29,15,14,181.0,12.928571428571429,12.5,0.0,,0.0,1.0,Ponziani Opening: Jaenisch Counterattack,Normal
4D8OwCv0,2026-04-18 20:36:24+00:00,bat1skaf,bat1skaf,parmod10,white,1-0,win,,blitz,,Standard,300+3,300.0,3.0,1170.0,1086.0,1086.0,84.0,29,15,15,186.0,12.4,8.0,0.0,0.11642857142857155,0.9333333333333333,1.0,"Italian Game: Two Knights Defense, Knight Attack, Normal Variation",Normal
gEnoDf6w,2026-04-18 20:54:08+00:00,bat1skaf,petit1977,bat1skaf,black,1-0,loss,,blitz,,Standard,300+3,300.0,3.0,1150.0,1176.0,1150.0,26.0,57,29,28,363.0,12.964285714285714,6.0,0.07142857142857142,0.6385714285714286,1.0,1.0,Queen's Gambit Declined,Normal
W5rDVINX,2026-04-18 21:05:52+00:00,bat1skaf,sblade1903,bat1skaf,black,0-1,win,,blitz,,Standard,300+3,300.0,3.0,1154.0,1167.0,1154.0,13.0,74,37,37,252.0,6.8108108108108105,4.0,0.0,0.49027027027027026,1.0,1.0,Italian Game: Giuoco Piano,Time forfeit
UwtjFVTQ,2026-04-18 21:20:37+00:00,bat1skaf,bat1skaf,Ahmed2Xd,white,1-0,win,,blitz,,Standard,300+3,300.0,3.0,1175.0,1293.0,1293.0,-118.0,39,20,20,215.0,10.75,7.0,0.0,0.5626315789473684,0.95,1.0,Italian Game: Classical Variation,Normal
f6Gw7Yl2,2026-04-18 21:29:14+00:00,bat1skaf,bat1skaf,batteria,white,0-1,loss,,blitz,,Standard,300+3,300.0,3.0,1185.0,1238.0,1238.0,-53.0,66,33,33,394.0,11.93939393939394,8.0,0.2727272727272727,0.6859375,0.9696969696969697,1.0,Italian Game,Time forfeit
lSvEgn5H,2026-04-18 22:15:42+00:00,bat1skaf,ultravoilet9,bat1skaf,black,0-1,win,,blitz,,Standard,300+3,300.0,3.0,1210.0,1179.0,1210.0,-31.0,20,10,10,90.0,9.0,5.0,0.0,,0.0,1.0,Queen's Gambit Declined,Normal
a7VWonae,2026-04-18 22:18:41+00:00,bat1skaf,bat1skaf,HACIENDADAY,white,1-0,win,,blitz,,Standard,300+3,300.0,3.0,1187.0,1153.0,1153.0,34.0,89,45,45,410.0,9.11111111111111,8.0,0.24444444444444444,0.3884090909090909,0.9777777777777777,1.0,Sicilian Defense: Hyperaccelerated Dragon,Normal
TYHcScQk,2026-04-18 22:32:28+00:00,bat1skaf,StanBerski63,bat1skaf,black,1-0,loss,,blitz,,Standard,300+3,300.0,3.0,1204.0,1193.0,1204.0,-11.0,66,33,33,381.0,11.545454545454545,8.0,0.06060606060606061,0.6918181818181818,1.0,1.0,Hungarian Opening,Normal
Y3RiuKtB,2026-04-20 16:54:00+00:00,bat1skaf,Morp,bat1skaf,black,1-0,loss,,blitz,,Standard,300+3,300.0,3.0,1073.0,1187.0,1073.0,114.0,49,25,24,340.0,14.166666666666666,9.5,0.0,,0.0,1.0,Italian Game: Scotch Invitation Declined,Normal
UHZBfAwB,2026-04-20 18:17:42+00:00,bat1skaf,bat1skaf,NewVinci,white,1-0,win,,blitz,,Standard,300+3,300.0,3.0,1177.0,1157.0,1157.0,20.0,29,15,15,106.0,7.066666666666666,3.0,0.0,,0.0,1.0,Italian Game: Anti-Fried Liver Defense,Normal
m4gOiAK6,2026-04-20 18:23:04+00:00,bat1skaf,bat1skaf,didis5229,white,1-0,win,,blitz,,Standard,300+3,300.0,3.0,1184.0,1144.0,1144.0,40.0,47,24,24,289.0,12.041666666666666,11.5,0.0,,0.0,1.0,"Italian Game: Two Knights Defense, Knight Attack, Normal Variation",Time forfeit
VIWtwmgQ,2026-04-20 19:35:56+00:00,bat1skaf,jim207,bat1skaf,black,0-1,win,,blitz,,Standard,300+3,300.0,3.0,1149.0,1190.0,1149.0,41.0,50,25,25,281.0,11.24,10.0,0.0,0.3095833333333334,0.96,1.0,"Ruy Lopez: Berlin Defense, Beverwijk Variation",Normal
ogX24ggn,2026-04-20 19:47:20+00:00,bat1skaf,bat1skaf,TorreBB,white,0-1,loss,,blitz,,Standard,300+3,300.0,3.0,1196.0,1197.0,1197.0,-1.0,58,29,29,372.0,12.827586206896552,9.0,0.1724137931034483,1.0857142857142856,0.9655172413793104,1.0,"Italian Game: Two Knights Defense, Ponziani-Steinitz Gambit",Normal
gfNGi3Tx,2026-04-20 20:03:58+00:00,bat1skaf,Dewin4,bat1skaf,black,1-0,loss,,blitz,,Standard,300+3,300.0,3.0,1189.0,1189.0,1189.0,0.0,41,21,20,251.0,12.55,8.0,0.0,,0.0,1.0,Scotch Game: Göring Gambit,Normal
QHIY4q1y,2026-04-20 21:12:57+00:00,bat1skaf,bat1skaf,loloetalex,white,1-0,win,,blitz,,Standard,300+3,300.0,3.0,1183.0,1210.0,1210.0,-27.0,29,15,15,93.0,6.2,4.0,0.0,,0.0,1.0,French Defense: Exchange Variation,Normal
k9ggzZch,2026-04-20 21:16:16+00:00,bat1skaf,willou84,bat1skaf,black,1/2-1/2,draw,,blitz,,Standard,300+3,300.0,3.0,1233.0,1190.0,1233.0,-43.0,58,29,29,315.0,10.862068965517242,8.0,0.0,0.2479310344827586,1.0,1.0,French Defense: Marshall Gambit,Normal
8QRg0Mrz,2026-04-20 21:27:57+00:00,bat1skaf,seednull,bat1skaf,black,1-0,loss,,blitz,,Standard,300+3,300.0,3.0,1137.0,1191.0,1137.0,54.0,41,21,20,205.0,10.25,7.0,0.0,,0.0,1.0,Horwitz Defense,Normal
BpQW9EOJ,2026-04-20 21:34:48+00:00,bat1skaf,bat1skaf,tuimil22,white,0-1,loss,,blitz,,Standard,300+3,300.0,3.0,1184.0,1314.0,1314.0,-130.0,60,30,30,360.0,12.0,8.5,0.03333333333333333,,0.0,1.0,Italian Game: Anti-Fried Liver Defense,Normal
XC6CAd5j,2026-04-21 19:54:44+00:00,bat1skaf,bat1skaf,faracvilon,white,1-0,win,,blitz,,Standard,300+3,300.0,3.0,1179.0,1253.0,1253.0,-74.0,15,8,8,65.0,8.125,6.0,0.0,,0.0,1.0,French Defense: Exchange Variation,Time forfeit
poEPKZ9M,2026-04-21 20:01:05+00:00,bat1skaf,bat1skaf,morfey52,white,1-0,win,,blitz,,Standard,300+3,300.0,3.0,1187.0,1139.0,1139.0,48.0,59,30,30,361.0,12.033333333333333,7.5,0.03333333333333333,0.49071428571428566,0.9333333333333333,1.0,Italian Game,Normal
9ySR9W7N,2026-04-21 20:51:17+00:00,bat1skaf,Shaufler,bat1skaf,black,0-1,win,,blitz,,Standard,300+3,300.0,3.0,1192.0,1192.0,1192.0,0.0,136,68,68,491.0,7.220588235294118,5.5,0.25,0.38388059701492533,0.9852941176470589,1.0,Scotch Game,Normal
tqICSL5D,2026-04-22 12:52:56+00:00,bat1skaf,ztirf1963,bat1skaf,black,0-1,win,,blitz,,Standard,300+3,300.0,3.0,1226.0,1198.0,1226.0,-28.0,174,87,87,505.0,5.804597701149425,3.0,0.011494252873563218,2.4043023255813956,0.9885057471264368,1.0,Queen's Gambit Declined,Normal
b0vDFXc5,2026-04-22 13:20:23+00:00,bat1skaf,bat1skaf,namelessKDN,white,1-0,win,,blitz,,Standard,300+3,300.0,3.0,1205.0,1226.0,1226.0,-21.0,23,12,12,135.0,11.25,6.5,0.0,0.641,0.8333333333333334,1.0,French Defense: Normal Variation,Normal
rm0OZjvi,2026-04-22 13:25:00+00:00,bat1skaf,dyunyakoenig,bat1skaf,black,0-1,win,,blitz,,Standard,300+3,300.0,3.0,1175.0,1211.0,1175.0,36.0,34,17,17,142.0,8.352941176470589,3.0,0.0,0.118235294117647,1.0,1.0,"Italian Game: Giuoco Pianissimo, Normal",Normal
y40WXGNa,2026-04-22 18:32:09+00:00,bat1skaf,bat1skaf,jay1337,white,1-0,win,,blitz,,Standard,300+3,300.0,3.0,1216.0,1264.0,1264.0,-48.0,47,24,24,335.0,13.958333333333334,7.0,0.0,0.3369565217391305,0.9583333333333334,1.0,Caro-Kann Defense,Time forfeit
oEWTqu5y,2026-04-22 20:06:17+00:00,bat1skaf,alp_arslan-M,bat1skaf,black,1-0,loss,,blitz,,Standard,300+3,300.0,3.0,1223.0,1222.0,1223.0,-1.0,25,13,12,172.0,14.333333333333334,5.0,0.0,,0.0,1.0,Four Knights Game: Italian Variation,Normal
KnnticDQ,2026-04-22 20:11:40+00:00,bat1skaf,asdasfee3,bat1skaf,black,0-1,win,,blitz,,Standard,300+3,300.0,3.0,1193.0,1217.0,1193.0,24.0,44,22,22,278.0,12.636363636363637,8.0,0.0,,0.0,1.0,Queen's Gambit Declined: Tarrasch Defense,Normal
YM8V91Vv,2026-04-22 20:21:56+00:00,bat1skaf,bat1skaf,pierre-georges,white,1/2-1/2,draw,,blitz,,Standard,300+3,300.0,3.0,1222.0,1253.0,1253.0,-31.0,38,19,19,333.0,17.526315789473685,10.0,0.10526315789473684,,0.0,1.0,"Scandinavian Defense: Modern Variation, Gipslis Variation",Normal
RuCIYDDA,2026-04-22 20:35:30+00:00,bat1skaf,unknownera,bat1skaf,black,0-1,win,,blitz,,Standard,300+3,300.0,3.0,1163.0,1223.0,1163.0,60.0,124,62,62,442.0,7.129032258064516,3.0,0.43548387096774194,0.32295081967213113,0.9838709677419355,1.0,French Defense: Marshall Gambit,Normal
Vt9bDZfI,2026-04-22 20:54:10+00:00,bat1skaf,bat1skaf,Lepreux,white,1-0,win,,blitz,,Standard,300+3,300.0,3.0,1228.0,1208.0,1208.0,20.0,123,62,62,452.0,7.290322580645161,4.0,0.45161290322580644,0.5552459016393443,0.9838709677419355,1.0,Pirc Defense,Normal
1nCESESL,2026-04-22 21:13:26+00:00,bat1skaf,bat1skaf,Chillcappucino,white,1-0,win,,blitz,,Standard,300+3,300.0,3.0,1233.0,1272.0,1272.0,-39.0,15,8,8,35.0,4.375,1.5,0.0,,0.0,1.0,Italian Game: Classical Variation,Normal
t37ZNq83,2026-04-22 21:15:28+00:00,bat1skaf,bat1skaf,cdeussen,white,1-0,win,,blitz,,Standard,300+3,300.0,3.0,1239.0,1136.0,1136.0,103.0,22,11,11,132.0,12.0,10.0,0.0,0.16799999999999998,0.9090909090909091,1.0,Italian Game: Anti-Fried Liver Defense,Normal
KXreOu2j,2026-04-22 21:19:48+00:00,bat1skaf,kitaro35,bat1skaf,black,0-1,win,,blitz,,Standard,300+3,300.0,3.0,1204.0,1243.0,1204.0,39.0,74,37,37,372.0,10.054054054054054,6.0,0.0,0.6644444444444445,0.972972972972973,1.0,Scotch Game,Normal
FKVEnG0z,2026-04-23 14:19:48+00:00,bat1skaf,bat1skaf,Mehmet_Muhammet,white,0-1,loss,,blitz,,Standard,300+3,300.0,3.0,1248.0,1250.0,1250.0,-2.0,58,29,29,380.0,13.10344827586207,9.0,0.27586206896551724,0.5596428571428571,0.9655172413793104,1.0,Italian Game: Anti-Fried Liver Defense,Time forfeit
dt0gJq1G,2026-04-23 14:58:26+00:00,bat1skaf,bat1skaf,Megh23,white,1-0,win,,blitz,,Standard,300+3,300.0,3.0,1242.0,1261.0,1261.0,-19.0,67,34,34,366.0,10.764705882352942,9.0,0.0,,0.0,1.0,Sicilian Defense: Modern Variations,Normal
8nKoREjw,2026-04-23 15:08:20+00:00,bat1skaf,Toonie55,bat1skaf,black,1-0,loss,,blitz,,Standard,300+3,300.0,3.0,1282.0,1248.0,1282.0,-34.0,133,67,66,472.0,7.151515151515151,3.5,0.6060606060606061,2.053787878787879,1.0,1.0,Bird Opening,Normal
CR2furUb,2026-04-23 17:12:58+00:00,bat1skaf,fs_drill,bat1skaf,black,0-1,win,,blitz,,Standard,300+3,300.0,3.0,1244.0,1243.0,1244.0,-1.0,14,7,7,67.0,9.571428571428571,6.0,0.0,,0.0,1.0,Bishop's Opening: Vienna Hybrid,Normal
S8m0WCGz,2026-04-23 17:15:29+00:00,bat1skaf,TejaHSE,bat1skaf,black,1-0,loss,,blitz,,Standard,300+3,300.0,3.0,1341.0,1249.0,1341.0,-92.0,55,28,27,325.0,12.037037037037036,9.0,0.0,,0.0,1.0,Queen's Pawn Game: Chigorin Variation,Normal
ZibJ08kW,2026-04-24 16:33:51+00:00,bat1skaf,djgj49866,bat1skaf,black,0-1,win,,blitz,,Standard,300+3,300.0,3.0,1250.0,1245.0,1250.0,-5.0,100,50,50,418.0,8.36,5.5,0.0,0.1583673469387755,0.98,1.0,Four Knights Game: Italian Variation,Normal
5vPG5W1g,2026-04-24 16:47:35+00:00,bat1skaf,bat1skaf,SasaPopovic,white,0-1,loss,,blitz,,Standard,300+3,300.0,3.0,1251.0,1259.0,1259.0,-8.0,152,76,76,483.0,6.355263157894737,3.0,0.27631578947368424,3.363066666666667,0.9868421052631579,1.0,Italian Game: Classical Variation,Normal
lKkKPOx5,2026-04-24 17:48:04+00:00,bat1skaf,vladgol93,bat1skaf,black,0-1,win,,blitz,,Standard,300+3,300.0,3.0,1247.0,1245.0,1247.0,-2.0,64,32,32,378.0,11.8125,6.0,0.28125,0.26156250000000003,1.0,1.0,Scotch Game,Normal
CE41fGJB,2026-04-24 18:01:41+00:00,bat1skaf,bat1skaf,mattmiller00,white,0-1,loss,,blitz,,Standard,300+3,300.0,3.0,1251.0,1218.0,1218.0,33.0,90,45,45,432.0,9.818181818181818,6.0,0.5333333333333333,0.8618181818181818,0.9777777777777777,0.9777777777777777,Sicilian Defense: Old Sicilian,Normal
zyLXGwpu,2026-04-24 18:27:25+00:00,bat1skaf,sngf,bat1skaf,black,0-1,win,,blitz,,Standard,300+3,300.0,3.0,1242.0,1245.0,1242.0,3.0,26,13,13,136.0,10.461538461538462,6.0,0.0,0.8546153846153847,1.0,1.0,Queen's Gambit Declined,Time forfeit
K6iTZztE,2026-04-24 18:37:20+00:00,bat1skaf,bat1skaf,Vilapa77,white,0-1,loss,,blitz,,Standard,300+3,300.0,3.0,1251.0,1219.0,1219.0,32.0,54,27,27,374.0,13.851851851851851,11.0,0.18518518518518517,0.7103846153846154,0.9629629629629629,1.0,Philidor Defense,Time forfeit
PHLR9bOW,2026-04-24 18:48:19+00:00,bat1skaf,bat1skaf,fs_drill,white,0-1,loss,,blitz,,Standard,300+3,300.0,3.0,1244.0,1218.0,1218.0,26.0,34,17,17,197.0,11.588235294117647,10.0,0.0,0.614375,0.9411764705882353,1.0,Caro-Kann Defense: Endgame Offer,Normal
rqilxjcO,2026-04-24 19:11:23+00:00,bat1skaf,Cesardaga,bat1skaf,black,1-0,loss,,blitz,,Standard,300+3,300.0,3.0,1339.0,1238.0,1339.0,-101.0,82,41,41,441.0,11.025,6.0,0.21951219512195122,1.1370731707317072,1.0,0.975609756097561,Scotch Game,Normal
xtYJTyuZ,2026-04-24 19:23:52+00:00,bat1skaf,bat1skaf,Numi_1003,white,0-1,loss,,blitz,,Standard,300+3,300.0,3.0,1234.0,1235.0,1235.0,-1.0,64,32,32,387.0,12.09375,8.0,0.15625,,0.0,1.0,Sicilian Defense: Modern Variations,Time forfeit
XXYrIynY,2026-04-24 20:13:55+00:00,bat1skaf,bat1skaf,Barabayka,white,1-0,win,,blitz,,Standard,300+3,300.0,3.0,1228.0,1214.0,1214.0,14.0,85,43,43,408.0,9.488372093023257,6.0,0.09302325581395349,3.4142857142857146,0.9767441860465116,1.0,French Defense: Knight Variation,Normal
SGUoHy1R,2026-04-24 20:24:11+00:00,bat1skaf,spaxe7,bat1skaf,black,1-0,loss,,blitz,,Standard,300+3,300.0,3.0,1237.0,1234.0,1237.0,-3.0,77,39,38,409.0,10.763157894736842,6.5,0.39473684210526316,,0.0,1.0,Queen's Gambit Declined,Normal
CBwESYYc,2026-04-24 20:40:13+00:00,bat1skaf,bat1skaf,King1731,white,0-1,loss,,blitz,,Standard,300+3,300.0,3.0,1228.0,1196.0,1196.0,32.0,40,20,20,266.0,14.0,11.0,0.0,,0.0,0.95,Sicilian Defense: Old Sicilian,Normal
06s2uRSX,2026-04-24 20:54:34+00:00,bat1skaf,przemekjs,bat1skaf,black,0-1,win,,blitz,,Standard,300+3,300.0,3.0,1211.0,1222.0,1211.0,11.0,36,18,18,228.0,12.666666666666666,6.0,0.0,0.27555555555555555,1.0,1.0,Italian Game: Classical Variation,Time forfeit
yRwSIE1c,2026-04-24 21:04:00+00:00,bat1skaf,Camoshablamo,bat1skaf,black,0-1,win,,blitz,,Standard,300+3,300.0,3.0,1206.0,1228.0,1206.0,22.0,41,21,20,169.0,8.45,4.5,0.0,,0.0,1.0,French Defense: Exchange Variation,Normal
eBbmrP5f,2026-04-24 21:11:50+00:00,bat1skaf,MXLAT,bat1skaf,black,1-0,loss,,blitz,,Standard,300+3,300.0,3.0,1232.0,1233.0,1232.0,1.0,55,28,27,374.0,13.851851851851851,13.0,0.14814814814814814,0.9233333333333333,1.0,1.0,Italian Game: Giuoco Piano,Normal
nm6DN0HO,2026-04-24 21:24:45+00:00,bat1skaf,bat1skaf,bkoar,white,0-1,loss,,blitz,,Standard,300+3,300.0,3.0,1228.0,1229.0,1229.0,-1.0,42,21,21,179.0,8.523809523809524,5.0,0.0,,0.0,1.0,Sicilian Defense: Modern Variations,Normal
ntkt8iGd,2026-04-24 21:29:33+00:00,bat1skaf,bat1skaf,hrbatman,white,1-0,win,,blitz,,Standard,300+3,300.0,3.0,1222.0,1204.0,1204.0,18.0,131,66,66,448.0,6.787878787878788,3.0,0.36363636363636365,0.436875,0.9696969696969697,1.0,Philidor Defense,Normal
ywh3UfIa,2026-04-24 21:45:15+00:00,bat1skaf,MPSH03,bat1skaf,black,1-0,loss,,blitz,,Standard,300+3,300.0,3.0,1234.0,1227.0,1234.0,-7.0,75,38,37,398.0,10.756756756756756,10.0,0.10810810810810811,0.6945945945945946,1.0,1.0,"English Opening: Four Knights System, Nimzowitsch Variation",Normal
sVcYbumM,2026-04-25 09:52:16+00:00,bat1skaf,FeinerReiner,bat1skaf,black,1-0,loss,,blitz,,Standard,300+3,300.0,3.0,1214.0,1222.0,1214.0,8.0,87,44,43,418.0,9.720930232558139,4.0,0.5348837209302325,0.5006976744186047,1.0,1.0,Four Knights Game: Italian Variation,Normal
LAOMVIsZ,2026-04-25 10:12:47+00:00,bat1skaf,bat1skaf,aadvaark,white,1-0,win,,blitz,,Standard,300+3,300.0,3.0,1216.0,1217.0,1217.0,-1.0,23,12,12,97.0,8.083333333333334,4.0,0.0,0.3436363636363637,0.9166666666666666,1.0,Italian Game: Classical Variation,Normal
ymHTkkfJ,2026-04-25 10:17:02+00:00,bat1skaf,Zeldjuk,bat1skaf,black,1-0,loss,,blitz,,Standard,300+3,300.0,3.0,1238.0,1222.0,1238.0,-16.0,43,22,21,257.0,12.238095238095237,13.0,0.0,0.6619047619047619,1.0,1.0,Scotch Game,Normal
s6rlf2Wg,2026-04-25 10:26:35+00:00,bat1skaf,bat1skaf,dankrei,white,1-0,win,,blitz,,Standard,300+3,300.0,3.0,1216.0,1194.0,1194.0,22.0,31,16,16,182.0,11.375,7.0,0.0,0.12133333333333335,0.9375,1.0,Petrov's Defense: Stafford Gambit,Normal
otQ57jO6,2026-04-25 10:32:44+00:00,bat1skaf,shahmati365,bat1skaf,black,1/2-1/2,draw,,blitz,,Standard,300+3,300.0,3.0,1226.0,1222.0,1226.0,-4.0,128,64,64,473.0,7.390625,6.0,0.4375,0.77640625,1.0,1.0,King's Knight Opening: Normal Variation,Normal
NNpswvd3,2026-04-25 19:22:50+00:00,bat1skaf,bat1skaf,nicolatar,white,1-0,win,,blitz,,Standard,300+3,300.0,3.0,1222.0,1222.0,1222.0,0.0,62,31,31,258.0,8.32258064516129,5.0,0.0,0.2316666666666666,0.967741935483871,1.0,Italian Game: Classical Variation,Normal
updkCXhf,2026-04-25 19:35:06+00:00,bat1skaf,bat1skaf,habelsson,white,0-1,loss,,blitz,,Standard,300+3,300.0,3.0,1227.0,1173.0,1173.0,54.0,38,19,19,224.0,11.789473684210526,10.0,0.0,,0.0,1.0,Caro-Kann Defense: Endgame Offer,Normal
EbO9Li8v,2026-04-25 19:50:05+00:00,bat1skaf,yashmpa,bat1skaf,black,1/2-1/2,draw,,blitz,,Standard,300+3,300.0,3.0,1315.0,1221.0,1315.0,-94.0,113,57,56,451.0,8.2,5.0,0.2857142857142857,0.5219642857142858,1.0,0.9821428571428571,Saragossa Opening,Normal
4pDAewRA,2026-04-26 20:12:58+00:00,bat1skaf,ALEKSEY136rus,bat1skaf,black,1-0,loss,,blitz,,Standard,300+3,300.0,3.0,1228.0,1222.0,1228.0,-6.0,107,54,53,355.0,6.69811320754717,5.0,0.0,0.6998113207547169,1.0,1.0,King's Pawn Game: Schulze-Müller Gambit,Normal
AcPSH62H,2026-04-27 20:16:57+00:00,bat1skaf,bat1skaf,Joseph_adeb,white,0-1,loss,,blitz,,Standard,300+3,300.0,3.0,1217.0,1228.0,1228.0,-11.0,14,7,7,130.0,18.571428571428573,13.0,0.0,,0.0,1.0,Italian Game: Blackburne-Kostić Gambit,Normal
0uyoUg2j,2026-04-27 20:20:45+00:00,bat1skaf,bat1skaf,GallantEye,white,0-1,loss,,blitz,,Standard,300+3,300.0,3.0,1211.0,1236.0,1236.0,-25.0,10,5,5,28.0,5.6,3.0,0.0,,0.0,1.0,Petrov's Defense,Normal
zMe3auJI,2026-04-27 20:23:14+00:00,bat1skaf,bat1skaf,Bo_cha,white,1/2-1/2,draw,,blitz,,Standard,300+3,300.0,3.0,1205.0,1198.0,1198.0,7.0,98,49,49,424.0,8.653061224489797,6.0,0.40816326530612246,0.5458333333333333,0.9795918367346939,1.0,Petrov's Defense: Stafford Gambit,Normal
iSIqnlSg,2026-04-27 20:54:04+00:00,bat1skaf,regenirator,bat1skaf,black,0-1,win,,blitz,,Standard,300+3,300.0,3.0,1199.0,1205.0,1199.0,6.0,78,39,39,385.0,9.871794871794872,8.0,0.0,0.281025641025641,1.0,1.0,French Defense: King's Indian Attack,Normal
3ASPBo29,2026-04-27 21:12:48+00:00,bat1skaf,bat1skaf,Spongy_Bo,white,1-0,win,,blitz,,Standard,300+3,300.0,3.0,1211.0,1221.0,1221.0,-10.0,55,28,28,344.0,12.285714285714286,9.0,0.0,0.37884615384615383,0.9285714285714286,1.0,Caro-Kann Defense: Main Line,Normal
kO2q9bl4,2026-04-27 21:26:22+00:00,bat1skaf,bat1skaf,AlexPPPPP,white,1-0,win,,blitz,,Standard,300+3,300.0,3.0,1217.0,1130.0,1130.0,87.0,65,33,33,338.0,10.242424242424242,8.0,0.0,0.29741935483870985,0.9393939393939394,1.0,French Defense: Normal Variation,Normal
EArg8xiN,2026-04-27 21:36:44+00:00,bat1skaf,stevebgreek4,bat1skaf,black,1-0,loss,,blitz,,Standard,300+3,300.0,3.0,1255.0,1221.0,1255.0,-34.0,95,48,47,432.0,9.191489361702128,4.0,0.48936170212765956,0.5091489361702127,1.0,1.0,"French Defense: Advance Variation, Nimzowitsch System",Normal
hnsqW5eG,2026-04-27 22:03:29+00:00,bat1skaf,Tharmi250,bat1skaf,black,0-1,win,,blitz,,Standard,300+3,300.0,3.0,1194.0,1216.0,1194.0,22.0,94,47,47,432.0,9.191489361702128,6.0,0.574468085106383,0.9565957446808511,1.0,1.0,Queen's Gambit Declined,Time forfeit
48HS55lo,2026-04-28 17:34:42+00:00,bat1skaf,bat1skaf,poenatus1,white,0-1,loss,,blitz,,Standard,300+3,300.0,3.0,1221.0,1220.0,1220.0,1.0,122,61,61,444.0,7.278688524590164,4.0,0.4262295081967213,,0.0,1.0,Scandinavian Defense: Mieses-Kotroc Variation,Normal
UHcF15QL,2026-04-29 15:30:01+00:00,bat1skaf,bat1skaf,Inno-Institute,white,1-0,win,,blitz,,Standard,300+3,300.0,3.0,1215.0,1134.0,1134.0,81.0,15,8,8,24.0,3.0,2.0,0.0,,0.0,1.0,French Defense: Exchange Variation,Normal
UawkVBqM,2026-04-29 15:31:05+00:00,bat1skaf,torgoms,bat1skaf,black,0-1,win,,blitz,,Standard,300+3,300.0,3.0,1200.0,1219.0,1200.0,19.0,82,41,41,411.0,10.024390243902438,7.0,0.14634146341463414,0.44414634146341464,1.0,1.0,"Queen's Pawn Game: London System, with e6",Time forfeit
YJf9xpZH,2026-04-29 15:46:15+00:00,bat1skaf,bat1skaf,frannn87,white,1-0,win,,blitz,,Standard,300+3,300.0,3.0,1225.0,1275.0,1275.0,-50.0,27,14,14,121.0,8.642857142857142,5.5,0.0,0.1776923076923078,0.9285714285714286,1.0,"Italian Game: Two Knights Defense, Knight Attack",Normal
VMbAKSrR,2026-04-29 17:23:01+00:00,bat1skaf,bat1skaf,Pupsikvk,white,0-1,loss,,blitz,,Standard,300+3,300.0,3.0,1231.0,1242.0,1242.0,-11.0,30,15,15,209.0,13.933333333333334,10.0,0.0,,0.0,1.0,"Scandinavian Defense: Main Line, Mieses Variation",Normal
pnheHLlT,2026-04-29 17:28:33+00:00,bat1skaf,bat1skaf,ruifonseca15,white,1-0,win,,blitz,,Standard,300+3,300.0,3.0,1226.0,1334.0,1334.0,-108.0,35,18,18,251.0,13.944444444444445,8.5,0.0,0.4370588235294118,0.9444444444444444,1.0,Pirc Defense: Classical Variation,Normal
wAPzJpJh,2026-04-29 17:38:13+00:00,bat1skaf,Keshav_121,bat1skaf,black,0-1,win,,blitz,,Standard,300+3,300.0,3.0,1295.0,1233.0,1295.0,-62.0,32,16,16,312.0,19.5,18.0,0.0,0.39749999999999996,1.0,1.0,Scotch Game,Time forfeit
ixuBduYJ,2026-04-29 18:04:21+00:00,bat1skaf,bat1skaf,Coffeedude2457,white,1-0,win,,blitz,,Standard,300+3,300.0,3.0,1240.0,1247.0,1247.0,-7.0,18,9,9,62.0,6.888888888888889,3.0,0.0,0.22125,0.8888888888888888,1.0,"Italian Game: Two Knights Defense, Knight Attack, Normal Variation",Normal
nInZJVd9,2026-04-29 18:06:31+00:00,bat1skaf,Eraserhead000,bat1skaf,black,0-1,win,,blitz,,Standard,300+3,300.0,3.0,1285.0,1245.0,1285.0,-40.0,66,33,33,386.0,11.696969696969697,7.0,0.30303030303030304,0.31636363636363635,1.0,1.0,Zukertort Opening: Black Mustang Defense,Time forfeit
KaGaI7cy,2026-05-04 10:59:41+00:00,bat1skaf,bat1skaf,Ge0_Ge0,white,1/2-1/2,draw,,blitz,,Standard,300+3,300.0,3.0,1252.0,1204.0,1204.0,48.0,141,71,71,505.0,7.112676056338028,3.0,0.6197183098591549,0.4942857142857142,0.9859154929577465,1.0,French Defense: Exchange Variation,Normal
CnIIeKxV,2026-05-05 18:53:06+00:00,bat1skaf,maxwellpolish,bat1skaf,black,0-1,win,,blitz,,Standard,300+3,300.0,3.0,1272.0,1251.0,1272.0,-21.0,88,44,44,415.0,9.431818181818182,5.5,0.4318181818181818,0.5679545454545454,1.0,1.0,Four Knights Game: Italian Variation,Normal
YGXvd2Tr,2026-05-05 19:11:26+00:00,bat1skaf,bat1skaf,FlyingCloggy,white,1-0,win,,blitz,,Standard,300+3,300.0,3.0,1258.0,1255.0,1255.0,3.0,21,11,11,82.0,7.454545454545454,3.0,0.0,0.14099999999999996,0.9090909090909091,1.0,French Defense: Exchange Variation,Normal
B3Vxmmux,2026-05-05 19:15:31+00:00,bat1skaf,bat1skaf,caracaxas,white,1-0,win,,blitz,,Standard,300+3,300.0,3.0,1264.0,1313.0,1313.0,-49.0,39,20,20,225.0,11.25,7.0,0.0,0.09947368421052634,0.95,1.0,"Italian Game: Two Knights Defense, Knight Attack, Normal Variation",Normal
AcP1HQb1,2026-05-05 19:30:03+00:00,bat1skaf,myrmeks,bat1skaf,black,1-0,loss,,blitz,,Standard,300+3,300.0,3.0,1335.0,1271.0,1335.0,-64.0,45,23,22,349.0,15.863636363636363,13.0,0.09090909090909091,0.3618181818181818,1.0,1.0,Scotch Game,Normal
Q3eFyZbp,2026-05-05 19:51:34+00:00,bat1skaf,Waldaninsky,bat1skaf,black,1-0,loss,,blitz,,Standard,300+3,300.0,3.0,1261.0,1266.0,1261.0,5.0,43,22,21,360.0,17.142857142857142,12.0,0.14285714285714285,0.6119047619047618,1.0,1.0,"French Defense: Advance Variation, Nimzowitsch System",Time forfeit
JijTzeHc,2026-05-05 20:02:15+00:00,bat1skaf,bat1skaf,Lelik333000333,white,0-1,loss,,blitz,,Standard,300+3,300.0,3.0,1260.0,1239.0,1239.0,21.0,75,38,38,401.0,10.552631578947368,7.0,0.18421052631578946,0.45540540540540536,0.9736842105263158,1.0,Caro-Kann Defense: Classical Variation,Normal
1lWTbBR5,2026-05-05 20:15:43+00:00,bat1skaf,bat1skaf,Aleksandar_2809,white,1-0,win,,blitz,,Standard,300+3,300.0,3.0,1254.0,1163.0,1163.0,91.0,52,26,26,225.0,8.653846153846153,4.0,0.0,,0.0,1.0,Owen Defense,Normal
hk01ele2,2026-05-05 20:23:55+00:00,bat1skaf,PepeGuindalera,bat1skaf,black,0-1,win,,blitz,,Standard,300+3,300.0,3.0,1282.0,1258.0,1282.0,-24.0,30,15,15,181.0,12.066666666666666,6.0,0.0,,0.0,1.0,Horwitz Defense,Normal
0j4oMw1U,2026-05-05 20:34:52+00:00,bat1skaf,bat1skaf,clopezc110,white,1-0,win,,blitz,,Standard,300+3,300.0,3.0,1264.0,1267.0,1267.0,-3.0,107,54,54,439.0,8.12962962962963,4.5,0.42592592592592593,0.8879245283018867,0.9814814814814815,1.0,Caro-Kann Defense: Main Line,Normal
0LSdHn78,2026-05-05 20:51:51+00:00,bat1skaf,Odogodo,bat1skaf,black,0-1,win,,blitz,,Standard,300+3,300.0,3.0,1262.0,1270.0,1262.0,8.0,92,46,46,420.0,9.130434782608695,4.5,0.43478260869565216,2.326739130434783,1.0,1.0,Italian Game: Classical Variation,Normal
EyXrCOSh,2026-05-07 20:42:03+00:00,bat1skaf,kaagesen,bat1skaf,black,0-1,win,,blitz,,Standard,300+3,300.0,3.0,1298.0,1276.0,1298.0,-22.0,30,15,15,106.0,7.066666666666666,5.0,0.0,0.13133333333333336,1.0,1.0,"Italian Game: Giuoco Pianissimo, Normal",Normal
y1EwNQzu,2026-05-07 21:06:30+00:00,bat1skaf,pfizer2071,bat1skaf,black,0-1,win,,blitz,,Standard,300+3,300.0,3.0,1298.0,1282.0,1298.0,-16.0,62,31,31,381.0,12.290322580645162,9.0,0.1935483870967742,0.2729032258064516,1.0,1.0,Ruy Lopez: Classical Variation,Time forfeit
H95us4Lo,2026-05-11 21:54:10+00:00,bat1skaf,bat1skaf,yesimaware,white,1-0,win,,blitz,,Standard,300+3,300.0,3.0,1288.0,1245.0,1245.0,43.0,49,25,25,336.0,13.44,11.0,0.0,0.3973913043478261,0.92,1.0,Italian Game: Classical Variation,Normal
ysETwcOI,2026-05-13 09:51:34+00:00,bat1skaf,SoccerEagle,bat1skaf,black,1/2-1/2,draw,,blitz,,Standard,300+3,300.0,3.0,1247.0,1294.0,1247.0,47.0,56,28,28,371.0,13.25,11.5,0.25,,0.0,1.0,Scotch Game: Haxo Gambit,Normal
M3tcOGU9,2026-05-13 10:04:46+00:00,bat1skaf,bat1skaf,furbio1791,white,0-1,loss,,blitz,,Standard,300+3,300.0,3.0,1293.0,1283.0,1283.0,10.0,54,27,27,353.0,13.074074074074074,9.0,0.037037037037037035,0.5842307692307693,0.9629629629629629,1.0,Italian Game: Rousseau Gambit,Normal
BeIUrLP7,2026-05-13 10:21:00+00:00,bat1skaf,asclepiade,bat1skaf,black,1-0,loss,,blitz,,Standard,300+3,300.0,3.0,1282.0,1287.0,1282.0,5.0,73,37,36,403.0,11.194444444444445,7.0,0.2777777777777778,,0.0,1.0,Horwitz Defense,Time forfeit
MiadJFYX,2026-05-13 11:06:51+00:00,bat1skaf,bat1skaf,BjornF,white,1-0,win,,blitz,,Standard,300+3,300.0,3.0,1280.0,1308.0,1308.0,-28.0,33,17,17,129.0,7.588235294117647,3.0,0.0,0.575625,0.9411764705882353,1.0,Italian Game: Anti-Fried Liver Defense,Normal
fRy2uyBp,2026-05-13 11:13:24+00:00,bat1skaf,bat1skaf,H1ghfiv3,white,1-0,win,,blitz,,Standard,300+3,300.0,3.0,1287.0,1384.0,1384.0,-97.0,97,49,49,429.0,8.755102040816327,4.0,0.3673469387755102,0.7279166666666667,0.9795918367346939,1.0,Sicilian Defense: Old Sicilian,Normal
BMn3Szw4,2026-05-13 11:33:17+00:00,bat1skaf,JW1089,bat1skaf,black,0-1,win,,blitz,,Standard,300+3,300.0,3.0,1319.0,1294.0,1319.0,-25.0,126,63,63,458.0,7.26984126984127,3.0,0.6349206349206349,0.7006349206349206,1.0,1.0,English Opening: Agincourt Defense,Normal
bcuRg8a8,2026-05-13 11:54:08+00:00,bat1skaf,Nishant464,bat1skaf,black,0-1,win,,blitz,,Standard,300+3,300.0,3.0,1261.0,1301.0,1261.0,40.0,32,16,16,209.0,13.0625,11.0,0.0,0.2525,1.0,1.0,Horwitz Defense,Normal
aWuzy59l,2026-05-13 12:01:28+00:00,bat1skaf,bat1skaf,jhinshel,white,1-0,win,,blitz,,Standard,300+3,300.0,3.0,1306.0,1269.0,1269.0,37.0,95,48,48,417.0,8.6875,4.0,0.3541666666666667,0.26893617021276583,0.9791666666666666,1.0,Caro-Kann Defense,Normal
vjwCIIfz,2026-05-13 12:16:29+00:00,bat1skaf,bat1skaf,Schle57,white,1-0,win,,blitz,,Standard,300+3,300.0,3.0,1311.0,1296.0,1296.0,15.0,113,57,57,446.0,7.824561403508772,3.0,0.47368421052631576,0.612,0.9649122807017544,1.0,Italian Game: Classical Variation,Normal
g4fp948S,2026-05-13 12:57:54+00:00,bat1skaf,esu1234,bat1skaf,black,0-1,win,,blitz,,Standard,300+3,300.0,3.0,1366.0,1317.0,1366.0,-49.0,60,30,30,376.0,12.533333333333333,8.0,0.16666666666666666,,0.0,1.0,"Ruy Lopez: Berlin Defense, Beverwijk Variation",Normal
cakumz3B,2026-05-13 13:13:50+00:00,bat1skaf,mrkirkland,bat1skaf,black,1-0,loss,,blitz,,Standard,300+3,300.0,3.0,1359.0,1323.0,1359.0,-36.0,49,25,24,367.0,15.291666666666666,14.0,0.125,0.7883333333333334,1.0,1.0,"Italian Game: Giuoco Pianissimo, Normal",Normal
QOV7aTvA,2026-05-13 13:57:16+00:00,bat1skaf,bat1skaf,pwrbauer,white,0-1,loss,,blitz,,Standard,300+3,300.0,3.0,1318.0,1399.0,1399.0,-81.0,116,58,58,446.0,7.689655172413793,4.0,0.603448275862069,,0.0,1.0,Petrov's Defense,Normal
udTZd48Q,2026-05-13 14:12:14+00:00,bat1skaf,bat1skaf,Amino87,white,0-1,loss,,blitz,,Standard,300+3,300.0,3.0,1314.0,1387.0,1387.0,-73.0,120,60,60,464.0,7.733333333333333,3.0,0.6666666666666666,0.8333898305084746,0.9833333333333333,1.0,French Defense: Normal Variation,Normal
g0MsN0dR,2026-05-16 15:47:39+00:00,bat1skaf,bat1skaf,urano7,white,1-0,win,,blitz,,Standard,300+3,300.0,3.0,1309.0,1314.0,1314.0,-5.0,107,54,54,430.0,7.962962962962963,3.0,0.5370370370370371,0.9807547169811321,0.9814814814814815,1.0,Italian Game: Classical Variation,Normal
Pvz6DD3t,2026-05-16 16:04:29+00:00,bat1skaf,biels-13,bat1skaf,black,0-1,win,,blitz,,Standard,300+3,300.0,3.0,1319.0,1315.0,1319.0,-4.0,88,44,44,412.0,9.363636363636363,3.0,0.4772727272727273,0.6654545454545454,1.0,1.0,English Opening: Agincourt Defense,Normal
PumHaJWo,2026-05-16 16:16:15+00:00,bat1skaf,ashok490,bat1skaf,black,0-1,win,,blitz,,Standard,300+3,300.0,3.0,1315.0,1321.0,1315.0,6.0,102,51,51,426.0,8.352941176470589,3.0,0.7254901960784313,3.442549019607843,1.0,1.0,"Ruy Lopez: Berlin Defense, Beverwijk Variation",Normal
RQCnahUo,2026-05-16 17:52:27+00:00,bat1skaf,WinnerUA,bat1skaf,black,1-0,loss,,blitz,,Standard,300+3,300.0,3.0,1353.0,1327.0,1353.0,-26.0,73,37,36,401.0,11.13888888888889,7.0,0.3055555555555556,0.9827777777777779,1.0,1.0,"Italian Game: Giuoco Pianissimo, Normal",Normal
gjFLP6Q8,2026-05-16 18:03:24+00:00,bat1skaf,bat1skaf,sserafino,white,0-1,loss,,blitz,,Standard,300+3,300.0,3.0,1322.0,1311.0,1311.0,11.0,66,33,33,391.0,11.848484848484848,9.0,0.15151515151515152,0.8184374999999999,0.9696969696969697,1.0,"Alekhine Defense: Modern Variation, Main Line",Time forfeit
s9tjtrRg,2026-05-16 18:15:09+00:00,bat1skaf,bat1skaf,Pagano80,white,1-0,win,,blitz,,Standard,300+3,300.0,3.0,1316.0,1304.0,1304.0,12.0,45,23,23,131.0,5.695652173913044,3.0,0.0,0.18636363636363643,0.9565217391304348,1.0,Italian Game: Classical Variation,Normal
ExEdghZA,2026-05-16 18:20:39+00:00,bat1skaf,Gilbert_777,bat1skaf,black,1-0,loss,,blitz,,Standard,300+3,300.0,3.0,1282.0,1321.0,1282.0,39.0,125,63,62,458.0,7.387096774193548,3.5,0.5483870967741935,,0.0,1.0,Horwitz Defense,Normal
uCdCBRPL,2026-05-16 20:22:14+00:00,bat1skaf,bat1skaf,lepolymath8855,white,1-0,win,,blitz,,Standard,300+3,300.0,3.0,1315.0,1206.0,1206.0,109.0,67,34,34,385.0,11.323529411764707,10.5,0.20588235294117646,0.4121212121212121,0.9705882352941176,1.0,French Defense: Franco-Sicilian Defense,Normal
FnQYOiuw,2026-05-16 20:36:34+00:00,bat1skaf,PhilaOmie,bat1skaf,black,0-1,win,,blitz,,Standard,300+3,300.0,3.0,1390.0,1319.0,1390.0,-71.0,62,31,31,382.0,12.32258064516129,10.0,0.25806451612903225,0.44633333333333336,0.967741935483871,1.0,Horwitz Defense,Normal
LyZyxVxq,2026-05-16 21:14:09+00:00,bat1skaf,bat1skaf,Mont01,white,0-1,loss,,blitz,,Standard,300+3,300.0,3.0,1326.0,1252.0,1252.0,74.0,52,26,26,350.0,13.461538461538462,8.5,0.07692307692307693,0.6008,0.9615384615384616,1.0,French Defense: Exchange Variation,Normal
6QEe2a9y,2026-05-16 21:26:40+00:00,bat1skaf,bat1skaf,kiai86,white,1-0,win,,blitz,,Standard,300+3,300.0,3.0,1319.0,1346.0,1346.0,-27.0,49,25,25,295.0,11.8,8.0,0.0,0.2770833333333333,0.96,1.0,Italian Game: Classical Variation,Normal
kQfgTihv,2026-05-16 21:36:05+00:00,bat1skaf,bat1skaf,Claudomir,white,1-0,win,,blitz,,Standard,300+3,300.0,3.0,1325.0,1259.0,1259.0,66.0,21,11,11,166.0,15.090909090909092,17.0,0.0,0.10300000000000005,0.9090909090909091,1.0,Italian Game: Paris Defense,Normal
do5acmAZ,2026-05-16 21:42:57+00:00,bat1skaf,Janani_jaanu,bat1skaf,black,1-0,loss,,blitz,,Standard,300+3,300.0,3.0,1418.0,1330.0,1418.0,-88.0,53,27,26,366.0,14.076923076923077,7.0,0.23076923076923078,0.441923076923077,1.0,1.0,Four Knights Game: Italian Variation,Normal
r7qQ49fu,2026-05-16 21:52:43+00:00,bat1skaf,Ampoo,bat1skaf,black,0-1,win,,blitz,,Standard,300+3,300.0,3.0,1217.0,1325.0,1217.0,108.0,54,27,27,355.0,13.148148148148149,10.0,0.037037037037037035,0.46407407407407414,1.0,1.0,French Defense: Queen's Knight,Time forfeit
dpJRWU7p,2026-05-17 07:57:53+00:00,bat1skaf,Kastani,bat1skaf,black,1-0,loss,,blitz,,Standard,300+3,300.0,3.0,1366.0,1330.0,1366.0,-36.0,35,18,17,213.0,12.529411764705882,3.0,0.0,0.6064705882352941,1.0,1.0,Four Knights Game: Italian Variation,Normal
VCOitHC6,2026-05-17 08:04:48+00:00,bat1skaf,bat1skaf,rodmartinez,white,0-1,loss,,blitz,,Standard,300+3,300.0,3.0,1325.0,1355.0,1355.0,-30.0,108,54,54,449.0,8.471698113207546,4.0,0.5925925925925926,0.7313207547169811,0.9814814814814815,0.9814814814814815,Caro-Kann Defense: Classical Variation,Normal
NbziC8oW,2026-05-17 08:57:38+00:00,bat1skaf,bat1skaf,SergioSergio1984,white,1-0,win,,blitz,,Standard,300+3,300.0,3.0,1319.0,1325.0,1325.0,-6.0,131,66,66,453.0,6.863636363636363,3.0,0.5303030303030303,0.56078125,0.9696969696969697,1.0,Sicilian Defense: Old Sicilian,Normal
ctQjsFHQ,2026-05-17 10:49:57+00:00,bat1skaf,KoenigMufasa,bat1skaf,black,0-1,win,,blitz,,Standard,300+3,300.0,3.0,1326.0,1325.0,1326.0,-1.0,98,49,49,426.0,8.693877551020408,4.0,0.46938775510204084,0.31551020408163266,1.0,1.0,Bird Opening,Normal
R78pfHs0,2026-05-18 12:23:46+00:00,bat1skaf,ma43,bat1skaf,black,0-1,win,,blitz,,Standard,300+3,300.0,3.0,1377.0,1331.0,1377.0,-46.0,31,16,15,175.0,11.666666666666666,6.0,0.0,0.4733333333333334,1.0,1.0,Four Knights Game: Scotch Variation Accepted,Normal
PaUO4IJL,2026-05-18 12:31:56+00:00,bat1skaf,bat1skaf,KRIGSMAN_UTAN_NAMN,white,1-0,win,,blitz,,Standard,300+3,300.0,3.0,1338.0,1325.0,1325.0,13.0,107,54,54,400.0,7.407407407407407,4.5,0.0,0.21865384615384617,0.9629629629629629,1.0,"Italian Game: Two Knights Defense, Knight Attack, Normal Variation",Normal
lZtESpsY,2026-05-18 13:52:29+00:00,bat1skaf,sunil79sharma,bat1skaf,black,0-1,win,,rapid,,Standard,600+0,600.0,0.0,1122.0,1255.0,1122.0,133.0,78,39,39,435.0,11.153846153846153,9.0,0.0,0.42025641025641036,1.0,1.0,"Italian Game: Giuoco Pianissimo, Normal",Normal
TYodxoW4,2026-05-18 14:08:46+00:00,bat1skaf,rewqasdf,bat1skaf,black,0-1,win,,rapid,,Standard,600+0,600.0,0.0,1308.0,1372.0,1308.0,64.0,18,9,9,54.0,6.0,4.0,0.0,0.1962499999999998,0.8888888888888888,1.0,Italian Game: Giuoco Piano,Normal
UenN2Bfa,2026-05-18 14:59:41+00:00,bat1skaf,bat1skaf,sergei_eng,white,1-0,win,,blitz,,Standard,300+3,300.0,3.0,1343.0,1322.0,1322.0,21.0,71,36,36,375.0,10.416666666666666,6.5,0.0,0.26705882352941174,0.9444444444444444,1.0,Italian Game: Anti-Fried Liver Defense,Normal
URK9QrMg,2026-05-18 16:44:30+00:00,bat1skaf,Psykoankka,bat1skaf,black,1/2-1/2,draw,,bullet,,Standard,60+0,60.0,0.0,1587.0,1578.0,1587.0,-9.0,110,55,55,53.0,0.9636363636363636,1.0,0.18181818181818182,,0.0,1.0,French Defense: Exchange Variation,Time forfeit
6hUF4kP8,2026-05-18 16:47:00+00:00,bat1skaf,bat1skaf,gio9052,white,0-1,loss,,bullet,,Standard,60+0,60.0,0.0,1580.0,1612.0,1612.0,-32.0,104,52,52,60.0,1.1538461538461537,1.0,0.4423076923076923,,0.0,1.0,Zukertort Opening: Tennison Gambit,Time forfeit
bdWMrrQC,2026-05-18 16:49:31+00:00,bat1skaf,philfer,bat1skaf,black,0-1,win,,bullet,,Standard,60+0,60.0,0.0,1532.0,1552.0,1532.0,20.0,78,39,39,55.0,1.4102564102564104,1.0,0.1794871794871795,,0.0,1.0,French Defense: Marshall Gambit,Time forfeit
gf8L16ei,2026-05-18 16:51:47+00:00,bat1skaf,bat1skaf,Gedamprems1,white,0-1,loss,,bullet,,Standard,60+0,60.0,0.0,1579.0,1649.0,1649.0,-70.0,100,50,50,60.0,1.2,1.0,0.26,,0.0,1.0,Zukertort Opening: Tennison Gambit,Time forfeit
3u0jgcYv,2026-05-18 16:54:08+00:00,bat1skaf,meirb12345,bat1skaf,black,1-0,loss,,bullet,,Standard,60+0,60.0,0.0,1553.0,1558.0,1553.0,5.0,49,25,24,52.0,2.1666666666666665,1.0,0.08333333333333333,,0.0,1.0,Scandinavian Defense: Mieses-Kotroc Variation,Normal
NEG1dKze,2026-05-18 16:56:01+00:00,bat1skaf,louloubg,bat1skaf,black,0-1,win,,bullet,,Standard,60+0,60.0,0.0,1550.0,1534.0,1550.0,-16.0,68,34,34,59.0,1.7352941176470589,1.0,0.11764705882352941,,0.0,1.0,French Defense: Exchange Variation,Time forfeit
EqxH3INY,2026-05-18 16:58:30+00:00,bat1skaf,bat1skaf,Thong_98763,white,1-0,win,,bullet,,Standard,60+0,60.0,0.0,1559.0,1560.0,1560.0,-1.0,51,26,26,50.0,1.9230769230769231,1.0,0.038461538461538464,,0.0,1.0,Philidor Defense: Lion Variation,Time forfeit
r9DfWs52,2026-05-18 17:01:38+00:00,bat1skaf,Whyalwaysme22,bat1skaf,black,1-0,loss,,bullet,,Standard,60+0,60.0,0.0,1560.0,1579.0,1560.0,19.0,69,35,34,60.0,1.7647058823529411,1.0,0.38235294117647056,,0.0,1.0,Van't Kruijs Opening,Time forfeit
NoUQ53vC,2026-05-18 17:03:48+00:00,bat1skaf,bat1skaf,Mulf,white,0-1,loss,,bullet,,Standard,60+0,60.0,0.0,1559.0,1562.0,1562.0,-3.0,58,29,29,55.0,1.896551724137931,2.0,0.10344827586206896,,0.0,1.0,Sicilian Defense: Modern Variations,Normal
DeRvQQn9,2026-05-18 17:05:41+00:00,bat1skaf,odraude1022,bat1skaf,black,1-0,loss,,bullet,,Standard,60+0,60.0,0.0,1531.0,1540.0,1531.0,9.0,101,51,50,59.0,1.18,1.0,0.24,,0.0,1.0,French Defense: Knight Variation,Time forfeit
XGwANYDe,2026-05-18 17:07:58+00:00,bat1skaf,bat1skaf,buka,white,0-1,loss,,bullet,,Standard,60+0,60.0,0.0,1522.0,1542.0,1542.0,-20.0,46,23,23,42.0,1.826086956521739,1.0,0.0,,0.0,1.0,King's Knight Opening,Normal
5p132QTQ,2026-05-18 17:09:45+00:00,bat1skaf,atamir93,bat1skaf,black,1-0,loss,,bullet,,Standard,60+0,60.0,0.0,1567.0,1506.0,1567.0,-61.0,83,42,41,60.0,1.4634146341463414,1.0,0.21951219512195122,,0.0,1.0,French Defense: Queen's Knight,Time forfeit
Y29nIjvZ,2026-05-18 17:12:06+00:00,bat1skaf,bat1skaf,Shrestha_Panwar,white,0-1,loss,,bullet,,Standard,60+0,60.0,0.0,1493.0,1520.0,1520.0,-27.0,24,12,12,6.0,0.5,0.0,0.0,,0.0,1.0,Caro-Kann Defense,Normal
AJqC5h0S,2026-05-18 17:12:45+00:00,bat1skaf,alpha610,bat1skaf,black,1-0,loss,,bullet,,Standard,60+0,60.0,0.0,1513.0,1478.0,1513.0,-35.0,127,64,63,59.0,0.9365079365079365,1.0,0.25396825396825395,,0.0,1.0,French Defense: Exchange Variation,Normal
RhH4EIWp,2026-05-18 17:15:08+00:00,bat1skaf,bat1skaf,Nimish1234567,white,1/2-1/2,draw,,bullet,,Standard,60+0,60.0,0.0,1465.0,1497.0,1497.0,-32.0,102,51,51,44.0,0.8627450980392157,1.0,0.0,,0.0,1.0,Sicilian Defense: Old Sicilian,Normal
MJwJ42Au,2026-05-18 17:17:15+00:00,bat1skaf,bat1skaf,redman92,white,1/2-1/2,draw,,bullet,,Standard,60+0,60.0,0.0,1466.0,1491.0,1491.0,-25.0,93,47,47,51.0,1.0851063829787233,1.0,0.14893617021276595,,0.0,1.0,Scandinavian Defense: Mieses-Kotroc Variation,Time forfeit
fT0VVYqH,2026-05-18 17:19:24+00:00,bat1skaf,BagOfCheetoes,bat1skaf,black,0-1,win,,bullet,,Standard,60+0,60.0,0.0,1485.0,1467.0,1485.0,-18.0,20,10,10,13.0,1.3,1.0,0.0,,0.0,1.0,"Queen's Pawn Game: London System, with e6",Normal
X1yaqFnx,2026-05-18 17:20:14+00:00,bat1skaf,fedevaro,bat1skaf,black,1-0,loss,,bullet,,Standard,60+0,60.0,0.0,1484.0,1481.0,1484.0,-3.0,67,34,33,60.0,1.8181818181818181,1.0,0.24242424242424243,,0.0,1.0,French Defense: Exchange Variation,Time forfeit
xuDwg0Zh,2026-05-18 17:22:16+00:00,bat1skaf,bat1skaf,fedevaro,white,1-0,win,,bullet,,Standard,60+0,60.0,0.0,1469.0,1490.0,1490.0,-21.0,119,60,60,46.0,0.7666666666666667,1.0,0.0,,0.0,1.0,Sicilian Defense: Old Sicilian,Time forfeit
5mKYeR5F,2026-05-18 17:24:24+00:00,bat1skaf,Virajchess2302,bat1skaf,black,1-0,loss,,bullet,,Standard,60+0,60.0,0.0,1535.0,1482.0,1535.0,-53.0,47,24,23,25.0,1.0869565217391304,1.0,0.0,,0.0,1.0,Mieses Opening,Normal
xkQmSnUx,2026-05-18 17:25:40+00:00,bat1skaf,Kumburbek,bat1skaf,black,1-0,loss,,bullet,,Standard,60+0,60.0,0.0,1414.0,1472.0,1414.0,58.0,47,24,23,53.0,2.3043478260869565,2.0,0.08695652173913043,,0.0,1.0,French Defense: Perseus Gambit,Normal
FjoxaNtK,2026-05-18 17:27:43+00:00,bat1skaf,bat1skaf,sabansahintagil,white,0-1,loss,,bullet,,Standard,60+0,60.0,0.0,1459.0,1442.0,1442.0,17.0,76,38,38,60.0,1.5789473684210527,2.0,0.21052631578947367,,0.0,1.0,Zukertort Opening: Tennison Gambit,Time forfeit
cUpP3dWu,2026-05-18 17:29:48+00:00,bat1skaf,bat1skaf,VJAY_DHK,white,1-0,win,,bullet,,Standard,60+0,60.0,0.0,1447.0,1525.0,1525.0,-78.0,85,43,43,56.0,1.302325581395349,1.0,0.13953488372093023,,0.0,1.0,Pirc Defense,Time forfeit
Ru1jvT79,2026-05-18 17:32:07+00:00,bat1skaf,kakha05,bat1skaf,black,1-0,loss,,bullet,,Standard,60+0,60.0,0.0,1443.0,1460.0,1443.0,17.0,79,40,39,59.0,1.5128205128205128,1.0,0.38461538461538464,,0.0,1.0,French Defense,Time forfeit
W3IPDhzV,2026-05-18 17:34:22+00:00,bat1skaf,bat1skaf,ildar74mi,white,1-0,win,,bullet,,Standard,60+0,60.0,0.0,1449.0,1350.0,1350.0,99.0,81,41,41,55.0,1.3414634146341464,1.0,0.14634146341463414,,0.0,1.0,Petrov's Defense: Italian Variation,Time forfeit
e24MT5ZY,2026-05-18 17:36:33+00:00,bat1skaf,vtechadam,bat1skaf,black,0-1,win,,bullet,,Standard,60+0,60.0,0.0,1446.0,1456.0,1446.0,10.0,40,20,20,24.0,1.2,1.0,0.0,,0.0,1.0,Horwitz Defense,Normal
8nUhOrNp,2026-05-18 17:37:46+00:00,bat1skaf,berre04,bat1skaf,black,1-0,loss,,bullet,,Standard,60+0,60.0,0.0,1405.0,1466.0,1405.0,61.0,95,48,47,58.0,1.2340425531914894,1.0,0.3829787234042553,,0.0,1.0,"French Defense: Tarrasch Variation, Open System",Normal
njoxMcCx,2026-05-18 17:40:03+00:00,bat1skaf,Tesla242006,bat1skaf,black,0-1,win,,bullet,,Standard,60+0,60.0,0.0,1395.0,1455.0,1395.0,60.0,48,24,24,34.0,1.4166666666666667,1.0,0.0,,0.0,1.0,Horwitz Defense,Normal
qXgVYzmS,2026-05-18 17:41:18+00:00,bat1skaf,bat1skaf,Ahmad_7,white,1-0,win,,bullet,,Standard,60+0,60.0,0.0,1463.0,1514.0,1514.0,-51.0,45,23,23,25.0,1.0869565217391304,1.0,0.0,,0.0,1.0,Caro-Kann Defense,Normal
9AK2wvqx,2026-05-18 17:42:44+00:00,bat1skaf,bat1skaf,liv2022,white,0-1,loss,,bullet,,Standard,60+0,60.0,0.0,1474.0,1484.0,1484.0,-10.0,98,49,49,60.0,1.2244897959183674,1.0,0.22448979591836735,,0.0,1.0,French Defense: Knight Variation,Time forfeit
ujg5lBPC,2026-05-18 17:44:46+00:00,bat1skaf,bat1skaf,pale2015,white,0-1,loss,,bullet,,Standard,60+0,60.0,0.0,1465.0,1451.0,1451.0,14.0,48,24,24,52.0,2.1666666666666665,2.0,0.08333333333333333,,0.0,1.0,Philidor Defense,Normal
WSnTi9bz,2026-05-18 17:46:45+00:00,bat1skaf,mustafabinkamal,bat1skaf,black,0-1,win,,bullet,,Standard,60+0,60.0,0.0,1346.0,1455.0,1346.0,109.0,110,55,55,58.0,1.0545454545454545,1.0,0.32727272727272727,,0.0,1.0,"Rapport-Jobava System, with e6",Time forfeit
Zo5x6NBv,2026-05-18 17:49:08+00:00,bat1skaf,sabansahintagil,bat1skaf,black,0-1,win,,bullet,,Standard,60+0,60.0,0.0,1461.0,1462.0,1461.0,1.0,92,46,46,48.0,1.0434782608695652,1.0,0.0,0.5319565217391304,1.0,1.0,"French Defense: Advance Variation, Nimzowitsch System",Time forfeit
kAWR03nL,2026-05-18 17:51:13+00:00,bat1skaf,bat1skaf,manu1812,white,0-1,loss,,bullet,,Standard,60+0,60.0,0.0,1470.0,1474.0,1474.0,-4.0,68,34,34,39.0,1.1470588235294117,1.0,0.0,,0.0,1.0,Scandinavian Defense: Mieses-Kotroc Variation,Normal
NjNXTfAW,2026-05-18 17:52:39+00:00,bat1skaf,bat1skaf,drawpipe,white,0-1,loss,,bullet,,Standard,60+0,60.0,0.0,1462.0,1473.0,1473.0,-11.0,37,19,19,28.0,1.4736842105263157,1.0,0.0,,0.0,1.0,Scandinavian Defense: Mieses-Kotroc Variation,Normal
NcnzVFQr,2026-05-18 17:53:40+00:00,bat1skaf,bat1skaf,vikkidot,white,1-0,win,,bullet,,Standard,60+0,60.0,0.0,1454.0,1524.0,1524.0,-70.0,37,19,19,28.0,1.4736842105263157,1.0,0.0,,0.0,1.0,Scandinavian Defense: Mieses-Kotroc Variation,Normal
g9NLpm0g,2026-05-18 17:54:39+00:00,bat1skaf,Pappion,bat1skaf,black,0-1,win,,bullet,,Standard,60+0,60.0,0.0,1426.0,1463.0,1426.0,37.0,68,34,34,56.0,1.6470588235294117,1.0,0.14705882352941177,,0.0,1.0,Nimzo-Larsen Attack,Time forfeit
gI6uPQ4Q,2026-05-18 17:56:52+00:00,bat1skaf,mohammadalsalam,bat1skaf,black,0-1,win,,bullet,,Standard,60+0,60.0,0.0,1372.0,1470.0,1372.0,98.0,54,27,27,33.0,1.2222222222222223,1.0,0.0,,0.0,1.0,English Opening: Agincourt Defense,Normal
aeD58b46,2026-05-18 18:42:05+00:00,bat1skaf,bat1skaf,hermit34,white,0-1,loss,,bullet,,Standard,60+0,60.0,0.0,1476.0,1487.0,1487.0,-11.0,76,38,38,60.0,1.5789473684210527,1.0,0.21052631578947367,,0.0,1.0,Rat Defense: Small Center Defense,Time forfeit
Mdqu6VoA,2026-05-18 18:49:35+00:00,bat1skaf,muhammdunal,bat1skaf,black,0-1,win,,bullet,,Standard,60+0,60.0,0.0,1453.0,1469.0,1453.0,16.0,54,27,27,46.0,1.7037037037037037,2.0,0.0,,0.0,1.0,French Defense: Advance Variation,Time forfeit
PojaAgnc,2026-05-18 18:54:12+00:00,bat1skaf,subskybox,bat1skaf,black,1-0,loss,,bullet,,Standard,60+0,60.0,0.0,1461.0,1476.0,1461.0,15.0,67,34,33,60.0,1.8181818181818181,2.0,0.24242424242424243,,0.0,1.0,French Defense: Queen's Knight,Time forfeit
HFutVMx2,2026-05-18 18:56:17+00:00,bat1skaf,bat1skaf,ChessProFrogger,white,0-1,loss,,bullet,,Standard,60+0,60.0,0.0,1469.0,1440.0,1440.0,29.0,86,43,43,59.0,1.372093023255814,1.0,0.2558139534883721,,0.0,1.0,Caro-Kann Defense,Time forfeit
zFmx6CLS,2026-05-18 18:58:31+00:00,bat1skaf,Sharno12,bat1skaf,black,0-1,win,,bullet,,Standard,60+0,60.0,0.0,1490.0,1461.0,1490.0,-29.0,90,45,45,50.0,1.1111111111111112,1.0,0.044444444444444446,,0.0,1.0,French Defense,Time forfeit
oR9jkEX2,2026-05-18 19:00:36+00:00,bat1skaf,bat1skaf,Bielszczanka,white,0-1,loss,,bullet,,Standard,60+0,60.0,0.0,1469.0,1455.0,1455.0,14.0,62,31,31,47.0,1.5161290322580645,1.0,0.0,,0.0,1.0,Owen Defense: Smith Gambit,Normal
Wrk8mDVW,2026-05-18 19:02:17+00:00,bat1skaf,bat1skaf,Joan_5,white,1-0,win,,bullet,,Standard,60+0,60.0,0.0,1462.0,1510.0,1510.0,-48.0,73,37,37,51.0,1.3783783783783783,1.0,0.21621621621621623,,0.0,1.0,Sicilian Defense: French Variation,Time forfeit
oCRpX90I,2026-05-18 19:04:51+00:00,bat1skaf,kolfo,bat1skaf,black,0-1,win,,bullet,,Standard,60+0,60.0,0.0,1454.0,1469.0,1454.0,15.0,62,31,31,48.0,1.5483870967741935,1.0,0.0,,0.0,1.0,"French Defense: Advance Variation, Steinitz Variation",Time forfeit
HtAodwG5,2026-05-18 19:06:55+00:00,bat1skaf,bat1skaf,irvington78,white,0-1,loss,,bullet,,Standard,60+0,60.0,0.0,1475.0,1572.0,1572.0,-97.0,60,30,30,56.0,1.8666666666666667,2.0,0.16666666666666666,,0.0,1.0,Scandinavian Defense: Modern Variation,Normal
nN6CipbI,2026-05-18 19:08:54+00:00,bat1skaf,bat1skaf,Pommpei,white,1-0,win,,bullet,,Standard,60+0,60.0,0.0,1470.0,1488.0,1488.0,-18.0,31,16,16,16.0,1.0,1.0,0.0,,0.0,1.0,Sicilian Defense: Old Sicilian,Normal
xhCFnQ81,2026-05-18 19:09:42+00:00,bat1skaf,sudasmax,bat1skaf,black,0-1,win,,bullet,,Standard,60+0,60.0,0.0,1466.0,1477.0,1466.0,11.0,58,29,29,42.0,1.4482758620689655,1.0,0.0,,0.0,1.0,Zukertort Opening: Queen's Gambit Invitation,Time forfeit
HzgtfkCa,2026-05-18 19:11:45+00:00,bat1skaf,Aleks12346,bat1skaf,black,1-0,loss,,bullet,,Standard,60+0,60.0,0.0,1421.0,1483.0,1421.0,62.0,61,31,30,47.0,1.5666666666666667,2.0,0.0,,0.0,1.0,French Defense: Advance Variation,Normal
QyJEpomw,2026-05-18 19:13:43+00:00,bat1skaf,bat1skaf,Talkingknight,white,0-1,loss,,bullet,,Standard,60+0,60.0,0.0,1476.0,1496.0,1496.0,-20.0,60,30,30,60.0,2.0,1.5,0.26666666666666666,,0.0,1.0,French Defense: Exchange Variation,Time forfeit
vCkVHodg,2026-05-19 14:20:39+00:00,bat1skaf,DhakshithSM,bat1skaf,black,0-1,win,,blitz,,Standard,300+3,300.0,3.0,1306.0,1348.0,1306.0,42.0,88,44,44,296.0,6.7272727272727275,5.5,0.0,,0.0,1.0,Center Game: Normal Variation,Normal
1CN9MaxE,2026-05-19 14:32:47+00:00,bat1skaf,bat1skaf,DhakshithSM,white,1-0,win,,blitz,,Standard,300+3,300.0,3.0,1353.0,1267.0,1267.0,86.0,53,27,27,228.0,8.444444444444445,7.0,0.0,,0.0,1.0,Petrov's Defense: Damiano Variation,Normal
faMgAEAd,2026-05-19 14:39:38+00:00,bat1skaf,DhakshithSM,bat1skaf,black,1-0,loss,,blitz,,Standard,300+3,300.0,3.0,1239.0,1357.0,1239.0,118.0,87,44,43,346.0,8.046511627906977,3.0,0.0,0.45837209302325577,1.0,1.0,Italian Game: Giuoco Piano,Normal
6KmvqEzt,2026-05-19 16:17:19+00:00,bat1skaf,Oskar-123,bat1skaf,black,0-1,win,,rapid,,Standard,600+0,600.0,0.0,1515.0,1473.0,1515.0,-42.0,92,46,46,505.0,10.978260869565217,9.5,0.0,0.5231111111111112,0.9782608695652174,1.0,Horwitz Defense,Normal
WspV8Jie,2026-05-19 16:35:52+00:00,bat1skaf,bat1skaf,HUSSARD,white,0-1,loss,,rapid,,Standard,600+0,600.0,0.0,1576.0,1533.0,1533.0,43.0,88,44,44,598.0,13.590909090909092,10.5,0.1590909090909091,0.8913953488372093,0.9772727272727273,1.0,Petrov's Defense,Time forfeit
z6CpR27e,2026-05-20 09:45:54+00:00,bat1skaf,kankord,bat1skaf,black,1/2-1/2,draw,,bullet,,Standard,60+0,60.0,0.0,1474.0,1470.0,1474.0,-4.0,70,35,35,44.0,1.2571428571428571,1.0,0.0,,0.0,1.0,Danish Gambit,Time forfeit
Ua8xuKvl,2026-05-20 09:47:54+00:00,bat1skaf,bat1skaf,cheeserobot3,white,1-0,win,,bullet,,Standard,60+0,60.0,0.0,1471.0,1538.0,1538.0,-67.0,87,44,44,49.0,1.1136363636363635,1.0,0.0,,0.0,1.0,Ponziani Opening: Neumann Gambit,Time forfeit
v2KARuuJ,2026-05-20 09:49:57+00:00,bat1skaf,bat1skaf,lennie_retro,white,1-0,win,,bullet,,Standard,60+0,60.0,0.0,1478.0,1445.0,1445.0,33.0,61,31,31,50.0,1.6129032258064515,1.0,0.0967741935483871,,0.0,1.0,Scandinavian Defense: Mieses-Kotroc Variation,Time forfeit
3Kv9gW7T,2026-05-20 09:52:02+00:00,bat1skaf,GioDeLeo,bat1skaf,black,0-1,win,,bullet,,Standard,60+0,60.0,0.0,1476.0,1483.0,1476.0,7.0,82,41,41,48.0,1.170731707317073,1.0,0.0,,0.0,1.0,French Defense: Queen's Knight,Time forfeit
HiGl8e88,2026-05-20 09:57:23+00:00,bat1skaf,bat1skaf,Jondefchess,white,1-0,win,,bullet,,Standard,60+0,60.0,0.0,1488.0,1459.0,1459.0,29.0,59,30,30,43.0,1.4333333333333333,1.0,0.0,0.7531034482758621,0.9666666666666667,1.0,Sicilian Defense: Old Sicilian,Time forfeit
NrvgF0HI,2026-05-20 10:08:18+00:00,bat1skaf,RainyLondonG,bat1skaf,black,1-0,loss,,bullet,,Standard,60+0,60.0,0.0,1452.0,1494.0,1452.0,42.0,91,46,45,60.0,1.3333333333333333,1.0,0.4,,0.0,1.0,"Rapport-Jobava System, with e6",Time forfeit
N4pTGyUE,2026-05-20 10:10:54+00:00,bat1skaf,bat1skaf,Joszko666,white,1-0,win,,bullet,,Standard,60+0,60.0,0.0,1487.0,1496.0,1496.0,-9.0,103,52,52,58.0,1.1153846153846154,1.0,0.25,,0.0,1.0,Nimzowitsch Defense: Declined Variation,Time forfeit
97oeFujH,2026-05-20 10:13:08+00:00,bat1skaf,kenotron72,bat1skaf,black,1-0,loss,,bullet,,Standard,60+0,60.0,0.0,1476.0,1493.0,1476.0,17.0,29,15,14,14.0,1.0,1.0,0.0,,0.0,1.0,French Defense: La Bourdonnais Variation,Normal
2y7b5C54,2026-05-20 10:14:02+00:00,bat1skaf,erdem01,bat1skaf,black,1-0,loss,,bullet,,Standard,60+0,60.0,0.0,1560.0,1487.0,1560.0,-73.0,53,27,26,29.0,1.1153846153846154,1.0,0.0,,0.0,1.0,Nimzo-Larsen Attack,Normal
J7fs5yRB,2026-05-20 10:15:45+00:00,bat1skaf,bat1skaf,amichebole,white,0-1,loss,,bullet,,Standard,60+0,60.0,0.0,1483.0,1413.0,1413.0,70.0,50,25,25,30.0,1.2,1.0,0.0,,0.0,1.0,Scandinavian Defense: Mieses-Kotroc Variation,Normal
I6DG0DYT,2026-05-20 10:17:10+00:00,bat1skaf,fickricker,bat1skaf,black,0-1,win,,bullet,,Standard,60+0,60.0,0.0,1433.0,1476.0,1433.0,43.0,30,15,15,34.0,2.2666666666666666,1.0,0.0,,0.0,1.0,Hungarian Opening: Catalan Formation,Time forfeit
14Kk9IJX,2026-05-20 10:39:51+00:00,bat1skaf,bat1skaf,TobTob93,white,0-1,loss,,bullet,,Standard,60+0,60.0,0.0,1481.0,1472.0,1472.0,9.0,48,24,24,33.0,1.375,1.0,0.0,,0.0,1.0,Italian Game: Classical Variation,Normal
RUh5z09e,2026-05-20 10:44:34+00:00,bat1skaf,Mhazim2020,bat1skaf,black,1-0,loss,,bullet,,Standard,60+0,60.0,0.0,1472.0,1475.0,1472.0,3.0,13,7,6,4.0,0.6666666666666666,0.5,0.0,,0.0,1.0,Horwitz Defense,Normal
LLKIdYxS,2026-05-20 10:44:57+00:00,bat1skaf,bat1skaf,HarbyA,white,1-0,win,,bullet,,Standard,60+0,60.0,0.0,1470.0,1408.0,1408.0,62.0,71,36,36,53.0,1.4722222222222223,1.0,0.2777777777777778,,0.0,1.0,Owen Defense,Time forfeit
R7oCL2a3,2026-05-20 10:47:07+00:00,bat1skaf,AlesPower,bat1skaf,black,0-1,win,,bullet,,Standard,60+0,60.0,0.0,1482.0,1474.0,1482.0,-8.0,42,21,21,24.0,1.1428571428571428,1.0,0.0,,0.0,1.0,French Defense: Knight Variation,Time forfeit
r71KerrK,2026-05-20 10:48:39+00:00,bat1skaf,bat1skaf,edgars13,white,1-0,win,,bullet,,Standard,60+0,60.0,0.0,1480.0,1485.0,1485.0,-5.0,19,10,10,7.0,0.7,1.0,0.0,,0.0,1.0,"Italian Game: Two Knights Defense, Knight Attack, Normal Variation",Normal
uERVzrrO,2026-05-20 10:49:10+00:00,bat1skaf,bat1skaf,kurt1985,white,1-0,win,,bullet,,Standard,60+0,60.0,0.0,1486.0,1510.0,1510.0,-24.0,71,36,36,46.0,1.2777777777777777,1.0,0.0,,0.0,1.0,Modern Defense,Time forfeit
LzlQwJS4,2026-05-20 10:51:27+00:00,bat1skaf,bat1skaf,G3ExtraStrong,white,0-1,loss,,blitz,,Standard,300+3,300.0,3.0,1350.0,1393.0,1393.0,-43.0,76,38,38,408.0,10.736842105263158,9.0,0.13157894736842105,0.3348648648648649,0.9736842105263158,1.0,Caro-Kann Defense: Endgame Offer,Time forfeit
Y2eZzita,2026-05-20 14:54:10+00:00,bat1skaf,GHA9,bat1skaf,black,1-0,loss,,blitz,,Standard,300+3,300.0,3.0,1333.0,1345.0,1333.0,12.0,105,53,52,424.0,8.153846153846153,4.0,0.4423076923076923,0.825,1.0,1.0,Queen's Pawn Game: Chigorin Variation,Normal
cfFdNnav,2026-05-20 15:08:10+00:00,bat1skaf,aswinvi,bat1skaf,black,1-0,loss,,blitz,,Standard,300+3,300.0,3.0,1455.0,1339.0,1455.0,-116.0,37,19,18,236.0,13.11111111111111,4.5,0.0,,0.0,1.0,Italian Game: Giuoco Piano,Normal
bUXK3YU5,2026-05-20 15:17:10+00:00,bat1skaf,Jolly_jumper09,bat1skaf,black,0-1,win,,blitz,,Standard,300+3,300.0,3.0,1405.0,1336.0,1405.0,-69.0,52,26,26,341.0,13.115384615384615,12.0,0.0,0.31880000000000003,0.9615384615384616,1.0,Italian Game: Giuoco Piano,Normal
K0641tDr,2026-05-20 15:29:30+00:00,bat1skaf,bat1skaf,Lionel1974,white,0-1,loss,,blitz,,Standard,300+3,300.0,3.0,1343.0,1358.0,1358.0,-15.0,72,36,36,400.0,11.11111111111111,8.5,0.19444444444444445,0.793142857142857,0.9722222222222222,1.0,Scandinavian Defense: Main Line,Normal
NdWer5DD,2026-05-20 18:29:37+00:00,bat1skaf,bat1skaf,NAlvino,white,0-1,loss,,blitz,,Standard,300+3,300.0,3.0,1337.0,1422.0,1422.0,-85.0,30,15,15,100.0,6.666666666666667,5.0,0.0,,0.0,1.0,Philidor Defense,Normal
7AiTr4xb,2026-05-20 18:33:19+00:00,bat1skaf,SpartaRom,bat1skaf,black,0-1,win,,blitz,,Standard,300+3,300.0,3.0,1352.0,1332.0,1352.0,-20.0,56,28,28,313.0,11.178571428571429,8.0,0.0,0.4903571428571429,1.0,1.0,Tarrasch Defense,Normal
WQS0YXzr,2026-05-20 19:42:30+00:00,bat1skaf,Sokol_1373,bat1skaf,black,1-0,loss,,blitz,,Standard,300+3,300.0,3.0,1343.0,1339.0,1343.0,-4.0,71,36,35,283.0,8.085714285714285,5.0,0.0,0.5591428571428573,1.0,1.0,Horwitz Defense,Normal
iK3114yP,2026-05-20 19:54:02+00:00,bat1skaf,bat1skaf,UnclePhillyo,white,1-0,win,,blitz,,Standard,300+3,300.0,3.0,1333.0,1315.0,1315.0,18.0,127,64,64,393.0,6.140625,3.0,0.0,0.19516129032258067,0.96875,1.0,"Italian Game: Two Knights Defense, Knight Attack, Normal Variation",Normal
cepwwBQP,2026-05-20 20:14:11+00:00,bat1skaf,bat1skaf,danemapfidza,white,1-0,win,,bullet,,Standard,60+0,60.0,0.0,1492.0,1506.0,1506.0,-14.0,67,34,34,57.0,1.6764705882352942,1.0,0.29411764705882354,,0.0,1.0,Caro-Kann Defense,Time forfeit
L93nSM9N,2026-05-20 20:16:37+00:00,bat1skaf,Rlcalles,bat1skaf,black,1-0,loss,,bullet,,Standard,60+0,60.0,0.0,1512.0,1498.0,1512.0,-14.0,29,15,14,21.0,1.5,1.0,0.0,,0.0,1.0,Bishop's Opening: Vienna Hybrid,Normal
QXHQUj86,2026-05-20 20:18:12+00:00,bat1skaf,PawnShoppa,bat1skaf,black,0-1,win,,bullet,,Standard,60+0,60.0,0.0,1502.0,1492.0,1502.0,-10.0,90,45,45,59.0,1.3111111111111111,1.0,0.3111111111111111,,0.0,1.0,Four Knights Game,Time forfeit
VFzwtURa,2026-05-20 20:20:32+00:00,bat1skaf,bat1skaf,solai0808,white,1-0,win,,bullet,,Standard,60+0,60.0,0.0,1499.0,1464.0,1464.0,35.0,91,46,46,52.0,1.1304347826086956,1.0,0.10869565217391304,0.3873333333333333,0.9782608695652174,1.0,Scandinavian Defense: Valencian Variation,Time forfeit
xWneBkOX,2026-05-20 20:28:00+00:00,bat1skaf,bat1skaf,rezamehran,white,1-0,win,,bullet,,Standard,60+0,60.0,0.0,1504.0,1530.0,1530.0,-26.0,103,52,52,59.0,1.1346153846153846,1.0,0.5192307692307693,,0.0,1.0,Philidor Defense,Time forfeit
DE6xjVWA,2026-05-20 20:51:22+00:00,bat1skaf,Ryu8801,bat1skaf,black,1-0,loss,,bullet,,Standard,60+0,60.0,0.0,1486.0,1509.0,1486.0,23.0,51,26,25,60.0,2.4,2.0,0.2,,0.0,1.0,King's Pawn Game,Time forfeit
mcgkGpfS,2026-05-20 20:53:21+00:00,bat1skaf,bat1skaf,eucguy,white,1-0,win,,bullet,,Standard,60+0,60.0,0.0,1504.0,1543.0,1543.0,-39.0,117,59,59,59.0,1.0,1.0,0.3220338983050847,,0.0,1.0,Owen Defense,Time forfeit
cK5m2Muc,2026-05-20 20:55:47+00:00,bat1skaf,dammartin,bat1skaf,black,0-1,win,,bullet,,Standard,60+0,60.0,0.0,1552.0,1510.0,1552.0,-42.0,80,40,40,36.0,0.9,1.0,0.0,,0.0,1.0,Queen's Gambit Declined: Tarrasch Defense,Time forfeit
3jDvTjqg,2026-05-20 21:07:12+00:00,bat1skaf,bat1skaf,Kevorkian1,white,1-0,win,,bullet,,Standard,60+0,60.0,0.0,1516.0,1448.0,1448.0,68.0,53,27,27,37.0,1.3703703703703705,1.0,0.0,,0.0,1.0,Italian Game: Classical Variation,Time forfeit
teSMDWWk,2026-05-20 21:09:39+00:00,bat1skaf,RakaTOA,bat1skaf,black,1-0,loss,,blitz,,Standard,300+3,300.0,3.0,1372.0,1339.0,1372.0,-33.0,67,34,33,377.0,11.424242424242424,10.0,0.09090909090909091,1.0096969696969698,1.0,1.0,French Defense: Exchange Variation,Normal
oAHfae3V,2026-05-20 21:22:21+00:00,bat1skaf,noone642,bat1skaf,black,0-1,win,,blitz,,Standard,300+3,300.0,3.0,1343.0,1334.0,1343.0,-9.0,126,63,63,413.0,6.555555555555555,2.0,0.031746031746031744,,0.0,1.0,"Queen's Pawn Game: London System, with e6",Normal
nAAngpq6,2026-05-20 22:22:18+00:00,bat1skaf,bat1skaf,peopholmes,white,0-1,loss,,blitz,,Standard,300+3,300.0,3.0,1340.0,1394.0,1394.0,-54.0,116,58,58,450.0,7.758620689655173,3.0,0.6379310344827587,,0.0,1.0,Sicilian Defense: Modern Variations,Normal
zGyf1x5f,2026-05-20 22:37:10+00:00,bat1skaf,bat1skaf,Cairochess_1,white,1-0,win,,blitz,,Standard,300+3,300.0,3.0,1335.0,1227.0,1227.0,108.0,46,23,23,276.0,12.0,9.0,0.0,0.6372727272727272,0.9565217391304348,1.0,Sicilian Defense: Old Sicilian,Normal
iDVfM4Ck,2026-05-20 22:46:19+00:00,bat1skaf,bat1skaf,pqpqpqppqpq,white,0-1,loss,,blitz,,Standard,300+3,300.0,3.0,1338.0,1369.0,1369.0,-31.0,140,70,70,501.0,7.260869565217392,4.0,0.5,0.5539130434782609,0.9857142857142858,0.9857142857142858,French Defense: Exchange Variation,Normal
5aOWmygF,2026-05-21 10:52:24+00:00,bat1skaf,N3r028,bat1skaf,black,1-0,loss,,bullet,,Standard,60+0,60.0,0.0,1487.0,1521.0,1487.0,34.0,33,17,16,21.0,1.3125,1.0,0.0,,0.0,1.0,Queen's Gambit Declined,Normal
sHHBxMKW,2026-05-21 10:53:45+00:00,bat1skaf,punkmod,bat1skaf,black,0-1,win,,bullet,,Standard,60+0,60.0,0.0,1562.0,1515.0,1562.0,-47.0,40,20,20,23.0,1.15,1.0,0.0,,0.0,1.0,King's Gambit Accepted: MacLeod Defense,Normal
gCOuXdJL,2026-05-21 10:54:43+00:00,bat1skaf,bat1skaf,BarryAllen2001,white,1-0,win,,bullet,,Standard,60+0,60.0,0.0,1521.0,1506.0,1506.0,15.0,97,49,49,60.0,1.2244897959183674,1.0,0.3469387755102041,,0.0,1.0,Zukertort Opening: Lemberger Gambit,Time forfeit
0BeiWVyN,2026-05-21 10:58:04+00:00,bat1skaf,Timotheus_00,bat1skaf,black,1-0,loss,,bullet,,Standard,60+0,60.0,0.0,1559.0,1527.0,1559.0,-32.0,57,29,28,43.0,1.5357142857142858,1.0,0.0,,0.0,1.0,Tarrasch Defense,Normal
Wv5PD3Nr,2026-05-21 10:59:50+00:00,bat1skaf,bat1skaf,Dreykelvi,white,1-0,win,,bullet,,Standard,60+0,60.0,0.0,1522.0,1552.0,1552.0,-30.0,61,31,31,37.0,1.1935483870967742,1.0,0.0,,0.0,1.0,Caro-Kann Defense,Normal
UlKA9PPD,2026-05-21 11:01:26+00:00,bat1skaf,bat1skaf,blitz60,white,1-0,win,,bullet,,Standard,60+0,60.0,0.0,1528.0,1516.0,1516.0,12.0,61,31,31,49.0,1.5806451612903225,1.0,0.0,,0.0,1.0,Owen Defense,Time forfeit
foxQW2fv,2026-05-21 11:03:24+00:00,bat1skaf,tarraf33,bat1skaf,black,1-0,loss,,bullet,,Standard,60+0,60.0,0.0,1538.0,1533.0,1538.0,-5.0,91,46,45,60.0,1.3333333333333333,1.0,0.35555555555555557,,0.0,1.0,French Defense: Exchange Variation,Time forfeit
2o4LQVGs,2026-05-21 11:05:34+00:00,bat1skaf,bat1skaf,hcil,white,1-0,win,,bullet,,Standard,60+0,60.0,0.0,1528.0,1536.0,1536.0,-8.0,35,18,18,29.0,1.6111111111111112,1.0,0.0,,0.0,1.0,Petrov's Defense: Italian Variation,Normal
jlEypvXz,2026-05-21 11:06:51+00:00,bat1skaf,yuipas,bat1skaf,black,0-1,win,,bullet,,Standard,60+0,60.0,0.0,1616.0,1533.0,1616.0,-83.0,68,34,34,51.0,1.5,1.0,0.058823529411764705,,0.0,1.0,Italian Game: Two Knights Defense,Time forfeit
hT861Ymq,2026-05-21 11:08:59+00:00,bat1skaf,NeriNacaytuna,bat1skaf,black,1-0,loss,,bullet,,Standard,60+0,60.0,0.0,1529.0,1541.0,1529.0,12.0,17,9,8,6.0,0.75,1.0,0.0,,0.0,1.0,King's Pawn Game: Leonardis Variation,Normal
DflbyGqX,2026-05-21 11:09:21+00:00,bat1skaf,ABU_TAHA034,bat1skaf,black,0-1,win,,bullet,,Standard,60+0,60.0,0.0,1601.0,1535.0,1601.0,-66.0,32,16,16,26.0,1.625,1.0,0.0,,0.0,1.0,Horwitz Defense,Normal
LbF8njXv,2026-05-21 11:10:57+00:00,bat1skaf,bat1skaf,Dreykelvi,white,0-1,loss,,bullet,,Standard,60+0,60.0,0.0,1542.0,1543.0,1543.0,-1.0,100,50,50,60.0,1.2,1.0,0.32,,0.0,1.0,Caro-Kann Defense,Time forfeit
q24GagCj,2026-05-21 11:13:19+00:00,bat1skaf,LOPERamok,bat1skaf,black,1-0,loss,,bullet,,Standard,60+0,60.0,0.0,1553.0,1536.0,1553.0,-17.0,45,23,22,39.0,1.7727272727272727,1.5,0.0,,0.0,1.0,Horwitz Defense,Normal
WJGsoIJA,2026-05-21 11:14:32+00:00,bat1skaf,Worthy59,bat1skaf,black,1-0,loss,,bullet,,Standard,60+0,60.0,0.0,1535.0,1531.0,1535.0,-4.0,69,35,34,49.0,1.4411764705882353,1.0,0.0,,0.0,1.0,Center Game: Paulsen Attack Variation,Normal
4hd5h6ZO,2026-05-21 11:16:37+00:00,bat1skaf,bat1skaf,msskalpov,white,0-1,loss,,bullet,,Standard,60+0,60.0,0.0,1525.0,1527.0,1527.0,-2.0,52,26,26,32.0,1.2307692307692308,1.0,0.0,0.8119999999999998,0.9615384615384616,1.0,Pirc Defense: Roscher Gambit,Normal
3iipN0HV,2026-05-21 11:18:01+00:00,bat1skaf,bat1skaf,sdx31,white,0-1,loss,,bullet,,Standard,60+0,60.0,0.0,1520.0,1495.0,1495.0,25.0,34,17,17,19.0,1.1176470588235294,1.0,0.0,,0.0,1.0,Scandinavian Defense: Mieses-Kotroc Variation,Normal
XiCAaBY2,2026-05-21 11:18:44+00:00,bat1skaf,Abhishek19,bat1skaf,black,0-1,win,,bullet,,Standard,60+0,60.0,0.0,1515.0,1513.0,1515.0,-2.0,82,41,41,40.0,0.975609756097561,1.0,0.0,,0.0,1.0,Three Knights Opening,Normal
YtL4BpPv,2026-05-21 11:22:55+00:00,bat1skaf,bat1skaf,sultanAladin12,white,1-0,win,,bullet,,Standard,60+0,60.0,0.0,1519.0,1531.0,1531.0,-12.0,55,28,28,46.0,1.6428571428571428,1.0,0.0,,0.0,1.0,Alekhine Defense,Time forfeit
uGn00EH4,2026-05-21 11:25:09+00:00,bat1skaf,EthanAtanOrji,bat1skaf,black,0-1,win,,bullet,,Standard,60+0,60.0,0.0,1562.0,1525.0,1562.0,-37.0,44,22,22,31.0,1.4090909090909092,1.0,0.0,,0.0,1.0,Scotch Game,Time forfeit
R6ZyhJch,2026-05-21 11:27:03+00:00,bat1skaf,bat1skaf,BlackChaos,white,1-0,win,,bullet,,Standard,60+0,60.0,0.0,1532.0,1555.0,1555.0,-23.0,65,33,33,47.0,1.4242424242424243,1.0,0.0,,0.0,1.0,Owen Defense,Normal
qSr7MGKw,2026-05-21 11:38:44+00:00,bat1skaf,FabioM86,bat1skaf,black,1-0,loss,,bullet,,Standard,60+0,60.0,0.0,1571.0,1538.0,1571.0,-33.0,33,17,16,21.0,1.3125,1.0,0.0,,0.0,1.0,Vienna Game: Max Lange Defense,Normal
e86trujs,2026-05-21 11:39:30+00:00,bat1skaf,bat1skaf,Badtripinsochi,white,1-0,win,,bullet,,Standard,60+0,60.0,0.0,1533.0,1591.0,1591.0,-58.0,49,25,25,38.0,1.52,1.0,0.0,,0.0,1.0,Sicilian Defense: Old Sicilian,Normal
jUmyaQMm,2026-05-21 11:41:23+00:00,bat1skaf,Natsuki_Subaru0,bat1skaf,black,0-1,win,,bullet,,Standard,60+0,60.0,0.0,1484.0,1539.0,1484.0,55.0,42,21,21,25.0,1.1904761904761905,1.0,0.0,,0.0,1.0,Center Game,Normal
ErboTnhz,2026-05-21 11:42:46+00:00,bat1skaf,bat1skaf,Samsurinal,white,0-1,loss,,bullet,,Standard,60+0,60.0,0.0,1544.0,1521.0,1521.0,23.0,108,54,54,59.0,1.0925925925925926,1.0,0.37037037037037035,,0.0,1.0,Caro-Kann Defense,Time forfeit
4GArub0W,2026-05-21 11:45:18+00:00,bat1skaf,leon_1981,bat1skaf,black,1-0,loss,,bullet,,Standard,60+0,60.0,0.0,1571.0,1538.0,1571.0,-33.0,71,36,35,45.0,1.2857142857142858,1.0,0.0,,0.0,1.0,"Rapport-Jobava System, with e6",Normal
21g0a7m8,2026-05-21 11:47:14+00:00,bat1skaf,yoyochess55,bat1skaf,black,1-0,loss,,bullet,,Standard,60+0,60.0,0.0,1539.0,1533.0,1539.0,-6.0,41,21,20,23.0,1.15,1.0,0.0,,0.0,1.0,Ruy Lopez: Berlin Defense,Normal
LMx1iZtW,2026-05-21 11:48:27+00:00,bat1skaf,bat1skaf,badkommie,white,0-1,loss,,bullet,,Standard,60+0,60.0,0.0,1527.0,1509.0,1509.0,18.0,112,56,56,60.0,1.0714285714285714,1.0,0.30357142857142855,,0.0,1.0,Caro-Kann Defense,Time forfeit
2FUKUZjF,2026-05-21 11:50:44+00:00,bat1skaf,ravi0121891,bat1skaf,black,0-1,win,,bullet,,Standard,60+0,60.0,0.0,1611.0,1521.0,1611.0,-90.0,62,31,31,39.0,1.2580645161290323,1.0,0.0,,0.0,1.0,King's Gambit Accepted: MacLeod Defense,Time forfeit
LvN4ZnNq,2026-05-21 14:36:25+00:00,bat1skaf,bat1skaf,ugurcaglayan,white,1-0,win,,bullet,,Standard,60+0,60.0,0.0,1529.0,1576.0,1576.0,-47.0,91,46,46,59.0,1.2826086956521738,1.0,0.32608695652173914,,0.0,1.0,Petrov's Defense: Three Knights Game,Time forfeit
KGESgsuD,2026-05-21 14:39:00+00:00,bat1skaf,bat1skaf,bloodray23,white,0-1,loss,,bullet,,Standard,60+0,60.0,0.0,1535.0,1571.0,1571.0,-36.0,100,50,50,50.0,1.0,1.0,0.02,,0.0,1.0,Scandinavian Defense: Mieses-Kotroc Variation,Normal
iWKeHUT3,2026-05-21 14:41:50+00:00,bat1skaf,bat1skaf,konjislav,white,0-1,loss,,bullet,,Standard,60+0,60.0,0.0,1530.0,1495.0,1495.0,35.0,64,32,32,60.0,1.875,1.0,0.21875,,0.0,1.0,Caro-Kann Defense,Time forfeit
du9U4Rvq,2026-05-21 14:43:55+00:00,bat1skaf,Kabir_Ghuge,bat1skaf,black,1-0,loss,,bullet,,Standard,60+0,60.0,0.0,1503.0,1523.0,1503.0,20.0,83,42,41,52.0,1.2682926829268293,1.0,0.21951219512195122,,0.0,1.0,Horwitz Defense,Normal
prnyM14J,2026-05-21 14:46:03+00:00,bat1skaf,bat1skaf,Rufusclutos,white,0-1,loss,,bullet,,Standard,60+0,60.0,0.0,1517.0,1523.0,1523.0,-6.0,54,27,27,57.0,2.111111111111111,2.0,0.1111111111111111,,0.0,1.0,Modern Defense,Normal
7t5RAjJj,2026-05-21 14:48:12+00:00,bat1skaf,nickmike,bat1skaf,black,1-0,loss,,bullet,,Standard,60+0,60.0,0.0,1601.0,1512.0,1601.0,-89.0,57,29,28,57.0,2.0357142857142856,1.5,0.25,1.1557142857142857,1.0,1.0,Danish Gambit,Normal
Pmn8W3yX,2026-05-21 14:50:00+00:00,bat1skaf,bat1skaf,DGABRAIL,white,0-1,loss,,blitz,,Standard,300+3,300.0,3.0,1333.0,1387.0,1387.0,-54.0,72,36,36,401.0,11.13888888888889,9.0,0.19444444444444445,,0.0,1.0,Philidor Defense,Normal
PA44lTLZ,2026-05-21 15:46:52+00:00,bat1skaf,whosagoodboy,bat1skaf,black,1-0,loss,,bullet,,Standard,60+0,60.0,0.0,1533.0,1508.0,1533.0,-25.0,63,32,31,60.0,1.935483870967742,2.0,0.22580645161290322,,0.0,1.0,Horwitz Defense,Time forfeit
LykzGEj2,2026-05-21 15:48:48+00:00,bat1skaf,pooi,bat1skaf,black,1/2-1/2,draw,,bullet,,Standard,60+0,60.0,0.0,1506.0,1503.0,1506.0,-3.0,59,30,29,31.0,1.0689655172413792,1.0,0.0,,0.0,1.0,English Opening: Agincourt Defense,Normal
caMEiCEa,2026-05-21 15:50:17+00:00,bat1skaf,bat1skaf,erymagoo12,white,0-1,loss,,bullet,,Standard,60+0,60.0,0.0,1503.0,1509.0,1509.0,-6.0,68,34,34,60.0,1.7647058823529411,1.0,0.17647058823529413,,0.0,1.0,Italian Game: Classical Variation,Time forfeit
Ym0qnZ4I,2026-05-21 15:52:21+00:00,bat1skaf,Alhassan00,bat1skaf,black,0-1,win,,bullet,,Standard,60+0,60.0,0.0,1390.0,1497.0,1390.0,107.0,60,30,30,53.0,1.7666666666666666,2.0,0.06666666666666667,,0.0,1.0,"Ruy Lopez: Berlin Defense, Anti-Berlin Variation",Time forfeit
dEUsEKmP,2026-05-22 16:20:44+00:00,bat1skaf,R2122207,bat1skaf,black,1-0,loss,,bullet,,Standard,60+0,60.0,0.0,1593.0,1501.0,1593.0,-92.0,73,37,36,59.0,1.6388888888888888,1.0,0.19444444444444445,,0.0,1.0,Hungarian Opening: Catalan Formation,Time forfeit
ejaYpvl3,2026-05-22 16:22:50+00:00,bat1skaf,bat1skaf,nfghgg,white,1/2-1/2,draw,,bullet,,Standard,60+0,60.0,0.0,1497.0,1479.0,1479.0,18.0,105,53,53,58.0,1.0943396226415094,1.0,0.37735849056603776,,0.0,1.0,French Defense: Knight Variation,Time forfeit
DpXMMUQE,2026-05-22 16:25:10+00:00,bat1skaf,bat1skaf,Durdona_2006,white,0-1,loss,,bullet,,Standard,60+0,60.0,0.0,1497.0,1512.0,1512.0,-15.0,36,18,18,23.0,1.2777777777777777,1.0,0.0,,0.0,1.0,Sicilian Defense: Old Sicilian,Normal
1XxHdYml,2026-05-22 16:26:34+00:00,bat1skaf,bat1skaf,mkjn72,white,1-0,win,,blitz,,Standard,300+3,300.0,3.0,1328.0,1314.0,1314.0,14.0,113,57,57,461.0,8.087719298245615,4.0,0.5263157894736842,1.4608928571428572,0.9824561403508771,1.0,"Scandinavian Defense: Main Line, Mieses Variation",Time forfeit
9vipS5dc,2026-05-22 17:29:58+00:00,bat1skaf,TyTheDuck,bat1skaf,black,1-0,loss,,blitz,,Standard,300+3,300.0,3.0,1364.0,1333.0,1364.0,-31.0,41,21,20,292.0,14.6,14.5,0.0,1.6800000000000002,1.0,1.0,Danish Gambit,Normal
TC0jHGYz,2026-05-22 17:38:07+00:00,bat1skaf,Avoprak,bat1skaf,black,0-1,win,,blitz,,Standard,300+3,300.0,3.0,1326.0,1328.0,1326.0,2.0,146,73,73,482.0,6.602739726027397,4.0,0.3013698630136986,1.2600000000000002,0.9863013698630136,1.0,Center Game: Normal Variation,Normal
umlsMJs0,2026-05-22 17:57:33+00:00,bat1skaf,bat1skaf,ericjr2,white,0-1,loss,,bullet,,Standard,60+0,60.0,0.0,1491.0,1535.0,1535.0,-44.0,76,38,38,43.0,1.131578947368421,1.0,0.0,,0.0,1.0,Modern Defense,Normal
bmp4AuRZ,2026-05-22 17:59:42+00:00,bat1skaf,Mohamed078,bat1skaf,black,1-0,loss,,bullet,,Standard,60+0,60.0,0.0,1463.0,1486.0,1463.0,23.0,57,29,28,57.0,2.0357142857142856,2.0,0.2857142857142857,1.3903571428571428,1.0,1.0,Saragossa Opening,Normal
1z6tKzIA,2026-05-22 18:01:29+00:00,bat1skaf,Comrade_Pupper,bat1skaf,black,0-1,win,,bullet,,Standard,60+0,60.0,0.0,1474.0,1480.0,1474.0,6.0,68,34,34,51.0,1.5,1.0,0.08823529411764706,0.4102941176470588,1.0,1.0,English Opening: Agincourt Defense,Time forfeit
TkM3Y9u4,2026-05-22 18:30:00+00:00,bat1skaf,bat1skaf,CPmishra3,white,0-1,loss,,bullet,,Standard,60+0,60.0,0.0,1486.0,1607.0,1607.0,-121.0,92,46,46,60.0,1.3043478260869565,1.0,0.2391304347826087,,0.0,1.0,Italian Game: Classical Variation,Time forfeit
kzFfco1p,2026-05-22 19:10:12+00:00,bat1skaf,ziyayolcu,bat1skaf,black,0-1,win,,blitz,,Standard,300+3,300.0,3.0,1373.0,1334.0,1373.0,-39.0,56,28,28,330.0,11.785714285714286,9.0,0.0,,0.0,1.0,Mieses Opening,Normal
X8iNhdQ8,2026-05-22 19:52:45+00:00,bat1skaf,bat1skaf,Balrog_aka_SD,white,0-1,loss,,bullet,,Standard,60+0,60.0,0.0,1482.0,1492.0,1492.0,-10.0,42,21,21,26.0,1.2380952380952381,1.0,0.0,,0.0,1.0,Scandinavian Defense: Modern Variation,Normal
N1F4MjPu,2026-05-22 19:53:55+00:00,bat1skaf,bat1skaf,a3axapob,white,1-0,win,,bullet,,Standard,60+0,60.0,0.0,1476.0,1430.0,1430.0,46.0,39,20,20,37.0,1.85,1.0,0.0,1.1705263157894736,0.95,1.0,Petrov's Defense: Stafford Gambit,Time forfeit
YfPXTuDA,2026-05-22 19:55:42+00:00,bat1skaf,Sypicoupa,bat1skaf,black,0-1,win,,bullet,,Standard,60+0,60.0,0.0,1514.0,1481.0,1514.0,-33.0,52,26,26,56.0,2.1538461538461537,2.0,0.19230769230769232,,0.0,1.0,Scotch Game: Haxo Gambit,Time forfeit
7MHPTiyX,2026-05-22 19:58:00+00:00,bat1skaf,bat1skaf,Kronkk,white,1-0,win,,bullet,,Standard,60+0,60.0,0.0,1487.0,1456.0,1456.0,31.0,45,23,23,45.0,1.9565217391304348,2.0,0.0,,0.0,1.0,Scandinavian Defense: Valencian Variation,Normal
QZv5Nkv0,2026-05-22 20:02:51+00:00,bat1skaf,pebbleport,bat1skaf,black,1-0,loss,,bullet,,Standard,60+0,60.0,0.0,1513.0,1492.0,1513.0,-21.0,55,28,27,45.0,1.6666666666666667,2.0,0.0,,0.0,1.0,"French Defense: Advance Variation, Nimzowitsch System",Normal
nOmOpNBA,2026-05-22 20:04:40+00:00,bat1skaf,Jpizzle1986,bat1skaf,black,0-1,win,,bullet,,Standard,60+0,60.0,0.0,1459.0,1487.0,1459.0,28.0,40,20,20,34.0,1.7,1.0,0.0,,0.0,1.0,King's Pawn Game: Leonardis Variation,Normal
y8HTHXhU,2026-05-22 20:05:53+00:00,bat1skaf,bat1skaf,YOEL-UPSJB,white,0-1,loss,,bullet,,Standard,60+0,60.0,0.0,1493.0,1503.0,1503.0,-10.0,106,53,53,44.0,0.8301886792452831,1.0,0.0,,0.0,1.0,Modern Defense,Normal
pMWNgUxx,2026-05-22 20:07:58+00:00,bat1skaf,bat1skaf,Danasfar92,white,0-1,loss,,bullet,,Standard,60+0,60.0,0.0,1487.0,1495.0,1495.0,-8.0,45,23,23,18.0,0.782608695652174,1.0,0.0,,0.0,1.0,Zukertort Opening: Lemberger Gambit,Normal
Pk18Jghs,2026-05-22 20:08:52+00:00,bat1skaf,Pb1972,bat1skaf,black,0-1,win,,bullet,,Standard,60+0,60.0,0.0,1486.0,1481.0,1486.0,-5.0,54,27,27,47.0,1.7407407407407407,2.0,0.0,,0.0,1.0,Queen's Gambit Declined,Time forfeit
KG37xW1j,2026-05-22 20:11:02+00:00,bat1skaf,bat1skaf,VladSitro,white,1-0,win,,bullet,,Standard,60+0,60.0,0.0,1487.0,1515.0,1515.0,-28.0,45,23,23,45.0,1.9565217391304348,2.0,0.0,0.37090909090909085,0.9565217391304348,1.0,"Italian Game: Two Knights Defense, Traxler Counterattack",Time forfeit
mMQwuw6G,2026-05-22 20:21:49+00:00,bat1skaf,bat1skaf,climbingvanguy,white,1-0,win,,bullet,,Standard,60+0,60.0,0.0,1493.0,1496.0,1496.0,-3.0,67,34,34,54.0,1.588235294117647,1.0,0.058823529411764705,,0.0,1.0,Italian Game: Classical Variation,Normal
5FfWFcAl,2026-05-22 20:24:12+00:00,bat1skaf,negociant,bat1skaf,black,1-0,loss,,blitz,,Standard,300+3,300.0,3.0,1386.0,1341.0,1386.0,-45.0,33,17,16,116.0,7.25,6.5,0.0,,0.0,1.0,Scotch Game,Normal
uji580z7,2026-05-22 20:28:54+00:00,bat1skaf,bat1skaf,Rafaelht23,white,0-1,loss,,bullet,,Standard,60+0,60.0,0.0,1499.0,1443.0,1443.0,56.0,80,40,40,59.0,1.475,1.0,0.175,,0.0,1.0,Pirc Defense,Time forfeit
nHCb6Heo,2026-05-22 20:31:06+00:00,bat1skaf,Drunk_Mattiaker,bat1skaf,black,0-1,win,,bullet,,Standard,60+0,60.0,0.0,1398.0,1492.0,1398.0,94.0,70,35,35,53.0,1.5142857142857142,1.0,0.05714285714285714,,0.0,1.0,Mieses Opening,Time forfeit
lwscFhbV,2026-05-22 20:33:09+00:00,bat1skaf,Mohammed_Alu,bat1skaf,black,0-1,win,,bullet,,Standard,60+0,60.0,0.0,1504.0,1496.0,1504.0,-8.0,70,35,35,59.0,1.6857142857142857,1.0,0.2,1.8308571428571427,1.0,1.0,Vienna Game: Max Lange Defense,Time forfeit
H2am7icQ,2026-05-22 20:35:22+00:00,bat1skaf,bat1skaf,vicmex,white,1-0,win,,bullet,,Standard,60+0,60.0,0.0,1502.0,1442.0,1442.0,60.0,89,45,45,54.0,1.2,1.0,0.08888888888888889,,0.0,1.0,Italian Game: Anti-Fried Liver Defense,Time forfeit
VgXWWvNN,2026-05-22 20:37:39+00:00,bat1skaf,bat1skaf,eeeeeeef,white,0-1,loss,,bullet,,Standard,60+0,60.0,0.0,1507.0,1507.0,1507.0,0.0,60,30,30,51.0,1.7,1.0,0.03333333333333333,,0.0,1.0,Sicilian Defense: French Variation,Normal
bGlWNrV3,2026-05-22 20:40:14+00:00,bat1skaf,chessychevy,bat1skaf,black,1-0,loss,,blitz,,Standard,300+3,300.0,3.0,1318.0,1336.0,1318.0,18.0,45,23,22,320.0,14.545454545454545,12.0,0.0,0.7418181818181818,1.0,1.0,King's Gambit Accepted: Modern Defense,Normal
XNLt63Vg,2026-05-22 21:36:50+00:00,bat1skaf,OrlandiKill,bat1skaf,black,1-0,loss,,bullet,,Standard,60+0,60.0,0.0,1433.0,1501.0,1433.0,68.0,47,24,23,38.0,1.6521739130434783,1.0,0.0,,0.0,1.0,Ruy Lopez: Classical Variation,Normal
JjxPUxmB,2026-05-22 21:38:42+00:00,bat1skaf,bat1skaf,ssaaww122,white,0-1,loss,,bullet,,Standard,60+0,60.0,0.0,1495.0,1436.0,1436.0,59.0,86,43,43,60.0,1.3953488372093024,1.0,0.4418604651162791,,0.0,1.0,"Latvian Gambit: Mayet Attack, Polerio-Svedenborg Variation",Time forfeit
nL9F1kgS,2026-05-22 21:40:56+00:00,bat1skaf,Dishydammie,bat1skaf,black,0-1,win,,bullet,,Standard,60+0,60.0,0.0,1523.0,1488.0,1523.0,-35.0,54,27,27,41.0,1.5185185185185186,1.0,0.0,,0.0,1.0,Italian Game: Classical Variation,Time forfeit
VCU6cLyM,2026-05-22 21:42:52+00:00,bat1skaf,bat1skaf,batupro56,white,1-0,win,,bullet,,Standard,60+0,60.0,0.0,1494.0,1572.0,1572.0,-78.0,97,49,49,58.0,1.2083333333333333,1.0,0.02040816326530612,,0.0,0.9795918367346939,Caro-Kann Defense,Time forfeit
IDzv6joX,2026-05-22 21:45:45+00:00,bat1skaf,mirzabeyyyy,bat1skaf,black,0-1,win,,bullet,,Standard,60+0,60.0,0.0,1494.0,1501.0,1494.0,7.0,74,37,37,60.0,1.6216216216216217,1.0,0.2702702702702703,,0.0,1.0,King's Gambit Accepted: MacLeod Defense,Time forfeit
nvc7dXJY,2026-05-23 10:06:13+00:00,bat1skaf,bat1skaf,Danger_boy_82,white,1-0,win,,bullet,,Standard,60+0,60.0,0.0,1507.0,1528.0,1528.0,-21.0,99,50,50,48.0,0.96,1.0,0.0,,0.0,1.0,Caro-Kann Defense: Exchange Variation,Time forfeit
siCJCArN,2026-05-23 10:08:20+00:00,bat1skaf,Cheval_de_bois,bat1skaf,black,1-0,loss,,bullet,,Standard,60+0,60.0,0.0,1489.0,1513.0,1489.0,24.0,83,42,41,50.0,1.2195121951219512,1.0,0.0975609756097561,,0.0,1.0,Horwitz Defense,Normal
NmUZbeCG,2026-05-23 10:10:21+00:00,bat1skaf,bat1skaf,Ranjith_K4,white,1-0,win,,bullet,,Standard,60+0,60.0,0.0,1507.0,1528.0,1528.0,-21.0,47,24,24,39.0,1.625,1.0,0.0,,0.0,1.0,Caro-Kann Defense,Time forfeit
X5OTgRQM,2026-05-23 10:12:31+00:00,bat1skaf,Cesarlopezvanega,bat1skaf,black,0-1,win,,blitz,,Standard,300+3,300.0,3.0,1325.0,1330.0,1325.0,5.0,48,24,24,332.0,13.833333333333334,9.0,0.0,0.35708333333333336,1.0,1.0,Scotch Game: Scotch Gambit,Normal
5adm2hVa,2026-05-23 10:25:13+00:00,bat1skaf,bat1skaf,Karel77K,white,0-1,loss,,bullet,,Standard,60+0,60.0,0.0,1513.0,1566.0,1566.0,-53.0,48,24,24,53.0,2.2083333333333335,1.5,0.125,0.6791304347826087,0.9583333333333334,1.0,French Defense: Exchange Variation,Normal
Z0yXozUL,2026-05-23 10:27:09+00:00,bat1skaf,Sacrinum,bat1skaf,black,0-1,win,,blitz,,Standard,300+3,300.0,3.0,1245.0,1336.0,1245.0,91.0,33,17,16,133.0,8.3125,3.5,0.0,0.4,1.0,1.0,Four Knights Game: Italian Variation,Normal
JK7Qzi3s,2026-05-23 10:32:15+00:00,bat1skaf,shreyan37,bat1skaf,black,1-0,loss,,blitz,,Standard,300+3,300.0,3.0,1367.0,1341.0,1367.0,-26.0,73,37,36,363.0,10.083333333333334,7.0,0.0,0.43805555555555553,1.0,1.0,Four Knights Game: Italian Variation,Normal
RbXTNhhk,2026-05-23 11:27:16+00:00,bat1skaf,bat1skaf,only_n1ki,white,1-0,win,,blitz,,Standard,300+3,300.0,3.0,1336.0,1336.0,1336.0,0.0,25,13,13,94.0,7.230769230769231,4.0,0.0,0.12333333333333334,0.9230769230769231,1.0,French Defense: Exchange Variation,Normal
JnSQAaMs,2026-05-23 11:29:38+00:00,bat1skaf,QuietLieet,bat1skaf,black,1/2-1/2,draw,,blitz,,Standard,300+3,300.0,3.0,1281.0,1341.0,1281.0,60.0,127,64,63,464.0,7.365079365079365,5.0,0.36507936507936506,0.7380952380952381,1.0,1.0,French Defense: Advance Variation,Normal
eGpbnwmB,2026-05-23 11:47:53+00:00,bat1skaf,bat1skaf,Tufan_MCT,white,0-1,loss,,blitz,,Standard,300+3,300.0,3.0,1340.0,1341.0,1341.0,-1.0,40,20,20,281.0,14.05,9.0,0.0,1.03,0.95,1.0,French Defense: Exchange Variation,Normal
MKD1s0xp,2026-05-23 11:55:21+00:00,bat1skaf,williamgrazmann,bat1skaf,black,0-1,win,,blitz,,Standard,300+3,300.0,3.0,1326.0,1334.0,1326.0,8.0,24,12,12,108.0,9.0,6.0,0.0,0.3641666666666667,1.0,1.0,French Defense: Advance Variation,Normal
HOV0b67v,2026-05-23 12:01:07+00:00,bat1skaf,bat1skaf,Justunluck,white,0-1,loss,,blitz,,Standard,300+3,300.0,3.0,1340.0,1335.0,1335.0,5.0,66,33,33,387.0,11.727272727272727,9.0,0.21212121212121213,1.24125,0.9696969696969697,1.0,Owen Defense,Normal
dYLCNqx6,2026-05-23 12:20:58+00:00,bat1skaf,professorizac,bat1skaf,black,1-0,loss,,bullet,,Standard,60+0,60.0,0.0,1572.0,1508.0,1572.0,-64.0,24,12,12,16.0,1.3333333333333333,1.0,0.0,1.0066666666666666,1.0,1.0,King's Pawn Game: Napoleon Attack,Normal
pudj0TyF,2026-05-23 12:21:44+00:00,bat1skaf,bat1skaf,joshie1,white,0-1,loss,,bullet,,Standard,60+0,60.0,0.0,1503.0,1597.0,1597.0,-94.0,92,46,46,56.0,1.2173913043478262,1.0,0.2391304347826087,0.548888888888889,0.9782608695652174,1.0,Modern Defense,Normal
uuENIC84,2026-05-23 12:23:49+00:00,bat1skaf,bat1skaf,Syfrrh100,white,0-1,loss,,bullet,,Standard,60+0,60.0,0.0,1499.0,1454.0,1454.0,45.0,102,51,51,60.0,1.1764705882352942,1.0,0.23529411764705882,0.6958,0.9803921568627451,1.0,Philidor Defense,Time forfeit
oMSv6RZi,2026-05-23 12:26:09+00:00,bat1skaf,Wanlance,bat1skaf,black,0-1,win,,bullet,,Standard,60+0,60.0,0.0,1493.0,1492.0,1493.0,-1.0,78,39,39,46.0,1.1794871794871795,1.0,0.0,0.25820512820512814,1.0,1.0,Van't Kruijs Opening,Time forfeit
voumFkhr,2026-05-23 12:28:13+00:00,bat1skaf,monta_1973,bat1skaf,black,0-1,win,,bullet,,Standard,60+0,60.0,0.0,1465.0,1498.0,1465.0,33.0,58,29,29,51.0,1.7586206896551724,2.0,0.06896551724137931,,0.0,1.0,English Opening: Agincourt Defense,Time forfeit
hngnIwWl,2026-05-23 12:30:35+00:00,bat1skaf,bat1skaf,Abaky,white,0-1,loss,,bullet,,Standard,60+0,60.0,0.0,1503.0,1508.0,1508.0,-5.0,108,54,54,58.0,1.0740740740740742,1.0,0.37037037037037035,,0.0,1.0,Petrov's Defense,Normal
UoQ6VDlL,2026-05-23 12:32:51+00:00,bat1skaf,hash0x,bat1skaf,black,1-0,loss,,bullet,,Standard,60+0,60.0,0.0,1597.0,1498.0,1597.0,-99.0,57,29,28,41.0,1.4642857142857142,1.0,0.0,,0.0,1.0,Nimzo-Larsen Attack,Normal
JbnZGnxP,2026-05-23 12:34:55+00:00,bat1skaf,bat1skaf,Nevercrusade,white,0-1,loss,,bullet,,Standard,60+0,60.0,0.0,1494.0,1510.0,1510.0,-16.0,114,57,57,60.0,1.0526315789473684,1.0,0.19298245614035087,,0.0,1.0,Scandinavian Defense: Mieses-Kotroc Variation,Time forfeit
Mf63WJfk,2026-05-23 12:36:48+00:00,bat1skaf,bat1skaf,Meemeemeemeem,white,1-0,win,,bullet,,Standard,60+0,60.0,0.0,1488.0,1506.0,1506.0,-18.0,75,38,38,48.0,1.263157894736842,1.0,0.0,,0.0,1.0,Ponziani Opening: Neumann Gambit,Time forfeit
nt5QI3dp,2026-05-23 12:38:48+00:00,bat1skaf,bat1skaf,lTheHoundl,white,1-0,win,,bullet,,Standard,60+0,60.0,0.0,1494.0,1438.0,1438.0,56.0,71,36,36,53.0,1.4722222222222223,1.0,0.1388888888888889,,0.0,1.0,Philidor Defense: Exchange Variation,Time forfeit
v5AQU2ql,2026-05-23 12:42:14+00:00,bat1skaf,onlyKx,bat1skaf,black,1-0,loss,,bullet,,Standard,60+0,60.0,0.0,1519.0,1499.0,1519.0,-20.0,43,22,21,35.0,1.6666666666666667,2.0,0.0,1.1199999999999999,1.0,1.0,French Defense: Steinitz Attack,Normal
NBRNGDnT,2026-05-23 12:43:56+00:00,bat1skaf,xuen0718,bat1skaf,black,1-0,loss,,bullet,,Standard,60+0,60.0,0.0,1416.0,1493.0,1416.0,77.0,117,59,58,60.0,1.0344827586206897,1.0,0.5689655172413793,,0.0,1.0,Sicilian Defense: Marshall Counterattack,Time forfeit
zbN5H2nW,2026-05-23 12:46:14+00:00,bat1skaf,bat1skaf,abutoto,white,1-0,win,,bullet,,Standard,60+0,60.0,0.0,1487.0,1465.0,1465.0,22.0,67,34,34,38.0,1.1176470588235294,1.0,0.0,,0.0,1.0,Scandinavian Defense: Main Line,Time forfeit
r0zvOYyD,2026-05-23 12:48:20+00:00,bat1skaf,liberkuhn,bat1skaf,black,1-0,loss,,bullet,,Standard,60+0,60.0,0.0,1527.0,1492.0,1527.0,-35.0,105,53,52,44.0,0.8461538461538461,1.0,0.0,,0.0,1.0,Horwitz Defense,Normal
j2VRETsx,2026-05-23 12:50:21+00:00,bat1skaf,bat1skaf,magoo4ify,white,1-0,win,,bullet,,Standard,60+0,60.0,0.0,1487.0,1560.0,1560.0,-73.0,47,24,24,42.0,1.75,1.0,0.0,,0.0,1.0,St. George Defense,Time forfeit
lp0lVuwE,2026-05-23 12:54:48+00:00,bat1skaf,bat1skaf,fletox,white,0-1,loss,,bullet,,Standard,60+0,60.0,0.0,1494.0,1527.0,1527.0,-33.0,74,37,37,51.0,1.3783783783783783,1.0,0.05405405405405406,1.0769444444444445,0.972972972972973,1.0,Sicilian Defense: Open,Normal
sXV1wccy,2026-05-23 12:56:57+00:00,bat1skaf,Trufaux,bat1skaf,black,1-0,loss,,bullet,,Standard,60+0,60.0,0.0,1445.0,1488.0,1445.0,43.0,71,36,35,46.0,1.3142857142857143,1.0,0.0,,0.0,1.0,French Defense: Exchange Variation,Normal
yAulDFpr,2026-05-23 12:58:56+00:00,bat1skaf,bat1skaf,Bratgnu,white,0-1,loss,,bullet,,Standard,60+0,60.0,0.0,1482.0,1426.0,1426.0,56.0,68,34,34,34.0,1.0,1.0,0.0,,0.0,1.0,Caro-Kann Defense: Exchange Variation,Normal
ylcreniH,2026-05-23 14:01:13+00:00,bat1skaf,king_of_kubernetes,bat1skaf,black,1-0,loss,,bullet,,Standard,60+0,60.0,0.0,1466.0,1475.0,1466.0,9.0,41,21,20,31.0,1.55,1.0,0.0,,0.0,1.0,English Opening: Agincourt Defense,Normal
G61Hrx2k,2026-05-23 14:03:25+00:00,bat1skaf,bmc-rc,bat1skaf,black,1-0,loss,,blitz,,Standard,300+3,300.0,3.0,1392.0,1334.0,1392.0,-58.0,61,31,30,385.0,12.833333333333334,7.5,0.3,,0.0,1.0,Italian Game: Classical Variation,Time forfeit
rUcQxd0q,2026-05-23 14:22:31+00:00,bat1skaf,PatriKarp,bat1skaf,black,0-1,win,,bullet,,Standard,60+0,60.0,0.0,1473.0,1470.0,1473.0,-3.0,72,36,36,48.0,1.3333333333333333,1.0,0.0,,0.0,1.0,Horwitz Defense,Time forfeit
aWwzuVkN,2026-05-23 14:24:40+00:00,bat1skaf,bat1skaf,iso2021,white,1-0,win,,blitz,,Standard,300+3,300.0,3.0,1330.0,1357.0,1357.0,-27.0,105,53,53,429.0,8.09433962264151,7.0,0.11320754716981132,,0.0,1.0,Italian Game: Classical Variation,Normal
KY9EXxYN,2026-05-24 19:30:30+00:00,bat1skaf,bat1skaf,smokke,white,0-1,loss,,bullet,,Standard,60+0,60.0,0.0,1476.0,1469.0,1469.0,7.0,56,28,28,46.0,1.6428571428571428,1.0,0.0,,0.0,1.0,Caro-Kann Defense: Exchange Variation,Normal
gZJL6e6c,2026-05-24 19:33:22+00:00,bat1skaf,LarsOy,bat1skaf,black,1-0,loss,,blitz,,Standard,300+3,300.0,3.0,1351.0,1336.0,1351.0,-15.0,61,31,30,371.0,12.366666666666667,10.5,0.2,,0.0,1.0,"Rapport-Jobava System, with e6",Normal
HV4WPTRM,2026-05-24 19:43:25+00:00,bat1skaf,bat1skaf,lfcmoraes,white,1-0,win,,rapid,,Standard,600+0,600.0,0.0,1494.0,1536.0,1536.0,-42.0,77,39,39,369.0,9.461538461538462,7.0,0.0,0.6363157894736842,0.9743589743589743,1.0,"Caro-Kann Defense: Advance Variation, Botvinnik-Carls Defense",Normal
aTDnZpdS,2026-05-24 20:26:51+00:00,bat1skaf,the-grizzly-bear,bat1skaf,black,0-1,win,,blitz,,Standard,300+3,300.0,3.0,1382.0,1330.0,1382.0,-52.0,32,16,16,146.0,9.125,4.5,0.0,,0.0,1.0,Queen's Gambit Declined: Tarrasch Defense,Normal
VJBzUQQQ,2026-05-24 21:28:16+00:00,bat1skaf,bat1skaf,fobby___bischer,white,0-1,loss,,rapid,,Standard,600+0,600.0,0.0,1560.0,1520.0,1520.0,40.0,54,27,27,373.0,13.814814814814815,11.0,0.0,0.5884615384615384,0.9629629629629629,1.0,Sicilian Defense: Old Sicilian,Normal
33j1Q8wG,2026-05-24 21:38:52+00:00,bat1skaf,bat1skaf,RsPel,white,1-0,win,,blitz,,Standard,300+3,300.0,3.0,1337.0,1311.0,1311.0,26.0,83,42,42,412.0,9.80952380952381,5.0,0.35714285714285715,0.46926829268292686,0.9761904761904762,1.0,Italian Game: Paris Defense,Normal
b78DEHmS,2026-05-24 21:55:12+00:00,bat1skaf,Trauco00,bat1skaf,black,0-1,win,,blitz,,Standard,300+3,300.0,3.0,1277.0,1342.0,1277.0,65.0,78,39,39,309.0,7.923076923076923,5.0,0.0,0.2151282051282051,1.0,1.0,French Defense: Advance Variation,Normal
PG595XjP,2026-05-24 22:09:52+00:00,bat1skaf,Gerald_Asamoah,bat1skaf,black,0-1,win,,blitz,,Standard,300+3,300.0,3.0,1297.0,1347.0,1297.0,50.0,94,47,47,434.0,9.23404255319149,4.0,0.574468085106383,0.4997872340425532,1.0,1.0,King's Pawn Game: Wayward Queen Attack,Time forfeit
Uph5K69d,2026-05-24 22:27:42+00:00,bat1skaf,bat1skaf,Tau1788,white,0-1,loss,,blitz,,Standard,300+3,300.0,3.0,1352.0,1319.0,1319.0,33.0,102,51,51,334.0,6.549019607843137,4.0,0.0,0.4013999999999999,0.9803921568627451,1.0,"Italian Game: Two Knights Defense, Knight Attack, Normal Variation",Normal
4cRlEDCS,2026-05-25 15:22:02+00:00,bat1skaf,MusaPodgorica,bat1skaf,black,1-0,loss,,blitz,,Standard,300+3,300.0,3.0,1369.0,1346.0,1369.0,-23.0,51,26,25,312.0,12.48,10.0,0.0,,0.0,1.0,Hungarian Opening: Catalan Formation,Normal
HyHmfKKC,2026-05-25 15:31:10+00:00,bat1skaf,Arunkumar2514,bat1skaf,black,1-0,loss,,rapid,,Standard,600+0,600.0,0.0,1387.0,1501.0,1387.0,114.0,105,53,52,597.0,11.48076923076923,8.0,0.21153846153846154,0.4042307692307692,1.0,1.0,Italian Game: Classical Variation,Time forfeit
W4795vA7,2026-05-25 15:49:07+00:00,bat1skaf,bat1skaf,LeoBritto,white,1/2-1/2,draw,,rapid,,Standard,600+0,600.0,0.0,1444.0,1435.0,1435.0,9.0,70,35,35,440.0,12.571428571428571,10.0,0.0,,0.0,1.0,King's Pawn Game: Damiano Defense,Normal
sbplTQFE,2026-05-25 16:52:59+00:00,bat1skaf,TK-591,bat1skaf,black,0-1,win,,rapid,,Standard,600+0,600.0,0.0,1570.0,1441.0,1570.0,-129.0,65,33,32,500.0,15.625,13.5,0.0,1.090625,1.0,1.0,Scotch Game: Haxo Gambit,Normal
5bdLGKsc,2026-05-25 17:06:46+00:00,bat1skaf,bat1skaf,arunavsahu,white,0-1,loss,,blitz,,Standard,300+3,300.0,3.0,1340.0,1346.0,1346.0,-6.0,46,23,23,258.0,11.217391304347826,10.0,0.0,,0.0,1.0,Italian Game: Hungarian Defense,Normal
WLttVntp,2026-05-25 20:03:45+00:00,bat1skaf,bat1skaf,zoufik,white,1-0,win,,bullet,,Standard,60+0,60.0,0.0,1470.0,1433.0,1433.0,37.0,95,48,48,56.0,1.1666666666666667,1.0,0.3125,,0.0,1.0,King's Pawn Game,Time forfeit
Rfb71YE3,2026-05-25 22:16:20+00:00,bat1skaf,Elkku48,bat1skaf,black,1-0,loss,,blitz,,Standard,300+3,300.0,3.0,1377.0,1335.0,1377.0,-42.0,23,12,11,104.0,9.454545454545455,5.0,0.0,,0.0,1.0,Vienna Game: Max Lange Defense,Normal
aOqngw8i,2026-05-25 22:22:15+00:00,bat1skaf,bat1skaf,christusik,white,0-1,loss,,blitz,,Standard,300+3,300.0,3.0,1330.0,1273.0,1273.0,57.0,68,34,34,362.0,10.647058823529411,7.0,0.0,,0.0,1.0,French Defense: Exchange Variation,Normal
MgOxCtIi,2026-05-26 15:07:06+00:00,bat1skaf,SurajK888,bat1skaf,black,1-0,loss,,blitz,,Standard,300+3,300.0,3.0,1356.0,1323.0,1356.0,-33.0,36,18,18,104.0,5.777777777777778,3.5,0.0,,0.0,1.0,Horwitz Defense,Normal
gZdHjqxq,2026-05-26 15:10:15+00:00,bat1skaf,FChico21,bat1skaf,black,0-1,win,,blitz,,Standard,300+3,300.0,3.0,1307.0,1318.0,1307.0,11.0,74,37,37,330.0,8.91891891891892,6.0,0.0,,0.0,1.0,Queen's Gambit Declined,Normal
V9EKwMVZ,2026-05-26 15:18:02+00:00,bat1skaf,bat1skaf,Erakmur,white,1-0,win,,blitz,,Standard,300+3,300.0,3.0,1324.0,1309.0,1309.0,15.0,59,30,30,349.0,11.633333333333333,6.5,0.0,0.9372413793103448,0.9666666666666667,1.0,Pirc Defense: Classical Variation,Time forfeit
7H0dULhz,2026-05-26 15:30:51+00:00,bat1skaf,bat1skaf,dearraheelahmad,white,0-1,loss,,blitz,,Standard,300+3,300.0,3.0,1329.0,1331.0,1331.0,-2.0,56,28,28,252.0,9.0,7.5,0.0,,0.0,1.0,Philidor Defense,Normal
Cr0tTHyZ,2026-05-27 09:45:38+00:00,bat1skaf,Pharmacy1337,bat1skaf,black,1-0,loss,,blitz,,Standard,300+3,300.0,3.0,1296.0,1323.0,1296.0,27.0,48,24,24,212.0,8.833333333333334,5.0,0.0,0.8425000000000001,1.0,1.0,English Opening: Agincourt Defense,Normal
8LQqRnZX,2026-05-27 09:52:59+00:00,bat1skaf,Asmode0,bat1skaf,black,1-0,loss,,blitz,,Standard,300+3,300.0,3.0,1372.0,1317.0,1372.0,-55.0,53,27,26,278.0,10.692307692307692,11.0,0.0,,0.0,1.0,Italian Game: Classical Variation,Normal
d51poFGd,2026-05-27 10:01:49+00:00,bat1skaf,bat1skaf,Royalyu,white,1-0,win,,blitz,,Standard,300+3,300.0,3.0,1312.0,1272.0,1272.0,40.0,47,24,24,266.0,11.083333333333334,8.0,0.0,,0.0,1.0,Italian Game: Classical Variation,Normal
GabsZY53,2026-05-29 11:18:56+00:00,bat1skaf,bat1skaf,dopravce,white,1-0,win,,blitz,,Standard,300+3,300.0,3.0,1317.0,1311.0,1311.0,6.0,75,38,38,392.0,10.31578947368421,6.5,0.05263157894736842,0.31945945945945947,0.9736842105263158,1.0,Caro-Kann Defense: Advance Variation,Time forfeit
EGokjbAt,2026-05-29 11:34:14+00:00,bat1skaf,bat1skaf,bmc-rc,white,1-0,win,,blitz,,Standard,300+3,300.0,3.0,1323.0,1390.0,1390.0,-67.0,91,46,46,421.0,9.152173913043478,3.5,0.45652173913043476,0.8004444444444444,0.9782608695652174,1.0,French Defense: Exchange Variation,Normal
z4En0K5B,2026-05-29 11:48:37+00:00,bat1skaf,vkolt,bat1skaf,black,1-0,loss,,blitz,,Standard,300+3,300.0,3.0,1346.0,1330.0,1346.0,-16.0,67,34,33,353.0,10.696969696969697,7.0,0.0,,0.0,1.0,Four Knights Game: Halloween Gambit,Normal
31VmVvtZ,2026-05-29 11:58:20+00:00,bat1skaf,bat1skaf,Orcanius,white,0-1,loss,,blitz,,Standard,300+3,300.0,3.0,1324.0,1369.0,1369.0,-45.0,46,23,23,271.0,11.782608695652174,7.0,0.0,,0.0,1.0,Italian Game: Classical Variation,Normal
5bZjLCGH,2026-05-29 13:47:09+00:00,bat1skaf,sergeyvprokof,bat1skaf,black,0-1,win,,blitz,,Standard,300+3,300.0,3.0,1338.0,1319.0,1338.0,-19.0,58,29,29,382.0,13.172413793103448,6.0,0.13793103448275862,1.6272413793103448,1.0,1.0,Italian Game: Evans Gambit Accepted,Time forfeit
ID9fhXmC,2026-05-29 14:02:14+00:00,bat1skaf,Srknn01,bat1skaf,black,1-0,loss,,blitz,,Standard,300+3,300.0,3.0,1342.0,1326.0,1342.0,-16.0,59,30,29,376.0,12.96551724137931,9.0,0.10344827586206896,0.5882758620689654,1.0,1.0,Italian Game: Giuoco Piano,Normal
uMrnsVhz,2026-05-29 14:13:55+00:00,bat1skaf,romanXak,bat1skaf,black,0-1,win,,blitz,,Standard,300+3,300.0,3.0,1302.0,1320.0,1302.0,18.0,48,24,24,227.0,9.458333333333334,7.5,0.0,0.27166666666666667,1.0,1.0,"French Defense: Classical Variation, Steinitz Variation",Normal
lejbrJWq,2026-05-29 14:26:55+00:00,bat1skaf,bat1skaf,finomartino,white,0-1,loss,,blitz,,Standard,300+3,300.0,3.0,1326.0,1331.0,1331.0,-5.0,105,53,53,396.0,7.471698113207547,3.0,0.18867924528301888,,0.0,1.0,Sicilian Defense: Old Sicilian,Normal
n8uKASt3,2026-05-29 14:38:01+00:00,bat1skaf,bat1skaf,cbforce,white,1/2-1/2,draw,,blitz,,Standard,300+3,300.0,3.0,1320.0,1411.0,1411.0,-91.0,117,59,59,467.0,7.915254237288136,5.0,0.15254237288135594,,0.0,1.0,Scandinavian Defense: Valencian Variation,Normal
GMthodlc,2026-05-29 14:49:51+00:00,bat1skaf,DANIK1987,bat1skaf,black,0-1,win,,blitz,,Standard,300+3,300.0,3.0,1318.0,1322.0,1318.0,4.0,68,34,34,354.0,10.411764705882353,6.0,0.0,0.548235294117647,1.0,1.0,Danish Gambit,Normal
o2bvlBb9,2026-05-29 15:24:20+00:00,bat1skaf,bat1skaf,luigui_2025,white,1-0,win,,blitz,,Standard,300+3,300.0,3.0,1327.0,1336.0,1336.0,-9.0,55,28,28,369.0,13.178571428571429,6.5,0.2857142857142857,0.6107692307692307,0.9285714285714286,1.0,"Italian Game: Two Knights Defense, Traxler Counterattack",Normal
b1hrDRg1,2026-05-29 15:39:41+00:00,bat1skaf,upiter-2023,bat1skaf,black,1-0,loss,,blitz,,Standard,300+3,300.0,3.0,1407.0,1333.0,1407.0,-74.0,35,18,17,201.0,11.823529411764707,9.0,0.0,0.441764705882353,1.0,1.0,Four Knights Game: Italian Variation,Normal
9ZFgyN1f,2026-05-29 15:47:02+00:00,bat1skaf,ahmtkaya,bat1skaf,black,0-1,win,,blitz,,Standard,300+3,300.0,3.0,1314.0,1329.0,1314.0,15.0,42,21,21,171.0,8.142857142857142,4.0,0.0,0.5633333333333332,1.0,1.0,Horwitz Defense,Normal
i1CE7RDv,2026-05-29 15:53:35+00:00,bat1skaf,bat1skaf,derbananenbieger1,white,0-1,loss,,blitz,,Standard,300+3,300.0,3.0,1334.0,1320.0,1320.0,14.0,65,33,33,386.0,11.696969696969697,7.0,0.30303030303030304,0.5246875,0.9696969696969697,1.0,Scandinavian Defense: Valencian Variation,Normal
DyeqAypf,2026-05-29 16:26:27+00:00,bat1skaf,bat1skaf,JB1982,white,1-0,win,,blitz,,Standard,300+3,300.0,3.0,1328.0,1316.0,1316.0,12.0,23,12,12,92.0,7.666666666666667,5.0,0.0,,0.0,1.0,Philidor Defense: Steinitz Variation,Time forfeit
K4bLh4q0,2026-05-29 16:30:18+00:00,bat1skaf,andresdha,bat1skaf,black,1-0,loss,,blitz,,Standard,300+3,300.0,3.0,1382.0,1334.0,1382.0,-48.0,82,41,41,294.0,7.170731707317073,4.0,0.0,0.5400000000000001,1.0,1.0,Italian Game: Evans Gambit Accepted,Normal
Y5MEDVc6,2026-05-29 16:41:01+00:00,bat1skaf,bat1skaf,MelonSmasher,white,0-1,loss,,blitz,,Standard,300+3,300.0,3.0,1329.0,1277.0,1277.0,52.0,36,18,18,131.0,7.277777777777778,6.0,0.0,,0.0,1.0,Caro-Kann Defense: Endgame Offer,Normal
78i0nM4t,2026-05-29 17:04:37+00:00,bat1skaf,ayufuk,bat1skaf,black,1-0,loss,,blitz,,Standard,300+3,300.0,3.0,1316.0,1322.0,1316.0,6.0,103,52,51,410.0,8.03921568627451,4.0,0.0,,0.0,1.0,Italian Game: Giuoco Piano,Time forfeit
GUSADvdy,2026-05-30 08:53:05+00:00,bat1skaf,palaciegos2024,bat1skaf,black,1-0,loss,,blitz,,Standard,300+3,300.0,3.0,1333.0,1317.0,1333.0,-16.0,81,41,40,406.0,10.15,8.0,0.15,0.96675,1.0,1.0,Horwitz Defense,Normal
E2goZnyv,2026-05-30 15:46:36+00:00,bat1skaf,bat1skaf,Tucho85,white,0-1,loss,,blitz,,Standard,300+3,300.0,3.0,1311.0,1312.0,1312.0,-1.0,18,9,9,48.0,5.333333333333333,3.0,0.0,,0.0,1.0,"Italian Game: Two Knights Defense, Knight Attack, Normal Variation",Normal
SvkzVe7d,2026-05-30 15:48:50+00:00,bat1skaf,bat1skaf,Azizbek_89,white,0-1,loss,,blitz,,Standard,300+3,300.0,3.0,1305.0,1289.0,1289.0,16.0,46,23,23,296.0,12.869565217391305,9.0,0.0,,0.0,1.0,"Italian Game: Two Knights Defense, Knight Attack, Normal Variation",Normal
x8SdcIdK,2026-05-30 16:04:43+00:00,bat1skaf,bat1skaf,mika_he1,white,1-0,win,,blitz,,Standard,300+3,300.0,3.0,1299.0,1241.0,1241.0,58.0,65,33,33,291.0,8.818181818181818,7.0,0.0,,0.0,1.0,Sicilian Defense: French Variation,Normal
FSc6gOBJ,2026-05-30 16:16:06+00:00,bat1skaf,Dilshoh2018,bat1skaf,black,1-0,loss,,blitz,,Standard,300+3,300.0,3.0,1323.0,1304.0,1323.0,-19.0,65,33,32,385.0,12.03125,12.5,0.21875,,0.0,1.0,French Defense: Knight Variation,Normal
wfT8bFJe,2026-05-31 11:31:39+00:00,bat1skaf,Pegasus26,bat1skaf,black,1-0,loss,,blitz,,Standard,300+3,300.0,3.0,1283.0,1299.0,1283.0,16.0,60,30,30,385.0,12.833333333333334,5.0,0.2,,0.0,1.0,"Italian Game: Giuoco Pianissimo, Normal",Normal
PX8tdaHb,2026-05-31 11:44:33+00:00,bat1skaf,bat1skaf,Sergey_Talkarin,white,1-0,win,,blitz,,Standard,300+3,300.0,3.0,1293.0,1251.0,1251.0,42.0,47,24,24,266.0,11.083333333333334,7.0,0.0,,0.0,1.0,Pirc Defense: Classical Variation,Normal
X9DpWvP1,2026-05-31 11:57:39+00:00,bat1skaf,bat1skaf,Bauernopfer_1962,white,0-1,loss,,blitz,,Standard,300+3,300.0,3.0,1298.0,1397.0,1397.0,-99.0,32,16,16,305.0,19.0625,12.5,0.0,1.6133333333333333,0.9375,1.0,Scandinavian Defense: Modern Variation,Normal
f4rh38kt,2026-05-31 12:09:52+00:00,bat1skaf,phix10,bat1skaf,black,1-0,loss,,blitz,,Standard,300+3,300.0,3.0,1337.0,1293.0,1337.0,-44.0,51,26,25,370.0,14.8,10.0,0.2,,0.0,1.0,King's Gambit Accepted: MacLeod Defense,Time forfeit
Nt9iMnjI,2026-05-31 13:16:34+00:00,bat1skaf,cafuringo,bat1skaf,black,1/2-1/2,draw,,blitz,,Standard,300+3,300.0,3.0,1258.0,1289.0,1258.0,31.0,102,51,51,433.0,8.490196078431373,3.0,0.5686274509803921,0.846078431372549,1.0,1.0,Four Knights Game: Scotch Variation Accepted,Normal
N87MpKSx,2026-05-31 13:34:17+00:00,bat1skaf,bat1skaf,Antonio555,white,1-0,win,,blitz,,Standard,300+3,300.0,3.0,1288.0,1251.0,1251.0,37.0,73,37,37,401.0,10.837837837837839,6.0,0.32432432432432434,1.1766666666666667,0.972972972972973,1.0,Italian Game: Classical Variation,Normal
R6ZVOkPP,2026-05-31 13:54:20+00:00,bat1skaf,mma0505,bat1skaf,black,0-1,win,,blitz,,Standard,300+3,300.0,3.0,1260.0,1293.0,1260.0,33.0,102,51,51,447.0,8.764705882352942,5.0,0.47058823529411764,0.4604,0.9803921568627451,1.0,Hungarian Opening: Catalan Formation,Normal
2zyAE7NG,2026-05-31 14:19:48+00:00,bat1skaf,bat1skaf,BrainerTrainer,white,0-1,loss,,blitz,,Standard,300+3,300.0,3.0,1299.0,1294.0,1294.0,5.0,38,19,19,264.0,13.894736842105264,7.0,0.0,,0.0,1.0,French Defense: Exchange Variation,Normal
NOU72ik7,2026-05-31 14:29:36+00:00,bat1skaf,bat1skaf,Medslimen,white,0-1,loss,,blitz,,Standard,300+3,300.0,3.0,1293.0,1330.0,1330.0,-37.0,70,35,35,398.0,11.371428571428572,8.0,0.34285714285714286,,0.0,1.0,"King's Pawn Game: Gunderam Defense, Gunderam Gambit",Time forfeit
iEnHUc9w,2026-05-31 15:38:38+00:00,bat1skaf,bat1skaf,escobar12,white,1-0,win,,blitz,,Standard,300+3,300.0,3.0,1287.0,1299.0,1299.0,-12.0,25,13,13,84.0,6.461538461538462,5.0,0.0,,0.0,1.0,Philidor Defense,Time forfeit
rXRUP5OS,2026-05-31 15:42:57+00:00,bat1skaf,JabSnakes,bat1skaf,black,0-1,win,,blitz,,Standard,300+3,300.0,3.0,1366.0,1293.0,1366.0,-73.0,70,35,35,286.0,8.17142857142857,5.0,0.0,,0.0,1.0,"Scotch Game: Scotch Gambit, Dubois Réti Defense",Normal
E6qoRug0,2026-05-31 16:12:25+00:00,bat1skaf,ArgyriosMitsakos,bat1skaf,black,0-1,win,,blitz,,Standard,300+3,300.0,3.0,1300.0,1300.0,1300.0,0.0,42,21,21,307.0,14.619047619047619,11.0,0.0,0.14190476190476192,1.0,1.0,"Ruy Lopez: Berlin Defense, Beverwijk Variation",Normal
Mz7KIayt,2026-05-31 16:24:53+00:00,bat1skaf,And5Pla,bat1skaf,black,0-1,win,,blitz,,Standard,300+3,300.0,3.0,1318.0,1306.0,1318.0,-12.0,62,31,31,370.0,11.935483870967742,8.0,0.0967741935483871,,0.0,1.0,Scotch Game,Time forfeit
v99qjI2T,2026-05-31 16:40:59+00:00,bat1skaf,bat1skaf,phil019,white,0-1,loss,,blitz,,Standard,300+3,300.0,3.0,1312.0,1304.0,1304.0,8.0,55,28,28,206.0,7.357142857142857,7.0,0.0,,0.0,1.0,Italian Game: Classical Variation,Normal
vX0sR4CZ,2026-06-01 14:36:10+00:00,bat1skaf,bat1skaf,Llumog,white,1-0,win,,blitz,,Standard,300+3,300.0,3.0,1306.0,1313.0,1313.0,-7.0,32,16,16,200.0,12.5,8.0,0.0,,0.0,1.0,Sicilian Defense: Old Sicilian,Normal
aaju0T6F,2026-06-01 14:41:57+00:00,bat1skaf,PhineasFinn,bat1skaf,black,1-0,loss,,blitz,,Standard,300+3,300.0,3.0,1317.0,1312.0,1317.0,-5.0,42,21,21,297.0,14.142857142857142,10.0,0.0,0.9066666666666666,1.0,1.0,Italian Game: Evans Gambit Accepted,Normal
BmzoqX7L,2026-06-01 14:52:25+00:00,bat1skaf,migmi,bat1skaf,black,1-0,loss,,blitz,,Standard,300+3,300.0,3.0,1288.0,1306.0,1288.0,18.0,15,8,7,35.0,5.0,3.0,0.0,,0.0,1.0,Horwitz Defense,Normal
jrLIRjWj,2026-06-01 14:53:30+00:00,bat1skaf,bat1skaf,OnkelHeini,white,0-1,loss,,blitz,,Standard,300+3,300.0,3.0,1301.0,1328.0,1328.0,-27.0,27,14,14,100.0,7.142857142857143,4.0,0.0,,0.0,1.0,Sicilian Defense: Old Sicilian,Normal
DY2fFQg4,2026-06-01 17:15:25+00:00,bat1skaf,darknex,bat1skaf,black,0-1,win,,blitz,,Standard,300+3,300.0,3.0,1295.0,1295.0,1295.0,0.0,28,14,14,113.0,8.071428571428571,4.0,0.0,,0.0,1.0,Horwitz Defense,Normal
NuywuZGT,2026-06-01 17:18:36+00:00,bat1skaf,Trismegistus64,bat1skaf,black,1-0,loss,,blitz,,Standard,300+3,300.0,3.0,1356.0,1301.0,1356.0,-55.0,29,15,14,182.0,13.0,7.5,0.0,,0.0,1.0,Bishop's Opening,Normal
5ekg7VbI,2026-06-01 17:23:28+00:00,bat1skaf,bat1skaf,Jabujoints,white,0-1,loss,,blitz,,Standard,300+3,300.0,3.0,1296.0,1348.0,1348.0,-52.0,84,42,42,421.0,10.023809523809524,5.0,0.38095238095238093,,0.0,1.0,"Caro-Kann Defense: Advance Variation, Short Variation",Time forfeit
K2dAGw0S,2026-06-01 17:40:18+00:00,bat1skaf,bat1skaf,Irislap,white,1-0,win,,blitz,,Standard,300+3,300.0,3.0,1291.0,1300.0,1300.0,-9.0,153,77,77,459.0,5.961038961038961,2.0,0.35064935064935066,0.2989333333333334,0.974025974025974,1.0,Italian Game: Classical Variation,Normal
nAcmwjAV,2026-06-01 19:16:48+00:00,bat1skaf,GILLESLAMBERT,bat1skaf,black,0-1,win,,blitz,,Standard,300+3,300.0,3.0,1275.0,1297.0,1275.0,22.0,176,88,88,550.0,6.25,4.0,0.6477272727272727,,0.0,1.0,English Opening: The Whale,Time forfeit
loeLF86S,2026-06-02 08:53:04+00:00,bat1skaf,bat1skaf,DuckyOCE,white,1-0,win,,blitz,,Standard,300+3,300.0,3.0,1303.0,1308.0,1308.0,-5.0,27,14,14,132.0,9.428571428571429,8.0,0.0,,0.0,1.0,King's Pawn Game: Busch-Gass Gambit,Normal
YXUVwDbJ,2026-06-02 09:00:59+00:00,bat1skaf,mentalist27,bat1skaf,black,0-1,win,,blitz,,Standard,300+3,300.0,3.0,1403.0,1308.0,1403.0,-95.0,30,15,15,243.0,16.2,12.0,0.0,0.8126666666666668,1.0,1.0,"French Defense: Classical Variation, Normal Variation",Time forfeit
VaLizHqD,2026-06-02 09:14:34+00:00,bat1skaf,bat1skaf,yashg3500,white,1-0,win,,blitz,,Standard,300+3,300.0,3.0,1316.0,1340.0,1340.0,-24.0,29,15,15,196.0,13.066666666666666,7.0,0.0,,0.0,1.0,French Defense: Exchange Variation,Time forfeit
7K2Xl7WH,2026-06-02 09:26:16+00:00,bat1skaf,Marasko,bat1skaf,black,0-1,win,,blitz,,Standard,300+3,300.0,3.0,1338.0,1322.0,1338.0,-16.0,66,33,33,378.0,11.454545454545455,8.0,0.15151515151515152,,0.0,1.0,"Queen's Pawn Game: London System, with e6",Normal
kb3sApsi,2026-06-02 13:25:32+00:00,bat1skaf,berlineratze030,bat1skaf,black,0-1,win,,blitz,,Standard,300+3,300.0,3.0,1347.0,1328.0,1347.0,-19.0,30,15,15,191.0,12.733333333333333,10.0,0.0,0.38733333333333336,1.0,1.0,Horwitz Defense,Time forfeit
FRLEA9gz,2026-06-02 15:45:15+00:00,bat1skaf,bat1skaf,Tuksiboy,white,1-0,win,,blitz,,Standard,300+3,300.0,3.0,1334.0,1323.0,1323.0,11.0,33,17,17,240.0,14.117647058823529,11.0,0.0,,0.0,1.0,"Sicilian Defense: O'Kelly Variation, Yerevan System",Normal
jN7Df12j,2026-06-02 15:55:16+00:00,bat1skaf,bat1skaf,CasperLucius,white,1-0,win,,rapid,,Standard,600+0,600.0,0.0,1491.0,1425.0,1425.0,66.0,103,52,52,550.0,10.576923076923077,7.0,0.07692307692307693,,0.0,1.0,Caro-Kann Defense,Time forfeit
BX64tm4L,2026-06-03 14:48:22+00:00,bat1skaf,bat1skaf,maashnin,white,1-0,win,,blitz,,Standard,300+3,300.0,3.0,1339.0,1308.0,1308.0,31.0,81,41,41,411.0,10.024390243902438,7.0,0.34146341463414637,0.7717499999999999,0.975609756097561,1.0,Four Knights Game: Italian Variation,Time forfeit
GNQhWD8b,2026-06-03 15:04:13+00:00,bat1skaf,benibeniben,bat1skaf,black,1-0,loss,,blitz,,Standard,300+3,300.0,3.0,1296.0,1344.0,1296.0,48.0,66,33,33,390.0,11.818181818181818,6.0,0.2727272727272727,,0.0,1.0,Danish Gambit,Normal
hjIuLDdJ,2026-06-03 15:15:31+00:00,bat1skaf,SimKage,bat1skaf,black,0-1,win,,blitz,,Standard,300+3,300.0,3.0,1500.0,1338.0,1500.0,-162.0,47,24,23,257.0,11.173913043478262,7.0,0.0,,0.0,1.0,Tarrasch Defense,Normal
PXR6eza8,2026-06-03 18:22:21+00:00,bat1skaf,bat1skaf,fztpython,white,1-0,win,,blitz,,Standard,300+3,300.0,3.0,1342.0,1429.0,1429.0,-87.0,55,28,28,347.0,12.392857142857142,8.0,0.0,,0.0,1.0,Italian Game: Classical Variation,Normal
EXc2FySd,2026-06-03 18:32:58+00:00,bat1skaf,halilkose1,bat1skaf,black,0-1,win,,rapid,,Standard,600+0,600.0,0.0,1516.0,1519.0,1516.0,3.0,26,13,13,208.0,16.0,10.0,0.0,,0.0,1.0,Nimzo-Larsen Attack,Normal
DExfc2rO,2026-06-05 16:57:35+00:00,bat1skaf,bat1skaf,Belina86,white,0-1,loss,,blitz,,Standard,300+3,300.0,3.0,1349.0,1389.0,1389.0,-40.0,60,30,30,377.0,12.566666666666666,7.5,0.2,0.67,0.9666666666666667,1.0,Sicilian Defense: Old Sicilian,Normal
grPLgUto,2026-06-05 17:10:39+00:00,bat1skaf,bat1skaf,Stronzio,white,1-0,win,,blitz,,Standard,300+3,300.0,3.0,1343.0,1343.0,1343.0,0.0,47,24,24,265.0,11.041666666666666,8.0,0.0,,0.0,1.0,Philidor Defense,Normal
Oewrhaqf,2026-06-06 18:49:28+00:00,bat1skaf,hassnsami,bat1skaf,black,1-0,loss,,blitz,,Standard,300+3,300.0,3.0,1385.0,1349.0,1385.0,-36.0,189,95,94,501.0,5.329787234042553,2.0,0.4574468085106383,3.206914893617022,1.0,1.0,Four Knights Game: Italian Variation,Normal
gOeILHsm,2026-06-07 11:42:27+00:00,bat1skaf,bad_stover,bat1skaf,black,0-1,win,,blitz,,Standard,300+3,300.0,3.0,1430.0,1344.0,1430.0,-86.0,10,5,5,40.0,8.0,5.0,0.0,,0.0,1.0,"Rapport-Jobava System, with e6",Normal
QHlJF4Ck,2026-06-10 17:43:32+00:00,bat1skaf,bat1skaf,HuseyinBUTUN,white,0-1,loss,,blitz,,Standard,300+3,300.0,3.0,1351.0,1391.0,1391.0,-40.0,78,39,39,414.0,10.615384615384615,6.0,0.38461538461538464,1.063157894736842,0.9743589743589743,1.0,Italian Game: Anti-Fried Liver Defense,Time forfeit
v9fPn192,2026-06-10 20:00:16+00:00,bat1skaf,potaje,bat1skaf,black,0-1,win,,blitz,,Standard,300+3,300.0,3.0,1287.0,1346.0,1287.0,59.0,24,12,12,226.0,18.833333333333332,18.0,0.0,0.38333333333333347,1.0,1.0,Ruy Lopez: Classical Variation,Normal
jHZg254O,2026-06-10 20:07:10+00:00,bat1skaf,Ujarhards,bat1skaf,black,1-0,loss,,blitz,,Standard,300+3,300.0,3.0,1325.0,1351.0,1325.0,26.0,102,51,51,431.0,8.450980392156863,3.0,0.5882352941176471,1.316470588235294,1.0,1.0,Center Game: Normal Variation,Normal
6VJQpX5W,2026-06-10 20:43:32+00:00,bat1skaf,bat1skaf,Chamann85,white,0-1,loss,,blitz,,Standard,300+3,300.0,3.0,1345.0,1257.0,1257.0,88.0,56,28,28,224.0,8.0,5.0,0.0,,0.0,1.0,Scandinavian Defense: Modern Variation,Normal
F2ARGGRD,2026-06-17 10:49:39+00:00,bat1skaf,bat1skaf,HpPort,white,1-0,win,,blitz,,Standard,300+3,300.0,3.0,1337.0,1380.0,1380.0,-43.0,111,56,56,438.0,7.821428571428571,4.0,0.6071428571428571,1.2561818181818183,0.9821428571428571,1.0,Philidor Defense,Normal
qXVRDvaf,2026-06-17 12:35:51+00:00,bat1skaf,ManojAddy,bat1skaf,black,1-0,loss,,blitz,,Standard,300+3,300.0,3.0,1282.0,1344.0,1282.0,62.0,57,29,28,365.0,13.035714285714286,11.0,0.14285714285714285,,0.0,1.0,Italian Game: Giuoco Piano,Normal
uohs5zJT,2026-06-17 12:46:41+00:00,bat1skaf,Hooskerdoo,bat1skaf,black,0-1,win,,blitz,,Standard,300+3,300.0,3.0,1353.0,1337.0,1353.0,-16.0,36,18,18,308.0,17.11111111111111,17.0,0.0,,0.0,1.0,French Defense: Steiner Variation,Normal
ThrdCUgM,2026-06-17 12:55:21+00:00,bat1skaf,bat1skaf,frvr43,white,0-1,loss,,blitz,,Standard,300+3,300.0,3.0,1344.0,1369.0,1369.0,-25.0,58,29,29,383.0,13.206896551724139,7.0,0.20689655172413793,,0.0,1.0,Philidor Defense,Normal
lpEJRpGp,2026-07-15 19:04:32+00:00,bat1skaf,thankschess123,bat1skaf,black,1-0,loss,,blitz,,Standard,300+3,300.0,3.0,1348.0,1338.0,1348.0,-10.0,22,11,11,158.0,14.363636363636363,9.0,0.0,,0.0,1.0,Danish Gambit Declined: Sörensen Defense,Normal
uOzOOIVr,2026-07-15 19:10:56+00:00,bat1skaf,bat1skaf,gelomora,white,0-1,loss,,blitz,,Standard,300+3,300.0,3.0,1328.0,1332.0,1332.0,-4.0,94,47,47,417.0,8.872340425531915,5.0,0.44680851063829785,,0.0,1.0,Italian Game: Anti-Fried Liver Defense,Normal
DerJpRcx,2026-07-26 18:35:54+00:00,bat1skaf,Fahrenoliyabocah,bat1skaf,black,0-1,win,,blitz,,Standard,180+2,180.0,2.0,1328.0,1318.0,1328.0,-10.0,37,19,18,73.0,4.055555555555555,2.0,0.0,,0.0,1.0,Horwitz Defense,Normal
tN9aUrn9,2026-08-05 22:38:02+00:00,bat1skaf,GT-78,bat1skaf,black,0-1,win,,blitz,,Standard,300+3,300.0,3.0,1321.0,1330.0,1321.0,9.0,50,25,25,318.0,12.72,11.0,0.0,,0.0,1.0,Horwitz Defense,Normal
3h0INZoe,2026-08-06 09:45:26+00:00,bat1skaf,bat1skaf,Mahenderkumar,white,1-0,win,,blitz,,Standard,300+3,300.0,3.0,1342.0,1303.0,1303.0,39.0,105,53,53,446.0,8.415094339622641,5.0,0.41509433962264153,,0.0,1.0,Zukertort Opening: Tennison Gambit,Normal
WQXlD9mC,2026-08-06 14:58:26+00:00,bat1skaf,bat1skaf,Bborislav,white,1/2-1/2,draw,,blitz,,Standard,300+3,300.0,3.0,1353.0,1319.0,1319.0,34.0,112,56,56,455.0,8.125,3.0,0.625,1.0032727272727273,0.9821428571428571,1.0,Philidor Defense,Normal
4bwUxi0G,2026-08-06 16:07:05+00:00,bat1skaf,bat1skaf,jbarz16,white,0-1,loss,,blitz,,Standard,300+3,300.0,3.0,1351.0,1365.0,1365.0,-14.0,148,74,74,479.0,6.472972972972973,3.0,0.5,1.9435616438356167,0.9864864864864865,1.0,Caro-Kann Defense,Normal
0bmweQzr,2026-08-06 16:22:56+00:00,bat1skaf,kami_1989,bat1skaf,black,0-1,win,,blitz,,Standard,300+3,300.0,3.0,1341.0,1340.0,1341.0,-1.0,88,44,44,418.0,9.5,3.0,0.6590909090909091,1.1363636363636365,1.0,1.0,Italian Game: Classical Variation,Normal
xcXZmlJ0,2026-08-06 17:34:42+00:00,bat1skaf,pencilcase69,bat1skaf,black,1-0,loss,,blitz,,Standard,300+3,300.0,3.0,1432.0,1351.0,1432.0,-81.0,53,27,26,363.0,13.961538461538462,5.5,0.23076923076923078,1.3923076923076922,1.0,1.0,Scotch Game,Normal
fmmIPU6k,2026-08-06 18:01:34+00:00,bat1skaf,bat1skaf,bjk-1903-34,white,1-0,win,,blitz,,Standard,300+3,300.0,3.0,1343.0,1336.0,1336.0,7.0,63,32,32,373.0,11.65625,6.0,0.125,0.7846666666666667,0.9375,1.0,Italian Game: Hungarian Defense,Normal
4nWdYKN9,2026-08-06 18:13:30+00:00,bat1skaf,AndriiR,bat1skaf,black,0-1,win,,blitz,,Standard,300+3,300.0,3.0,1392.0,1353.0,1392.0,-39.0,22,11,11,204.0,18.545454545454547,10.0,0.0,0.39818181818181825,1.0,1.0,Queen's Gambit Declined: Normal Defense,Normal
2Uq1pTSh,2026-08-06 18:21:19+00:00,bat1skaf,bat1skaf,Tima_bugov,white,1-0,win,,blitz,,Standard,300+3,300.0,3.0,1365.0,1255.0,1255.0,110.0,97,49,49,412.0,8.408163265306122,4.0,0.46938775510204084,,0.0,1.0,Scandinavian Defense: Anderssen Counterattack,Normal
KIzI51Sz,2026-08-06 18:33:42+00:00,bat1skaf,awk34,bat1skaf,black,0-1,win,,blitz,,Standard,300+3,300.0,3.0,1363.0,1371.0,1363.0,8.0,34,17,17,241.0,14.176470588235293,9.0,0.0,0.24764705882352947,1.0,1.0,Horwitz Defense,Normal
x8bnsIQQ,2026-08-06 18:43:11+00:00,bat1skaf,valrig,bat1skaf,black,1-0,loss,,blitz,,Standard,300+3,300.0,3.0,1394.0,1381.0,1394.0,-13.0,81,41,40,415.0,10.375,5.5,0.4,0.5822499999999999,1.0,1.0,Danish Gambit,Time forfeit
HbLfrJtw,2026-08-07 16:29:00+00:00,bat1skaf,bat1skaf,Mr3sibling,white,1-0,win,,blitz,,Standard,300+3,300.0,3.0,1372.0,1355.0,1355.0,17.0,73,37,37,393.0,10.621621621621621,4.0,0.32432432432432434,0.5517142857142858,0.9459459459459459,1.0,Italian Game: Classical Variation,Normal
rL5EUldu,2026-08-07 21:22:21+00:00,bat1skaf,thebeach100,bat1skaf,black,0-1,win,,blitz,,Standard,300+3,300.0,3.0,1334.0,1381.0,1334.0,47.0,56,28,28,312.0,11.142857142857142,7.0,0.0,0.6667857142857143,1.0,1.0,King's Pawn Game: Wayward Queen Attack,Normal
KcrsUN83,2026-08-07 21:58:22+00:00,bat1skaf,bat1skaf,mIke_bear,white,1/2-1/2,draw,,blitz,,Standard,300+3,300.0,3.0,1389.0,1435.0,1435.0,-46.0,82,41,41,404.0,9.853658536585366,4.0,0.4878048780487805,0.19224999999999998,0.975609756097561,1.0,French Defense: Exchange Variation,Normal
Uifw1jTU,2026-08-08 08:42:07+00:00,bat1skaf,nwadinigwevictor,bat1skaf,black,1-0,loss,,blitz,,Standard,300+3,300.0,3.0,1393.0,1390.0,1393.0,-3.0,103,52,51,417.0,8.176470588235293,4.0,0.0,0.8276470588235294,1.0,1.0,Bishop's Opening,Normal
Jse2uu4H,2026-08-08 08:54:31+00:00,bat1skaf,bat1skaf,Valeriii1971,white,1/2-1/2,draw,,blitz,,Standard,300+3,300.0,3.0,1381.0,1440.0,1440.0,-59.0,93,47,47,428.0,9.106382978723405,5.0,0.425531914893617,0.3360869565217391,0.9787234042553191,1.0,Italian Game: Classical Variation,Normal
waemGOx5,2026-08-08 09:18:16+00:00,bat1skaf,JJDubb,bat1skaf,black,1-0,loss,,blitz,,Standard,300+3,300.0,3.0,1380.0,1383.0,1380.0,3.0,51,26,25,365.0,14.6,8.0,0.12,,0.0,1.0,Ruy Lopez: Classical Variation,Normal
ZPowQp2h,2026-08-08 09:32:14+00:00,bat1skaf,bat1skaf,OnkelGaute,white,0-1,loss,,blitz,,Standard,300+3,300.0,3.0,1375.0,1370.0,1370.0,5.0,72,36,36,399.0,11.083333333333334,5.5,0.4722222222222222,,0.0,1.0,Sicilian Defense: Old Sicilian,Time forfeit
J41gZ9iM,2026-08-08 10:22:37+00:00,bat1skaf,bat1skaf,Hoangminh1A12,white,1-0,win,,blitz,,Standard,300+3,300.0,3.0,1366.0,1400.0,1400.0,-34.0,81,41,41,409.0,9.975609756097562,4.0,0.43902439024390244,0.4415,0.975609756097561,1.0,French Defense: Exchange Variation,Normal
BI0tvaWb,2026-08-08 11:33:30+00:00,bat1skaf,Dmitriy138,bat1skaf,black,0-1,win,,blitz,,Standard,300+3,300.0,3.0,1385.0,1375.0,1385.0,-10.0,48,24,24,293.0,12.208333333333334,13.5,0.0,0.48041666666666666,1.0,1.0,Ruy Lopez: Classical Variation,Normal
4ZIasCK7,2026-08-08 11:42:44+00:00,bat1skaf,alexandrlebedev1980,bat1skaf,black,1-0,loss,,blitz,,Standard,300+3,300.0,3.0,1385.0,1383.0,1385.0,-2.0,45,23,22,326.0,14.818181818181818,9.5,0.0,0.5122727272727272,1.0,1.0,Four Knights Game: Italian Variation,Normal
0d9KUTgH,2026-08-08 11:52:36+00:00,bat1skaf,bat1skaf,zedaghonemshebl,white,0-1,loss,,blitz,,Standard,300+3,300.0,3.0,1376.0,1354.0,1354.0,22.0,94,47,47,434.0,9.23404255319149,4.0,0.40425531914893614,,0.0,1.0,Four Knights Game: Italian Variation,Time forfeit
PxkKpKBA,2026-08-08 12:04:39+00:00,bat1skaf,Ahmed-yassine,bat1skaf,black,0-1,win,,blitz,,Standard,300+3,300.0,3.0,1260.0,1368.0,1260.0,108.0,23,12,11,96.0,8.727272727272727,3.0,0.0,,0.0,1.0,"French Defense: Advance Variation, Nimzowitsch System",Normal
CvfIuSTX,2026-08-08 12:09:35+00:00,bat1skaf,bat1skaf,nonsoio,white,1/2-1/2,draw,,blitz,,Standard,300+3,300.0,3.0,1373.0,1465.0,1465.0,-92.0,109,55,55,448.0,8.145454545454545,5.0,0.5272727272727272,,0.0,1.0,Sicilian Defense: French Variation,Normal
yuqgjhCk,2026-08-08 12:22:20+00:00,bat1skaf,bat1skaf,Larsenov,white,1-0,win,,blitz,,Standard,300+3,300.0,3.0,1374.0,1364.0,1364.0,10.0,69,35,35,373.0,10.657142857142857,6.0,0.2571428571428571,,0.0,1.0,Modern Defense,Normal
ZhfX6uyO,2026-08-08 12:34:30+00:00,bat1skaf,kretyn2,bat1skaf,black,0-1,win,,blitz,,Standard,300+3,300.0,3.0,1433.0,1381.0,1433.0,-52.0,12,6,6,42.0,7.0,5.5,0.0,,0.0,1.0,"Queen's Pawn Game: London System, with e6",Normal
KylOAwBh,2026-08-08 12:36:11+00:00,bat1skaf,Civilero,bat1skaf,black,1-0,loss,,blitz,,Standard,300+3,300.0,3.0,1427.0,1389.0,1427.0,-38.0,62,31,31,387.0,12.483870967741936,8.0,0.2903225806451613,0.8138709677419355,1.0,1.0,Queen's Gambit Declined,Normal
45HFPJfi,2026-08-08 12:47:41+00:00,bat1skaf,bat1skaf,Federic11,white,1-0,win,,blitz,,Standard,300+3,300.0,3.0,1383.0,1396.0,1396.0,-13.0,119,60,60,427.0,7.116666666666666,4.0,0.13333333333333333,,0.0,1.0,Sicilian Defense: Modern Variations,Normal
qgZRxWGn,2026-08-08 14:50:54+00:00,bat1skaf,bat1skaf,YosbaniArostegui,white,1-0,win,,blitz,,Standard,300+3,300.0,3.0,1390.0,1421.0,1421.0,-31.0,49,25,25,313.0,12.52,8.0,0.0,0.405,0.96,1.0,Italian Game: Anti-Fried Liver Defense,Normal
ppuVgMb6,2026-08-08 15:03:14+00:00,bat1skaf,Jwen2772,bat1skaf,black,0-1,win,,blitz,,Standard,300+3,300.0,3.0,1385.0,1397.0,1385.0,12.0,100,50,50,433.0,8.66,5.0,0.48,0.5657999999999999,1.0,1.0,"French Defense: Classical Variation, Normal Variation",Normal
20srmVtx,2026-08-08 15:30:54+00:00,bat1skaf,plaketka,bat1skaf,black,1/2-1/2,draw,,rapid,,Standard,600+5,600.0,5.0,1569.0,1551.0,1569.0,-18.0,165,83,82,987.0,12.036585365853659,6.0,0.5975609756097561,0.4740243902439024,1.0,1.0,English Opening: Agincourt Defense,Normal
9S8BeJ58,2026-08-08 21:13:22+00:00,bat1skaf,bat1skaf,Isvara_das,white,0-1,loss,,blitz,,Standard,300+3,300.0,3.0,1403.0,1374.0,1374.0,29.0,192,96,96,505.0,5.260416666666667,2.0,0.4479166666666667,2.1264210526315788,0.9895833333333334,1.0,Italian Game: Classical Variation,Normal
c9trgDIH,2026-08-09 13:43:34+00:00,bat1skaf,bat1skaf,JCMAURYA,white,1-0,win,,blitz,,Standard,300+3,300.0,3.0,1396.0,1511.0,1511.0,-115.0,55,28,28,374.0,13.357142857142858,9.5,0.10714285714285714,0.4903703703703704,0.9642857142857143,1.0,Modern Defense,Normal
MmWiXlLR,2026-08-09 15:31:00+00:00,bat1skaf,Malek-978,bat1skaf,black,1-0,loss,,blitz,,Standard,300+3,300.0,3.0,1383.0,1404.0,1383.0,21.0,61,31,30,371.0,12.366666666666667,9.0,0.2,0.2043333333333333,1.0,1.0,"Italian Game: Giuoco Pianissimo, Normal",Time forfeit
nRsNTCer,2026-08-09 18:27:17+00:00,bat1skaf,MarkMcLeod,bat1skaf,black,0-1,win,,blitz,,Standard,300+3,300.0,3.0,1379.0,1398.0,1379.0,19.0,100,50,50,404.0,8.08,3.0,0.48,1.6934,1.0,1.0,King's Gambit,Normal
DM0wpwb0,2026-08-09 18:39:31+00:00,bat1skaf,bat1skaf,Joschka1234,white,0-1,loss,,blitz,,Standard,300+3,300.0,3.0,1404.0,1346.0,1346.0,58.0,106,53,53,441.0,8.320754716981131,3.0,0.41509433962264153,0.9571153846153846,0.9811320754716981,1.0,"Italian Game: Two Knights Defense, Knight Attack, Normal Variation",Normal
KWSIMETM,2026-08-09 20:56:36+00:00,bat1skaf,Ousontlesladys,bat1skaf,black,0-1,win,,blitz,,Standard,300+3,300.0,3.0,1374.0,1397.0,1374.0,23.0,58,29,29,292.0,10.068965517241379,7.0,0.0,0.40793103448275864,1.0,1.0,Horwitz Defense,Normal
sUyyha6z,2026-08-09 21:09:59+00:00,bat1skaf,C_o_a_A,bat1skaf,black,1-0,loss,,blitz,,Standard,300+3,300.0,3.0,1453.0,1403.0,1453.0,-50.0,117,59,58,434.0,7.482758620689655,2.0,0.5172413793103449,1.7224137931034482,1.0,1.0,"Queen's Gambit Declined: Tarrasch Defense, Pseudo-Tarrasch",Normal
4kSMkLTx,2026-08-09 21:31:17+00:00,bat1skaf,Alexe984,bat1skaf,black,1-0,loss,,blitz,,Standard,300+3,300.0,3.0,1477.0,1398.0,1477.0,-79.0,77,39,38,401.0,10.552631578947368,4.0,0.5,0.5534210526315789,1.0,1.0,French Defense: Exchange Variation,Normal
fnN1wvTK,2026-08-10 18:46:15+00:00,bat1skaf,bat1skaf,Posch79,white,1-0,win,,blitz,,Standard,300+3,300.0,3.0,1394.0,1444.0,1444.0,-50.0,91,46,46,365.0,7.934782608695652,3.0,0.0,0.5511111111111112,0.9782608695652174,1.0,French Defense: Exchange Variation,Normal
YqnmvsKq,2026-08-11 19:12:53+00:00,bat1skaf,bat1skaf,pamla_tista_03,white,0-1,loss,,blitz,,Standard,300+3,300.0,3.0,1400.0,1353.0,1353.0,47.0,78,39,39,407.0,10.435897435897436,5.0,0.3333333333333333,0.75,0.9743589743589743,1.0,French Defense: Exchange Variation,Normal
WiFRosYF,2026-08-12 20:34:12+00:00,bat1skaf,bat1skaf,negociant,white,1-0,win,,blitz,,Standard,300+3,300.0,3.0,1394.0,1384.0,1384.0,10.0,41,21,21,219.0,10.428571428571429,7.0,0.0,0.31250000000000006,0.9523809523809523,1.0,Italian Game: Anti-Fried Liver Defense,Time forfeit
bNx9JCwt,2026-08-12 22:36:17+00:00,bat1skaf,BingoPlayer999,bat1skaf,black,0-1,win,,blitz,,Standard,300+3,300.0,3.0,1362.0,1399.0,1362.0,37.0,110,55,55,459.0,8.345454545454546,5.0,0.6181818181818182,0.9455555555555556,0.9818181818181818,1.0,King's Gambit,Normal
yjyUyv3w,2026-08-13 07:04:14+00:00,bat1skaf,ali2635,bat1skaf,black,1-0,loss,,blitz,,Standard,300+3,300.0,3.0,1429.0,1405.0,1429.0,-24.0,81,41,40,407.0,10.175,5.0,0.425,0.58875,1.0,1.0,French Defense: Advance Variation,Normal
gKgwZU4B,2026-08-13 13:53:14+00:00,bat1skaf,bat1skaf,Schackfredrik,white,0-1,loss,,blitz,,Standard,300+3,300.0,3.0,1400.0,1417.0,1417.0,-17.0,52,26,26,374.0,14.96,12.0,0.11538461538461539,0.5576,0.9615384615384616,0.9615384615384616,"Sicilian Defense: O'Kelly Variation, Venice System",Time forfeit
TYLC1Mnd,2026-08-16 22:55:52+00:00,bat1skaf,bat1skaf,MrFxit9,white,0-1,loss,,blitz,,Standard,300+3,300.0,3.0,1394.0,1436.0,1436.0,-42.0,35,18,18,250.0,13.88888888888889,9.5,0.0,,0.0,1.0,Borg Defense,Normal
Ekm1ZMuD,2026-08-17 19:47:54+00:00,bat1skaf,m7610a,bat1skaf,black,1-0,loss,,blitz,,Standard,300+3,300.0,3.0,1361.0,1388.0,1361.0,27.0,63,32,31,387.0,12.483870967741936,6.0,0.41935483870967744,0.6093548387096774,1.0,1.0,Italian Game: Giuoco Piano,Time forfeit
pLbdFqsa,2026-08-17 20:00:35+00:00,bat1skaf,bat1skaf,pincon-cuin_2021,white,0-1,loss,,blitz,,Standard,300+3,300.0,3.0,1382.0,1401.0,1401.0,-19.0,74,37,37,324.0,8.756756756756756,6.0,0.0,0.6127777777777779,0.972972972972973,1.0,French Defense: Exchange Variation,Normal
WvTH0KUV,2026-08-17 20:29:31+00:00,bat1skaf,imthegoat10,bat1skaf,black,1-0,loss,,blitz,,Standard,300+3,300.0,3.0,1350.0,1376.0,1350.0,26.0,53,27,26,341.0,13.115384615384615,10.0,0.0,0.5319230769230769,1.0,1.0,French Defense: Steiner Variation,Normal
wVIBYh9P,2026-08-18 21:30:14+00:00,bat1skaf,Guner5354Geyve,bat1skaf,black,0-1,win,,blitz,,Standard,300+3,300.0,3.0,1387.0,1370.0,1387.0,-17.0,96,48,48,437.0,9.104166666666666,7.0,0.25,0.473125,1.0,1.0,French Defense: Exchange Variation,Time forfeit
xW4vMLHW,2026-08-19 20:41:47+00:00,bat1skaf,bat1skaf,MadhavJP,white,0-1,loss,,blitz,,Standard,300+3,300.0,3.0,1376.0,1295.0,1295.0,81.0,60,30,30,356.0,11.866666666666667,10.5,0.0,,0.0,1.0,Italian Game: Anti-Fried Liver Defense,Normal
Yo0Hfgz9,2026-08-20 15:06:57+00:00,bat1skaf,Alymeny,bat1skaf,black,0-1,win,,blitz,,Standard,300+3,300.0,3.0,1379.0,1369.0,1379.0,-10.0,68,34,34,396.0,11.647058823529411,8.0,0.20588235294117646,0.8854545454545455,0.9705882352941176,1.0,French Defense: Advance Variation,Normal
LhORIl18,2026-08-20 21:34:02+00:00,bat1skaf,bat1skaf,hossein_21,white,1-0,win,,blitz,,Standard,300+3,300.0,3.0,1375.0,1361.0,1361.0,14.0,149,75,75,469.0,6.337837837837838,3.0,0.3466666666666667,0.21337837837837836,0.9866666666666667,0.9866666666666667,Scandinavian Defense: Valencian Variation,Normal
IfWa8Rv0,2026-08-21 13:36:18+00:00,bat1skaf,bat1skaf,YMoto7,white,0-1,loss,,blitz,,Standard,300+3,300.0,3.0,1381.0,1400.0,1400.0,-19.0,62,31,31,384.0,12.387096774193548,9.0,0.16129032258064516,0.49,0.967741935483871,1.0,Czech Defense,Time forfeit
BgrmnnlB,2026-08-22 16:34:04+00:00,bat1skaf,schachma,bat1skaf,black,0-1,win,,blitz,,Standard,300+3,300.0,3.0,1379.0,1375.0,1379.0,-4.0,66,33,33,296.0,8.969696969696969,7.0,0.0,0.49656249999999996,0.9696969696969697,1.0,Vienna Game: Max Lange Defense,Normal
QSLKS8h4,2026-08-22 16:44:53+00:00,bat1skaf,bat1skaf,rain1212,white,1/2-1/2,draw,,blitz,,Standard,300+3,300.0,3.0,1381.0,1371.0,1371.0,10.0,111,56,56,419.0,7.482142857142857,5.0,0.0,,0.0,1.0,French Defense: Exchange Variation,Normal
XZAXkX4e,2026-08-22 21:42:15+00:00,bat1skaf,Vladrumos,bat1skaf,black,0-1,win,,blitz,,Standard,300+3,300.0,3.0,1374.0,1381.0,1374.0,7.0,148,74,74,482.0,6.513513513513513,3.0,0.581081081081081,1.5332432432432435,1.0,1.0,French Defense: Exchange Variation,Normal
05f1gRcl,2026-08-22 22:16:49+00:00,bat1skaf,bat1skaf,marfema,white,0-1,loss,,blitz,,Standard,300+3,300.0,3.0,1387.0,1394.0,1394.0,-7.0,118,59,59,449.0,7.610169491525424,3.0,0.5084745762711864,0.4672413793103449,0.9830508474576272,1.0,Philidor Defense,Normal
1nEEJmT9,2026-08-23 10:19:48+00:00,bat1skaf,Doykalson,bat1skaf,black,0-1,win,,blitz,,Standard,300+3,300.0,3.0,1436.0,1381.0,1436.0,-55.0,76,38,38,391.0,10.289473684210526,10.0,0.10526315789473684,0.36947368421052634,1.0,1.0,French Defense: Exchange Variation,Time forfeit
qloMrAk4,2026-08-23 10:44:20+00:00,bat1skaf,ForTheMating,bat1skaf,black,1/2-1/2,draw,,blitz,,Standard,300+3,300.0,3.0,1440.0,1388.0,1440.0,-52.0,45,23,22,349.0,15.863636363636363,4.5,0.22727272727272727,0.5245454545454545,1.0,1.0,French Defense: Exchange Variation,Normal
ySGK3zJ1,2026-08-23 11:09:50+00:00,bat1skaf,bat1skaf,Ezdakov_700,white,1-0,win,,blitz,,Standard,300+3,300.0,3.0,1389.0,1392.0,1392.0,-3.0,65,33,33,383.0,11.606060606060606,7.0,0.3333333333333333,0.82875,0.9696969696969697,1.0,Petrov's Defense,Normal
fZFpoA8b,2026-08-23 12:58:06+00:00,bat1skaf,bat1skaf,ogipek,white,1-0,win,,blitz,,Standard,300+3,300.0,3.0,1395.0,1409.0,1409.0,-14.0,53,27,27,359.0,13.296296296296296,9.0,0.2222222222222222,0.6776923076923077,0.9629629629629629,1.0,Sicilian Defense: Hyperaccelerated Dragon,Normal
qR0bj5kz,2026-08-23 13:47:12+00:00,bat1skaf,flibit,bat1skaf,black,1-0,loss,,blitz,,Standard,300+3,300.0,3.0,1429.0,1400.0,1429.0,-29.0,51,26,25,274.0,10.96,8.0,0.0,0.4568,1.0,1.0,French Defense: Exchange Variation,Normal
uGDFzB8v,2026-08-23 13:55:34+00:00,bat1skaf,valdemarll,bat1skaf,black,0-1,win,,blitz,,Standard,300+3,300.0,3.0,1498.0,1395.0,1498.0,-103.0,54,27,27,234.0,8.666666666666666,4.0,0.0,,0.0,1.0,French Defense: Exchange Variation,Normal
uE2eHjqd,2026-08-24 10:54:51+00:00,bat1skaf,YIL1985DIRAY,bat1skaf,black,1-0,loss,,blitz,,Standard,300+3,300.0,3.0,1382.0,1403.0,1382.0,21.0,43,22,21,335.0,15.952380952380953,9.0,0.09523809523809523,1.1642857142857141,1.0,1.0,French Defense: Advance Variation,Normal
JP1VoNb7,2026-08-24 11:04:41+00:00,bat1skaf,bat1skaf,byMart,white,1-0,win,,blitz,,Standard,300+3,300.0,3.0,1397.0,1401.0,1401.0,-4.0,69,35,35,385.0,11.0,5.0,0.5142857142857142,0.9361764705882354,0.9714285714285714,1.0,Caro-Kann Defense,Normal
4hwc4B4b,2026-08-24 11:15:25+00:00,bat1skaf,bat1skaf,SlavicChesslet,white,0-1,loss,,blitz,,Standard,300+3,300.0,3.0,1402.0,1376.0,1376.0,26.0,102,51,51,410.0,8.03921568627451,3.0,0.5686274509803921,1.1088,0.9803921568627451,1.0,Scandinavian Defense: Modern Variation,Normal
hQCnFQUQ,2026-08-24 11:30:50+00:00,bat1skaf,bat1skaf,Inkeroinen,white,0-1,loss,,blitz,,Standard,300+3,300.0,3.0,1396.0,1426.0,1426.0,-30.0,44,22,22,264.0,12.0,9.5,0.0,1.0233333333333332,0.9545454545454546,1.0,Caro-Kann Defense,Normal
QEvjWaT2,2026-08-24 16:33:29+00:00,bat1skaf,ariyaboys,bat1skaf,black,1-0,loss,,blitz,,Standard,300+3,300.0,3.0,1411.0,1391.0,1411.0,-20.0,41,21,20,170.0,8.5,7.5,0.0,,0.0,1.0,Van't Kruijs Opening,Normal
8Xt2xN5T,2026-08-25 15:33:29+00:00,bat1skaf,bat1skaf,aadvaark,white,1-0,win,,blitz,,Standard,300+3,300.0,3.0,1386.0,1306.0,1306.0,80.0,43,22,22,251.0,11.409090909090908,8.0,0.0,0.2757142857142858,0.9545454545454546,1.0,Italian Game: Classical Variation,Normal
chz9brNR,2026-08-25 15:41:31+00:00,bat1skaf,bat1skaf,azize4e,white,0-1,loss,,blitz,,Standard,300+3,300.0,3.0,1390.0,1453.0,1453.0,-63.0,46,23,23,356.0,15.478260869565217,9.0,0.17391304347826086,0.9427272727272729,0.9565217391304348,1.0,"Italian Game: Two Knights Defense, Knight Attack, Normal Variation",Normal
gH384vLq,2026-08-25 15:52:11+00:00,bat1skaf,Nimran,bat1skaf,black,1-0,loss,,blitz,,Standard,300+3,300.0,3.0,1365.0,1385.0,1365.0,20.0,71,36,35,394.0,11.257142857142858,11.0,0.2571428571428571,0.5599999999999999,1.0,1.0,French Defense: Exchange Variation,Normal
zLPuMrZW,2026-08-25 16:05:40+00:00,bat1skaf,Milchbubi5,bat1skaf,black,0-1,win,,blitz,,Standard,300+3,300.0,3.0,1434.0,1379.0,1434.0,-55.0,122,61,61,425.0,6.967213114754099,4.0,0.0,0.4121666666666667,0.9836065573770492,1.0,French Defense: Queen's Knight,Normal
9ulmXQK1,2026-08-25 16:22:12+00:00,bat1skaf,bat1skaf,Gordian94,white,0-1,loss,,blitz,,Standard,300+3,300.0,3.0,1386.0,1449.0,1449.0,-63.0,52,26,26,373.0,14.346153846153847,9.0,0.19230769230769232,0.33399999999999996,0.9615384615384616,1.0,Pirc Defense: Classical Variation,Time forfeit
8ziIl0be,2026-08-25 16:59:15+00:00,bat1skaf,EvgenyZinoffkin,bat1skaf,black,0-1,win,,blitz,,Standard,300+3,300.0,3.0,1372.0,1381.0,1372.0,9.0,62,31,31,288.0,9.290322580645162,8.0,0.0,0.31099999999999994,0.967741935483871,1.0,Saragossa Opening,Normal
b9HVEvhC,2026-08-25 17:08:25+00:00,bat1skaf,bat1skaf,Leporello2,white,1-0,win,,blitz,,Standard,300+3,300.0,3.0,1387.0,1372.0,1372.0,15.0,103,52,52,441.0,8.48076923076923,4.0,0.5,0.4664705882352941,0.9807692307692307,1.0,Philidor Defense,Normal
379AALag,2026-08-25 17:24:02+00:00,bat1skaf,Rarri_tet,bat1skaf,black,0-1,win,,blitz,,Standard,300+3,300.0,3.0,1456.0,1392.0,1456.0,-64.0,12,6,6,47.0,7.833333333333333,3.0,0.0,,0.0,1.0,French Defense: Two Knights Variation,Time forfeit
WV7wBrRE,2026-08-25 17:26:50+00:00,bat1skaf,HamleUstasi11,bat1skaf,black,1-0,loss,,blitz,,Standard,300+3,300.0,3.0,1361.0,1399.0,1361.0,38.0,39,20,19,213.0,11.210526315789474,6.0,0.0,,0.0,1.0,French Defense: Exchange Variation,Normal
x0H2vdZe,2026-08-25 17:32:30+00:00,bat1skaf,bat1skaf,sushen1111,white,1-0,win,,blitz,,Standard,300+3,300.0,3.0,1393.0,1388.0,1388.0,5.0,33,17,17,207.0,12.176470588235293,8.0,0.0,0.37000000000000005,0.8823529411764706,1.0,Italian Game: Anti-Fried Liver Defense,Normal
QBo0WPCK,2026-08-25 19:10:51+00:00,bat1skaf,bat1skaf,npanz,white,1-0,win,,blitz,,Standard,300+3,300.0,3.0,1399.0,1348.0,1348.0,51.0,35,18,18,133.0,7.388888888888889,5.5,0.0,,0.0,1.0,Scandinavian Defense: Valencian Variation,Normal
L1gpTbnz,2026-08-25 19:14:22+00:00,bat1skaf,NeferPaco,bat1skaf,black,0-1,win,,blitz,,Standard,300+3,300.0,3.0,1390.0,1403.0,1390.0,13.0,58,29,29,308.0,10.620689655172415,8.0,0.0,0.38827586206896547,1.0,1.0,French Defense: Knight Variation,Normal
ycZHh4Vi,2026-08-25 19:26:17+00:00,bat1skaf,Rocketknight1,bat1skaf,black,0-1,win,,blitz,,Standard,300+3,300.0,3.0,1354.0,1409.0,1354.0,55.0,17,9,8,87.0,10.875,3.5,0.0,,0.0,1.0,French Defense: Exchange Variation,Normal
VZKzJSvz,2026-08-25 19:28:56+00:00,bat1skaf,Alizkhan,bat1skaf,black,0-1,win,,blitz,,Standard,300+3,300.0,3.0,1403.0,1414.0,1403.0,11.0,40,20,20,309.0,15.45,9.5,0.0,0.15210526315789474,0.95,1.0,Polish Opening,Normal
4W1V2zw6,2026-08-25 19:39:04+00:00,bat1skaf,Krishnp92,bat1skaf,black,0-1,win,,blitz,,Standard,300+3,300.0,3.0,1512.0,1420.0,1512.0,-92.0,39,20,19,298.0,15.68421052631579,12.0,0.0,0.3052631578947369,1.0,1.0,Horwitz Defense,Normal
D79xSoty,2026-08-25 19:47:26+00:00,bat1skaf,bat1skaf,Givil81,white,0-1,loss,,blitz,,Standard,300+3,300.0,3.0,1427.0,1390.0,1390.0,37.0,19,10,10,170.0,17.0,19.0,0.0,,0.0,1.0,Italian Game: Blackburne-Kostić Gambit,Normal
OFBUySwZ,2026-08-26 09:43:29+00:00,bat1skaf,bat1skaf,Jobdena,white,1-0,win,,blitz,,Standard,300+3,300.0,3.0,1420.0,1351.0,1351.0,69.0,27,14,14,129.0,9.214285714285714,6.5,0.0,0.27461538461538465,0.9285714285714286,1.0,Sicilian Defense: Hyperaccelerated Dragon,Normal
9PFGWBTi,2026-08-26 10:07:00+00:00,bat1skaf,Dineshdexorcist,bat1skaf,black,0-1,win,,blitz,,Standard,300+3,300.0,3.0,1356.0,1425.0,1356.0,69.0,36,18,18,247.0,13.722222222222221,7.0,0.0,0.5883333333333334,1.0,1.0,Horwitz Defense,Time forfeit
aZ3JlFEJ,2026-08-26 10:16:15+00:00,bat1skaf,bat1skaf,mahdi-abdi2024,white,0-1,loss,,blitz,,Standard,300+3,300.0,3.0,1430.0,1413.0,1413.0,17.0,108,54,54,444.0,8.222222222222221,5.5,0.5555555555555556,0.6718867924528302,0.9814814814814815,1.0,Four Knights Game: Italian Variation,Normal
SvWxy88j,2026-08-26 10:32:10+00:00,bat1skaf,bat1skaf,Fo_Norouzi,white,0-1,loss,,blitz,,Standard,300+3,300.0,3.0,1424.0,1438.0,1438.0,-14.0,56,28,28,374.0,13.357142857142858,8.5,0.17857142857142858,0.8433333333333333,0.9642857142857143,1.0,"Italian Game: Two Knights Defense, Knight Attack",Time forfeit
LvaU9kak,2026-08-26 12:24:06+00:00,bat1skaf,Shao137,bat1skaf,black,1-0,loss,,blitz,,Standard,300+3,300.0,3.0,1406.0,1418.0,1406.0,12.0,59,30,29,360.0,12.413793103448276,11.0,0.034482758620689655,0.7375862068965517,1.0,1.0,English Opening: Agincourt Defense,Normal
cb0sstzK,2026-08-26 13:07:01+00:00,bat1skaf,bat1skaf,KeyFMinor,white,1/2-1/2,draw,,blitz,,Standard,300+3,300.0,3.0,1412.0,1438.0,1438.0,-26.0,121,61,61,472.0,7.737704918032787,4.0,0.4918032786885246,0.19983333333333334,0.9836065573770492,1.0,Philidor Defense,Normal
jpJP1hVY,2026-08-26 15:23:58+00:00,bat1skaf,OGachet,bat1skaf,black,1-0,loss,,blitz,,Standard,300+3,300.0,3.0,1425.0,1413.0,1425.0,-12.0,56,28,28,361.0,12.892857142857142,9.5,0.07142857142857142,,0.0,1.0,"French Defense: Advance Variation, Nimzowitsch System",Normal
rlwd4ikS,2026-08-26 15:35:36+00:00,bat1skaf,bat1skaf,algo12366,white,1-0,win,,blitz,,Standard,300+3,300.0,3.0,1407.0,1376.0,1376.0,31.0,22,11,11,19.0,1.7272727272727273,1.0,0.0,0.09599999999999999,0.9090909090909091,1.0,Caro-Kann Defense,Normal
X4PwwK2g,2026-08-26 15:39:26+00:00,bat1skaf,bat1skaf,Cnelok,white,0-1,loss,,blitz,,Standard,300+3,300.0,3.0,1412.0,1349.0,1349.0,63.0,32,16,16,156.0,9.75,4.5,0.0,0.6886666666666666,0.9375,1.0,French Defense: St. George Defense,Normal
Bfui9w4O,2026-08-26 15:43:35+00:00,bat1skaf,romario_2011,bat1skaf,black,0-1,win,,blitz,,Standard,300+3,300.0,3.0,1486.0,1405.0,1486.0,-81.0,78,39,39,398.0,10.205128205128204,8.0,0.10256410256410256,0.5115384615384616,1.0,1.0,French Defense,Normal
i1VbgdeX,2026-08-26 16:01:23+00:00,bat1skaf,vlatkanshahista,bat1skaf,black,0-1,win,,blitz,,Standard,300+3,300.0,3.0,1364.0,1413.0,1364.0,49.0,64,32,32,329.0,10.28125,9.5,0.0,0.15249999999999997,1.0,1.0,French Defense: Steinitz Attack,Normal
E66QxVRJ,2026-08-26 22:15:46+00:00,bat1skaf,tandre1987,bat1skaf,black,1-0,loss,,blitz,,Standard,300+3,300.0,3.0,1522.0,1418.0,1522.0,-104.0,101,51,50,434.0,8.68,5.0,0.28,0.5554000000000001,1.0,1.0,Horwitz Defense,Normal
6TWqIc5L,2026-08-26 23:36:42+00:00,bat1skaf,bat1skaf,M4point5,white,1-0,win,,blitz,,Standard,300+3,300.0,3.0,1414.0,1318.0,1318.0,96.0,47,24,24,205.0,8.541666666666666,5.5,0.0,0.18130434782608698,0.9583333333333334,1.0,Scandinavian Defense: Main Line,Normal
Ftp7WkLI,2026-08-27 09:15:09+00:00,bat1skaf,bat1skaf,rakhmathidayat,white,0-1,loss,,blitz,,Standard,300+3,300.0,3.0,1418.0,1445.0,1445.0,-27.0,50,25,25,320.0,12.8,7.0,0.0,0.5670833333333334,0.96,1.0,French Defense: Exchange Variation,Normal
ryx4xKXd,2026-08-27 15:00:33+00:00,bat1skaf,emilgochess,bat1skaf,black,1-0,loss,,blitz,,Standard,300+3,300.0,3.0,1430.0,1412.0,1430.0,-18.0,87,44,43,417.0,9.928571428571429,7.5,0.3023255813953488,1.0334883720930232,1.0,0.9767441860465116,"French Defense: Advance Variation, Nimzowitsch System",Normal
o2zO0hWh,2026-08-27 15:12:59+00:00,bat1skaf,bat1skaf,SerjMinosyants,white,1-0,win,,blitz,,Standard,300+3,300.0,3.0,1407.0,1380.0,1380.0,27.0,56,28,28,234.0,8.357142857142858,5.0,0.0,0.587037037037037,0.9642857142857143,1.0,Italian Game: Paris Defense,Normal
5hBZw8uY,2026-08-27 15:22:41+00:00,bat1skaf,AhmedSizar,bat1skaf,black,1-0,loss,,blitz,,Standard,300+3,300.0,3.0,1412.0,1412.0,1412.0,0.0,49,25,24,330.0,13.75,11.0,0.0,0.5079166666666666,1.0,1.0,Queen's Gambit Declined: Queen's Knight Variation,Normal
bn67qpOu,2026-08-27 17:07:55+00:00,bat1skaf,bat1skaf,WhatWillItTakes,white,0-1,loss,,blitz,,Standard,300+3,300.0,3.0,1407.0,1396.0,1396.0,11.0,76,38,38,355.0,9.342105263157896,6.5,0.0,0.8091891891891891,0.9736842105263158,1.0,Philidor Defense,Normal
7Hngufku,2026-08-27 17:22:14+00:00,bat1skaf,nmcb,bat1skaf,black,1-0,loss,,blitz,,Standard,300+3,300.0,3.0,1402.0,1401.0,1402.0,-1.0,66,33,33,382.0,11.575757575757576,7.0,0.12121212121212122,0.7848484848484848,1.0,1.0,French Defense: Exchange Variation,Normal
QDwz9OdY,2026-08-27 17:34:41+00:00,bat1skaf,bat1skaf,omari_chess,white,0-1,loss,,blitz,,Standard,300+3,300.0,3.0,1395.0,1460.0,1460.0,-65.0,60,30,30,372.0,12.4,6.5,0.16666666666666666,0.8075862068965518,0.9666666666666667,1.0,Italian Game,Normal
aOYNQ2L5,2026-08-27 18:09:11+00:00,bat1skaf,Grigory_Bar,bat1skaf,black,1-0,loss,,blitz,,Standard,300+3,300.0,3.0,1485.0,1390.0,1485.0,-95.0,85,43,42,422.0,10.047619047619047,6.5,0.3333333333333333,0.6980952380952382,1.0,1.0,French Defense: Wing Gambit,Normal
sx235aaF,2026-09-05 19:32:00+00:00,bat1skaf,bat1skaf,pelkowsky,white,1-0,win,,blitz,,Standard,300+3,300.0,3.0,1386.0,1441.0,1441.0,-55.0,61,31,31,351.0,11.32258064516129,10.0,0.0,,0.0,1.0,Sicilian Defense: French Variation,Normal
XzHinrNA,2026-09-05 19:41:54+00:00,bat1skaf,vanta7black,bat1skaf,black,0-1,win,,blitz,,Standard,300+3,300.0,3.0,1447.0,1394.0,1447.0,-53.0,36,18,18,205.0,11.38888888888889,8.5,0.0,,0.0,1.0,French Defense: La Bourdonnais Variation,Normal
L70zn6Kr,2026-09-05 19:48:44+00:00,bat1skaf,bat1skaf,MaxiPro1008,white,0-1,loss,,blitz,,Standard,300+3,300.0,3.0,1402.0,1410.0,1410.0,-8.0,46,23,23,340.0,14.782608695652174,8.0,0.13043478260869565,,0.0,1.0,Pirc Defense: Classical Variation,Normal
LgEZDl0y,2026-09-05 20:34:25+00:00,bat1skaf,Javad2481362,bat1skaf,black,1-0,loss,,bullet,,Standard,60+0,60.0,0.0,1476.0,1475.0,1476.0,-1.0,53,27,26,59.0,2.269230769230769,1.5,0.11538461538461539,,0.0,1.0,French Defense,Time forfeit
92rKaTKq,2026-09-05 20:36:27+00:00,bat1skaf,vestalia5,bat1skaf,black,1-0,loss,,bullet,,Standard,60+0,60.0,0.0,1385.0,1456.0,1385.0,71.0,29,15,14,28.0,2.0,1.0,0.0,,0.0,1.0,"French Defense: Advance Variation, Nimzowitsch System",Normal
2Ve5uFOZ,2026-09-05 20:37:49+00:00,bat1skaf,bat1skaf,Luis_Carosini,white,0-1,loss,,bullet,,Standard,60+0,60.0,0.0,1433.0,1456.0,1456.0,-23.0,94,47,47,52.0,1.1063829787234043,1.0,0.19148936170212766,,0.0,1.0,Italian Game: Paris Defense,Time forfeit
jazcSMzd,2026-09-05 20:42:53+00:00,bat1skaf,bat1skaf,Sanskarplays,white,0-1,loss,,bullet,,Standard,60+0,60.0,0.0,1416.0,1419.0,1419.0,-3.0,42,21,21,52.0,2.4761904761904763,2.0,0.09523809523809523,,0.0,1.0,Italian Game: Classical Variation,Normal
fr6NLyEE,2026-09-05 22:12:46+00:00,bat1skaf,Newtyy,bat1skaf,black,0-1,win,,blitz,,Standard,300+3,300.0,3.0,1356.0,1396.0,1356.0,40.0,65,33,32,355.0,11.09375,9.5,0.0,,0.0,1.0,"Queen's Pawn Game: London System, with e6",Normal
PLsqir7c,2026-09-05 22:24:12+00:00,bat1skaf,bat1skaf,edamigo,white,0-1,loss,,blitz,,Standard,300+3,300.0,3.0,1402.0,1425.0,1425.0,-23.0,52,26,26,325.0,12.5,7.0,0.0,1.196,0.9615384615384616,1.0,Four Knights Game: Italian Variation,Normal
sMC6T0QU,2026-09-05 22:36:53+00:00,bat1skaf,D1G1TALSCALE,bat1skaf,black,1-0,loss,,blitz,,Standard,180+2,180.0,2.0,1373.0,1395.0,1373.0,22.0,99,50,49,272.0,5.551020408163265,4.0,0.46938775510204084,,0.0,1.0,"Queen's Gambit Declined: Tarrasch Defense, Pseudo-Tarrasch",Normal
e7jnblRL,2026-09-06 16:50:29+00:00,bat1skaf,bat1skaf,Ethanmala2014Aug,white,1-0,win,,bullet,,Standard,60+0,60.0,0.0,1399.0,1368.0,1368.0,31.0,57,29,29,40.0,1.3793103448275863,1.0,0.0,0.6057142857142858,0.9655172413793104,1.0,Caro-Kann Defense,Time forfeit
AqTwnJcG,2026-09-06 16:52:42+00:00,bat1skaf,Omrizio,bat1skaf,black,1-0,loss,,bullet,,Standard,60+0,60.0,0.0,1376.0,1413.0,1376.0,37.0,81,41,40,59.0,1.475,1.0,0.275,,0.0,1.0,Horwitz Defense,Time forfeit
OEzhKXRH,2026-09-06 19:57:01+00:00,bat1skaf,bat1skaf,chupachups,white,1-0,win,,blitz,,Standard,300+3,300.0,3.0,1389.0,1383.0,1383.0,6.0,47,24,24,253.0,10.541666666666666,6.5,0.0,,0.0,1.0,Philidor Defense,Normal
9Ho1924k,2026-09-06 20:04:33+00:00,bat1skaf,Sai1993,bat1skaf,black,1/2-1/2,draw,,blitz,,Standard,300+3,300.0,3.0,1483.0,1395.0,1483.0,-88.0,106,53,53,431.0,8.132075471698114,3.0,0.2641509433962264,0.6418867924528302,1.0,1.0,French Defense: Exchange Variation,Normal
j9Ny4r9Q,2026-09-11 11:08:11+00:00,bat1skaf,bat1skaf,patd,white,0-1,loss,,blitz,,Standard,180+2,180.0,2.0,1397.0,1380.0,1380.0,17.0,62,31,31,223.0,7.193548387096774,6.0,0.03225806451612903,0.966,0.967741935483871,1.0,Sicilian Defense: French Variation,Normal
