game_id,created_at,username,white_player,black_player,user_color,result,user_result,rated,speed,perf,variant,time_control,initial_time_seconds,increment_seconds,white_rating,black_rating,opponent_rating,rating_diff,ply_count,move_count,user_move_count,total_thinking_time_seconds,avg_move_time,median_move_time,time_pressure,mean_eval_loss,eval_coverage,clock_coverage,opening,termination,hour,day_of_week,date,hour_sin,hour_cos,is_win,is_loss,is_draw,is_decisive,result_points,previous_result,previous_loss,previous_win,break_after_previous,loss_streak,win_streak,loss_streak_before,win_streak_before,session_game_number,session_length,session_id,tilt_proxy,tilt_proxy_reason
ZJWo0gRV,2023-09-18 14:44:45+00:00,bat1skaf,bat1skaf,Pezkovi1,white,0-1,loss,,blitz,,Standard,180+2,180.0,2.0,1500.0,1561.0,1561.0,-61.0,78,39,39,208.0,5.333333333333333,3.0,0.0,,0.0,1.0,Benoni Defense: Old Benoni,Normal,14,0,2023-09-18,-0.4999999999999997,-0.8660254037844388,0,1,0,True,0.0,,False,False,,1,0,0,0,1,1,1,False,not_triggered
9sRqbIRR,2023-10-01 10:39:26+00:00,bat1skaf,oulman,bat1skaf,black,0-1,win,,blitz,,Standard,180+2,180.0,2.0,1264.0,1301.0,1264.0,37.0,6,3,3,8.0,2.6666666666666665,2.0,0.0,,0.0,1.0,Duras Gambit,Normal,10,6,2023-10-01,0.49999999999999994,-0.8660254037844387,1,0,0,True,1.0,loss,True,False,18474.683333333334,0,1,1,0,1,1,2,False,not_triggered
oSJFlzKZ,2023-10-28 16:00:00+00:00,bat1skaf,bat1skaf,betharmon813,white,1-0,win,,blitz,,Standard,180+2,180.0,2.0,1428.0,918.0,918.0,510.0,1,1,1,2.0,2.0,2.0,0.0,,0.0,1.0,English Opening,Time forfeit,16,5,2023-10-28,-0.8660254037844385,-0.5000000000000004,1,0,0,True,1.0,win,False,True,39200.566666666666,0,2,0,1,1,9,3,False,not_triggered
Jdgasc9N,2023-10-28 16:11:06+00:00,bat1skaf,SSS_Krut,bat1skaf,black,1-0,loss,,blitz,,Standard,180+2,180.0,2.0,866.0,1428.0,866.0,562.0,33,17,16,206.0,12.875,6.0,0.4375,,0.0,1.0,Englund Gambit,Time forfeit,16,5,2023-10-28,-0.8660254037844385,-0.5000000000000004,0,1,0,True,0.0,win,False,True,11.1,1,0,0,2,2,9,3,False,not_triggered
gQCziqKH,2023-10-28 16:21:45+00:00,bat1skaf,bat1skaf,hipeoplea,white,0-1,loss,,blitz,,Standard,180+2,180.0,2.0,1149.0,850.0,850.0,299.0,46,23,23,141.0,6.130434782608695,5.0,0.0,1.6545454545454543,0.9565217391304348,1.0,Queen's Pawn Game: Chigorin Variation,Normal,16,5,2023-10-28,-0.8660254037844385,-0.5000000000000004,0,1,0,True,0.0,loss,True,False,10.65,2,0,1,0,3,9,3,False,not_triggered
fiqMVeD2,2023-10-28 16:32:37+00:00,bat1skaf,st_affeev,bat1skaf,black,0-1,win,,blitz,,Standard,180+2,180.0,2.0,909.0,1018.0,909.0,109.0,48,24,24,217.0,9.041666666666666,8.5,0.0833333333333333,0.8304347826086957,0.9583333333333334,1.0,King's Pawn Game: Beyer Gambit,Normal,16,5,2023-10-28,-0.8660254037844385,-0.5000000000000004,1,0,0,True,1.0,loss,True,False,10.866666666666667,0,1,2,0,4,9,3,False,not_triggered
B2ONgpd0,2023-10-28 16:44:06+00:00,bat1skaf,bat1skaf,sh1rmar,white,0-1,loss,,blitz,,Standard,180+2,180.0,2.0,1083.0,1252.0,1252.0,-169.0,80,40,40,151.0,3.775,2.0,0.0,1.243846153846154,0.975,1.0,French Defense: Exchange Variation,Normal,16,5,2023-10-28,-0.8660254037844385,-0.5000000000000004,0,1,0,True,0.0,win,False,True,11.483333333333333,1,0,0,1,5,9,3,False,not_triggered
YxkuOto5,2023-10-28 16:55:47+00:00,bat1skaf,OrlovaEll,bat1skaf,black,0-1,win,,blitz,,Standard,180+2,180.0,2.0,900.0,1035.0,900.0,135.0,68,34,34,202.0,5.941176470588236,6.0,0.0,0.8281818181818182,0.9705882352941176,1.0,King's Pawn Game: King's Head Opening,Normal,16,5,2023-10-28,-0.8660254037844385,-0.5000000000000004,1,0,0,True,1.0,loss,True,False,11.683333333333334,0,1,1,0,6,9,3,False,not_triggered
doGRR5ct,2023-10-28 17:06:54+00:00,bat1skaf,kasha_masha,bat1skaf,black,1-0,loss,,blitz,,Standard,180+2,180.0,2.0,1341.0,1082.0,1341.0,-259.0,77,39,38,126.0,3.3157894736842106,2.0,0.0,0.8071052631578947,1.0,1.0,Philidor Defense,Normal,17,5,2023-10-28,-0.9659258262890683,-0.25881904510252063,0,1,0,True,0.0,win,False,True,11.116666666666667,1,0,0,1,7,9,3,False,not_triggered
MlxBw3GO,2023-10-28 17:19:43+00:00,bat1skaf,bat1skaf,PetroN3103,white,1/2-1/2,draw,,blitz,,Standard,180+2,180.0,2.0,1057.0,909.0,909.0,148.0,171,86,86,326.0,3.7906976744186047,2.0,0.4069767441860465,,0.0,1.0,Queen's Pawn Game: Mason Attack,Normal,17,5,2023-10-28,-0.9659258262890683,-0.25881904510252063,0,0,1,False,0.5,loss,True,False,12.816666666666666,0,0,1,0,8,9,3,False,not_triggered
JPjia3IY,2023-10-28 17:31:50+00:00,bat1skaf,oleggalimov0201,bat1skaf,black,1-0,loss,,blitz,,Standard,180+2,180.0,2.0,899.0,1034.0,899.0,135.0,1,1,0,,,,,,,,King's Pawn Game,Time forfeit,17,5,2023-10-28,-0.9659258262890683,-0.25881904510252063,0,1,0,True,0.0,draw,False,False,12.116666666666667,1,0,0,0,9,9,3,False,not_triggered
fqGorEif,2023-11-25 16:00:01+00:00,bat1skaf,clawf,bat1skaf,black,1-0,loss,,blitz,,Standard,180+2,180.0,2.0,1525.0,1034.0,1525.0,-491.0,57,29,28,151.0,5.392857142857143,4.0,0.0,,0.0,1.0,King's Pawn Game: Busch-Gass Gambit,Normal,16,5,2023-11-25,-0.8660254037844385,-0.5000000000000004,0,1,0,True,0.0,loss,True,False,40228.183333333334,2,0,1,0,1,7,4,False,not_triggered
WRhgpRM1,2023-11-25 16:10:11+00:00,bat1skaf,bat1skaf,alinautumn,white,1-0,win,,blitz,,Standard,180+2,180.0,2.0,1027.0,800.0,800.0,227.0,43,22,22,142.0,6.454545454545454,5.0,0.0,1.483809523809524,0.9545454545454546,1.0,Nimzowitsch Defense: Franco-Nimzowitsch Variation,Time forfeit,16,5,2023-11-25,-0.8660254037844385,-0.5000000000000004,1,0,0,True,1.0,loss,True,False,10.166666666666666,0,1,2,0,2,7,4,False,not_triggered
KHg3oRiS,2023-11-25 16:21:27+00:00,bat1skaf,vvrnnn,bat1skaf,black,1-0,loss,,blitz,,Standard,180+2,180.0,2.0,487.0,1049.0,487.0,562.0,87,44,43,261.0,6.069767441860465,3.0,0.4418604651162791,3.9655813953488375,1.0,1.0,Grob Opening: Double Grob,Time forfeit,16,5,2023-11-25,-0.8660254037844385,-0.5000000000000004,0,1,0,True,0.0,win,False,True,11.266666666666667,1,0,0,1,3,7,4,False,not_triggered
PQCGL1e6,2023-11-25 16:32:51+00:00,bat1skaf,bat1skaf,Yona335210,white,1/2-1/2,draw,,blitz,,Standard,180+2,180.0,2.0,948.0,816.0,816.0,132.0,120,60,60,236.0,3.933333333333333,3.0,0.0,,0.0,1.0,King's Pawn Game: Bavarian Gambit,Normal,16,5,2023-11-25,-0.8660254037844385,-0.5000000000000004,0,0,1,False,0.5,loss,True,False,11.4,0,0,1,0,4,7,4,False,not_triggered
UMMGSSzi,2023-11-25 16:44:44+00:00,bat1skaf,Ragulin336933,bat1skaf,black,0-1,win,,blitz,,Standard,180+2,180.0,2.0,723.0,931.0,723.0,208.0,50,25,25,209.0,8.36,7.0,0.0,,0.0,1.0,Grob Opening: Double Grob,Time forfeit,16,5,2023-11-25,-0.8660254037844385,-0.5000000000000004,1,0,0,True,1.0,draw,False,False,11.883333333333333,0,1,0,0,5,7,4,False,not_triggered
QhHF4D7D,2023-11-25 16:58:06+00:00,bat1skaf,bat1skaf,object301,white,0-1,loss,,blitz,,Standard,180+2,180.0,2.0,952.0,1215.0,1215.0,-263.0,36,18,18,74.0,4.111111111111111,4.0,0.0,,0.0,1.0,English Opening: The Whale,Normal,16,5,2023-11-25,-0.8660254037844385,-0.5000000000000004,0,1,0,True,0.0,win,False,True,13.366666666666667,1,0,0,1,6,7,4,False,not_triggered
6JDHdSgA,2023-11-25 17:08:26+00:00,bat1skaf,nikolausus,bat1skaf,black,1/2-1/2,draw,,blitz,,Standard,180+2,180.0,2.0,1189.0,937.0,1189.0,-252.0,79,40,39,250.0,6.410256410256411,5.0,0.1794871794871795,,0.0,1.0,Petrov's Defense: Damiano Variation,Normal,17,5,2023-11-25,-0.9659258262890683,-0.25881904510252063,0,0,1,False,0.5,loss,True,False,10.333333333333334,0,0,1,0,7,7,4,False,not_triggered
t7HubzwN,2023-12-23 16:00:01+00:00,bat1skaf,ArtyomZenkevich,bat1skaf,black,0-1,win,,blitz,,Standard,180+2,180.0,2.0,1482.0,959.0,1482.0,-523.0,0,0,0,,,,,,,,,Time forfeit,16,5,2023-12-23,-0.8660254037844385,-0.5000000000000004,1,0,0,True,1.0,draw,False,False,40251.583333333336,0,1,0,0,1,8,5,False,not_triggered
rQNE0eaO,2023-12-23 16:10:03+00:00,bat1skaf,bat1skaf,StrubVarvara,white,1-0,win,,blitz,,Standard,180+2,180.0,2.0,959.0,1500.0,1500.0,-541.0,53,27,27,204.0,7.555555555555555,6.0,0.0,1.3207692307692307,0.9629629629629628,1.0,English Opening: Anglo-Dutch Defense,Time forfeit,16,5,2023-12-23,-0.8660254037844385,-0.5000000000000004,1,0,0,True,1.0,win,False,True,10.033333333333333,0,2,0,1,2,8,5,False,not_triggered
3a2Y74CF,2023-12-23 16:19:01+00:00,bat1skaf,sofa_popova,bat1skaf,black,1-0,loss,,blitz,,Standard,180+2,180.0,2.0,1500.0,998.0,1500.0,-502.0,65,33,32,216.0,6.75,6.5,0.0,0.8278125000000001,1.0,1.0,Philidor Defense,Normal,16,5,2023-12-23,-0.8660254037844385,-0.5000000000000004,0,1,0,True,0.0,win,False,True,8.966666666666667,1,0,0,2,3,8,5,False,not_triggered
5HMQTKO0,2023-12-23 16:31:21+00:00,bat1skaf,bat1skaf,nstsk,white,0-1,loss,,blitz,,Standard,180+2,180.0,2.0,990.0,1134.0,1134.0,-144.0,20,10,10,63.0,6.3,3.0,0.0,,0.0,1.0,Queen's Pawn Game: Chigorin Variation,Normal,16,5,2023-12-23,-0.8660254037844385,-0.5000000000000004,0,1,0,True,0.0,loss,True,False,12.333333333333334,2,0,1,0,4,8,5,False,not_triggered
pkZA2vop,2023-12-23 16:42:05+00:00,bat1skaf,ChuprovaDasha,bat1skaf,black,1-0,loss,,blitz,,Standard,180+2,180.0,2.0,1202.0,967.0,1202.0,-235.0,51,26,25,203.0,8.12,7.0,0.0,0.9948,1.0,1.0,"Queen's Gambit Accepted: Central Variation, Modern Defense",Normal,16,5,2023-12-23,-0.8660254037844385,-0.5000000000000004,0,1,0,True,0.0,loss,True,False,10.733333333333333,3,0,2,0,5,8,5,False,not_triggered
wv8DJVos,2023-12-23 16:52:26+00:00,bat1skaf,bat1skaf,whatever125,white,0-1,loss,,blitz,,Standard,180+2,180.0,2.0,952.0,1031.0,1031.0,-79.0,74,37,37,234.0,6.324324324324325,6.0,0.0,3.0969444444444445,0.972972972972973,1.0,Horwitz Defense,Time forfeit,16,5,2023-12-23,-0.8660254037844385,-0.5000000000000004,0,1,0,True,0.0,loss,True,False,10.35,4,0,3,0,6,8,5,False,not_triggered
AiJAHusX,2023-12-23 17:02:44+00:00,bat1skaf,bagelenthusiast,bat1skaf,black,0-1,win,,blitz,,Standard,180+2,180.0,2.0,717.0,927.0,717.0,210.0,50,25,25,156.0,6.24,6.0,0.0,0.6392,1.0,1.0,Polish Opening: Symmetrical Variation,Normal,17,5,2023-12-23,-0.9659258262890683,-0.25881904510252063,1,0,0,True,1.0,loss,True,False,10.3,0,1,4,0,7,8,5,False,not_triggered
txs1lhwt,2023-12-23 17:14:26+00:00,bat1skaf,bat1skaf,smolyatas,white,0-1,loss,,blitz,,Standard,180+2,180.0,2.0,942.0,1041.0,1041.0,-99.0,50,25,25,182.0,7.28,7.0,0.0,,0.0,1.0,English Opening: Symmetrical Variation,Normal,17,5,2023-12-23,-0.9659258262890683,-0.25881904510252063,0,1,0,True,0.0,win,False,True,11.7,1,0,0,1,8,8,5,False,not_triggered
QDuGxrVy,2025-01-14 16:28:41+00:00,bat1skaf,Paddar,bat1skaf,black,1-0,loss,,rapid,,Standard,600+0,600.0,0.0,1486.0,1500.0,1486.0,14.0,57,29,28,489.0,17.464285714285715,8.0,0.0,0.8292857142857143,1.0,1.0,Queen's Pawn Game: London System,Normal,16,1,2025-01-14,-0.8660254037844385,-0.5000000000000004,0,1,0,True,0.0,loss,True,False,558674.25,2,0,1,0,1,1,6,False,not_triggered
yvugCO8u,2025-02-26 23:14:54+00:00,bat1skaf,bat1skaf,trinioyarzun2013,white,1-0,win,,blitz,,Standard,300+3,300.0,3.0,922.0,907.0,907.0,15.0,19,10,10,92.0,9.2,6.0,0.0,,0.0,1.0,Borg Defense,Normal,23,2,2025-02-26,-0.25881904510252157,0.9659258262890681,1,0,0,True,1.0,loss,True,False,62326.21666666667,0,1,2,0,1,1,7,False,not_triggered
w3WiCIwb,2025-12-07 12:26:07+00:00,bat1skaf,bat1skaf,Nurali2330,white,0-1,loss,,bullet,,Standard,60+0,60.0,0.0,1500.0,1609.0,1609.0,-109.0,54,27,27,40.0,1.4814814814814814,1.0,0.0,,0.0,1.0,Italian Game: Rousseau Gambit,Normal,12,6,2025-12-07,1.2246467991473532e-16,-1.0,0,1,0,True,0.0,win,False,True,408311.2166666667,1,0,0,1,1,6,8,False,not_triggered
iCuUaxAj,2025-12-07 12:27:56+00:00,bat1skaf,bat1skaf,gordondiamonds,white,0-1,loss,,bullet,,Standard,60+0,60.0,0.0,1319.0,1446.0,1446.0,-127.0,60,30,30,46.0,1.5333333333333334,1.0,0.0,,0.0,1.0,Caro-Kann Defense,Normal,12,6,2025-12-07,1.2246467991473532e-16,-1.0,0,1,0,True,0.0,loss,True,False,1.8166666666666667,2,0,1,0,2,6,8,False,not_triggered
BtVV80nk,2025-12-07 12:30:05+00:00,bat1skaf,bat1skaf,Sansik2,white,1-0,win,,bullet,,Standard,60+0,60.0,0.0,1216.0,1219.0,1219.0,-3.0,67,34,34,46.0,1.3529411764705883,1.0,0.0,0.688787878787879,0.9705882352941176,1.0,"Italian Game: Two Knights Defense, Knight Attack, Normal Variation",Time forfeit,12,6,2025-12-07,1.2246467991473532e-16,-1.0,1,0,0,True,1.0,loss,True,False,2.15,0,1,2,0,3,6,8,True,previous_loss + short_break + required_loss_streak
MhgJSXqm,2025-12-07 12:32:17+00:00,bat1skaf,bosu1,bat1skaf,black,1-0,loss,,bullet,,Standard,60+0,60.0,0.0,1436.0,1320.0,1436.0,-116.0,53,27,26,59.0,2.269230769230769,1.0,0.3076923076923077,,0.0,1.0,Tarrasch Defense,Time forfeit,12,6,2025-12-07,1.2246467991473532e-16,-1.0,0,1,0,True,0.0,win,False,True,2.2,1,0,0,1,4,6,8,False,not_triggered
iMYNTuVM,2025-12-07 12:34:27+00:00,bat1skaf,roberaurelio71,bat1skaf,black,0-1,win,,bullet,,Standard,60+0,60.0,0.0,1398.0,1265.0,1398.0,-133.0,100,50,50,58.0,1.16,1.0,0.28,,0.0,1.0,French Defense: Exchange Variation,Time forfeit,12,6,2025-12-07,1.2246467991473532e-16,-1.0,1,0,0,True,1.0,loss,True,False,2.1666666666666665,0,1,1,0,5,6,8,False,not_triggered
q1YlLktV,2025-12-07 12:37:11+00:00,bat1skaf,bat1skaf,Jakubjose,white,1-0,win,,bullet,,Standard,60+0,60.0,0.0,1362.0,1410.0,1410.0,-48.0,89,45,45,52.0,1.1555555555555554,1.0,0.1333333333333333,,0.0,1.0,Italian Game: Classical Variation,Time forfeit,12,6,2025-12-07,1.2246467991473532e-16,-1.0,1,0,0,True,1.0,win,False,True,2.7333333333333334,0,2,0,1,6,6,8,False,not_triggered
hxavBzl7,2025-12-08 13:59:18+00:00,bat1skaf,Rhizotome,bat1skaf,black,1-0,loss,,bullet,,Standard,60+0,60.0,0.0,1436.0,1427.0,1436.0,-9.0,45,23,22,57.0,2.590909090909091,2.0,0.2272727272727272,,0.0,1.0,French Defense: Queen's Knight,Time forfeit,13,0,2025-12-08,-0.2588190451025208,-0.9659258262890683,0,1,0,True,0.0,win,False,True,1522.1166666666666,1,0,0,2,1,24,9,False,not_triggered
bcmqalGM,2025-12-08 14:01:14+00:00,bat1skaf,bat1skaf,NDop,white,1-0,win,,bullet,,Standard,60+0,60.0,0.0,1380.0,1326.0,1326.0,54.0,73,37,37,51.0,1.3783783783783785,1.0,0.1081081081081081,,0.0,1.0,Italian Game: Blackburne-Kostić Gambit,Time forfeit,14,0,2025-12-08,-0.4999999999999997,-0.8660254037844388,1,0,0,True,1.0,loss,True,False,1.9333333333333333,0,1,1,0,2,24,9,False,not_triggered
8MjmLLKu,2025-12-08 14:03:21+00:00,bat1skaf,LupLup13,bat1skaf,black,0-1,win,,bullet,,Standard,60+0,60.0,0.0,1434.0,1416.0,1434.0,-18.0,34,17,17,22.0,1.2941176470588236,1.0,0.0,,0.0,1.0,Tarrasch Defense,Normal,14,0,2025-12-08,-0.4999999999999997,-0.8660254037844388,1,0,0,True,1.0,win,False,True,2.1166666666666667,0,2,0,1,3,24,9,False,not_triggered
QKM4E1nS,2025-12-08 14:04:36+00:00,bat1skaf,Sasirih,bat1skaf,black,0-1,win,,bullet,,Standard,60+0,60.0,0.0,1503.0,1459.0,1503.0,-44.0,72,36,36,59.0,1.6388888888888888,1.0,0.2777777777777778,0.6269444444444443,1.0,1.0,French Defense,Time forfeit,14,0,2025-12-08,-0.4999999999999997,-0.8660254037844388,1,0,0,True,1.0,win,False,True,1.25,0,3,0,2,4,24,9,False,not_triggered
iFtPleRh,2025-12-08 14:07:06+00:00,bat1skaf,bat1skaf,FilebraFreshbra,white,1-0,win,,bullet,,Standard,60+0,60.0,0.0,1501.0,1524.0,1524.0,-23.0,33,17,17,41.0,2.411764705882353,1.0,0.0,,0.0,1.0,"Italian Game: Two Knights Defense, Knight Attack, Normal Variation",Time forfeit,14,0,2025-12-08,-0.4999999999999997,-0.8660254037844388,1,0,0,True,1.0,win,False,True,2.5,0,4,0,3,5,24,9,False,not_triggered
6v2kSjhv,2025-12-08 14:09:01+00:00,bat1skaf,bat1skaf,J3f_K,white,0-1,loss,,bullet,,Standard,60+0,60.0,0.0,1534.0,1528.0,1528.0,6.0,62,31,31,59.0,1.903225806451613,1.0,0.2903225806451613,,0.0,1.0,Philidor Defense,Time forfeit,14,0,2025-12-08,-0.4999999999999997,-0.8660254037844388,0,1,0,True,0.0,win,False,True,1.9166666666666667,1,0,0,4,6,24,9,False,not_triggered
rBGLzjmS,2025-12-08 14:11:06+00:00,bat1skaf,reginald53,bat1skaf,black,0-1,win,,bullet,,Standard,60+0,60.0,0.0,1500.0,1503.0,1500.0,3.0,68,34,34,43.0,1.2647058823529411,1.0,0.0,0.7170588235294119,1.0,1.0,French Defense: Exchange Variation,Time forfeit,14,0,2025-12-08,-0.4999999999999997,-0.8660254037844388,1,0,0,True,1.0,loss,True,False,2.0833333333333335,0,1,1,0,7,24,9,False,not_triggered
0hHIpp01,2025-12-08 14:13:00+00:00,bat1skaf,bat1skaf,Ferchus,white,1-0,win,,bullet,,Standard,60+0,60.0,0.0,1531.0,1518.0,1518.0,13.0,19,10,10,10.0,1.0,1.0,0.0,,0.0,1.0,Zukertort Opening: Tennison Gambit,Time forfeit,14,0,2025-12-08,-0.4999999999999997,-0.8660254037844388,1,0,0,True,1.0,win,False,True,1.9,0,2,0,1,8,24,9,False,not_triggered
EzHvPMFl,2025-12-08 14:14:29+00:00,bat1skaf,bat1skaf,RROMMAN,white,1-0,win,,bullet,,Standard,60+0,60.0,0.0,1555.0,1556.0,1556.0,-1.0,61,31,31,59.0,1.903225806451613,1.0,0.2580645161290322,,0.0,1.0,Philidor Defense,Time forfeit,14,0,2025-12-08,-0.4999999999999997,-0.8660254037844388,1,0,0,True,1.0,win,False,True,1.4833333333333334,0,3,0,2,9,24,9,False,not_triggered
YaBhlJ7o,2025-12-08 14:16:50+00:00,bat1skaf,bat1skaf,Umapute,white,0-1,loss,,bullet,,Standard,60+0,60.0,0.0,1578.0,1593.0,1593.0,-15.0,50,25,25,40.0,1.6,1.0,0.0,,0.0,1.0,Caro-Kann Defense,Normal,14,0,2025-12-08,-0.4999999999999997,-0.8660254037844388,0,1,0,True,0.0,win,False,True,2.35,1,0,0,3,10,24,9,False,not_triggered
RMfxXqaJ,2025-12-08 14:18:07+00:00,bat1skaf,parrales251020,bat1skaf,black,0-1,win,,bullet,,Standard,60+0,60.0,0.0,1557.0,1556.0,1557.0,-1.0,110,55,55,59.0,1.0727272727272728,1.0,0.5818181818181818,,0.0,1.0,Horwitz Defense,Time forfeit,14,0,2025-12-08,-0.4999999999999997,-0.8660254037844388,1,0,0,True,1.0,loss,True,False,1.2833333333333334,0,1,1,0,11,24,9,False,not_triggered
eAQmHENp,2025-12-08 14:20:29+00:00,bat1skaf,quehamburguesa,bat1skaf,black,1/2-1/2,draw,,bullet,,Standard,60+0,60.0,0.0,1526.0,1578.0,1526.0,52.0,102,51,51,59.0,1.156862745098039,1.0,0.2156862745098039,,0.0,1.0,French Defense: Knight Variation,Time forfeit,14,0,2025-12-08,-0.4999999999999997,-0.8660254037844388,0,0,1,False,0.5,win,False,True,2.3666666666666667,0,0,0,1,12,24,9,False,not_triggered
xtbY2MAp,2025-12-08 14:22:55+00:00,bat1skaf,bat1skaf,Cider_Cake,white,1-0,win,,bullet,,Standard,60+0,60.0,0.0,1576.0,1599.0,1599.0,-23.0,69,35,35,50.0,1.4285714285714286,1.0,0.0571428571428571,,0.0,1.0,French Defense: Knight Variation,Normal,14,0,2025-12-08,-0.4999999999999997,-0.8660254037844388,1,0,0,True,1.0,draw,False,False,2.433333333333333,0,1,0,0,13,24,9,False,not_triggered
YdOOTHUV,2025-12-08 14:24:41+00:00,bat1skaf,GreatChessSinceYears,bat1skaf,black,1-0,loss,,bullet,,Standard,60+0,60.0,0.0,1641.0,1595.0,1641.0,-46.0,41,21,20,34.0,1.7,1.0,0.0,,0.0,1.0,"French Defense: Advance Variation, Nimzowitsch System",Normal,14,0,2025-12-08,-0.4999999999999997,-0.8660254037844388,0,1,0,True,0.0,win,False,True,1.7666666666666666,1,0,0,1,14,24,9,False,not_triggered
8TOgD0WI,2025-12-08 14:26:12+00:00,bat1skaf,bat1skaf,TitounetCasca,white,0-1,loss,,bullet,,Standard,60+0,60.0,0.0,1580.0,1494.0,1494.0,86.0,64,32,32,59.0,1.84375,2.0,0.25,,0.0,1.0,Scandinavian Defense: Modern Variation,Time forfeit,14,0,2025-12-08,-0.4999999999999997,-0.8660254037844388,0,1,0,True,0.0,loss,True,False,1.5166666666666666,2,0,1,0,15,24,9,False,not_triggered
jJN4bUp3,2025-12-08 14:28:20+00:00,bat1skaf,Vikram_Menon,bat1skaf,black,0-1,win,,bullet,,Standard,60+0,60.0,0.0,1560.0,1559.0,1560.0,-1.0,79,40,39,45.0,1.1538461538461535,1.0,0.0,,0.0,1.0,French Defense: Knight Variation,Normal,14,0,2025-12-08,-0.4999999999999997,-0.8660254037844388,1,0,0,True,1.0,loss,True,False,2.1333333333333333,0,1,2,0,16,24,9,True,previous_loss + short_break + required_loss_streak
QBlQO7ZX,2025-12-08 14:31:09+00:00,bat1skaf,J3f_K,bat1skaf,black,0-1,win,,bullet,,Standard,60+0,60.0,0.0,1550.0,1576.0,1550.0,26.0,58,29,29,53.0,1.827586206896552,1.0,0.0689655172413793,0.8986206896551724,1.0,1.0,Tarrasch Defense,Time forfeit,14,0,2025-12-08,-0.4999999999999997,-0.8660254037844388,1,0,0,True,1.0,win,False,True,2.816666666666667,0,2,0,1,17,24,9,False,not_triggered
LGKmaRfa,2025-12-08 14:33:27+00:00,bat1skaf,bat1skaf,lirililarila111,white,1-0,win,,bullet,,Standard,60+0,60.0,0.0,1591.0,1589.0,1589.0,2.0,71,36,36,57.0,1.5833333333333333,1.0,0.2222222222222222,,0.0,1.0,Italian Game: Classical Variation,Time forfeit,14,0,2025-12-08,-0.4999999999999997,-0.8660254037844388,1,0,0,True,1.0,win,False,True,2.3,0,3,0,2,18,24,9,False,not_triggered
ji8oxMNS,2025-12-08 14:44:42+00:00,bat1skaf,bat1skaf,alihdz,white,0-1,loss,,blitz,,Standard,300+3,300.0,3.0,976.0,836.0,836.0,140.0,38,19,19,218.0,11.473684210526317,14.0,0.0,,0.0,1.0,Scandinavian Defense,Normal,14,0,2025-12-08,-0.4999999999999997,-0.8660254037844388,0,1,0,True,0.0,win,False,True,11.25,1,0,0,3,19,24,9,False,not_triggered
6rpT5Pi3,2025-12-08 14:51:37+00:00,bat1skaf,bat1skaf,Daxiong2022,white,1-0,win,,blitz,,Standard,300+3,300.0,3.0,840.0,872.0,872.0,-32.0,29,15,15,64.0,4.266666666666667,3.0,0.0,,0.0,1.0,Italian Game: Paris Defense,Normal,14,0,2025-12-08,-0.4999999999999997,-0.8660254037844388,1,0,0,True,1.0,loss,True,False,6.916666666666667,0,1,1,0,20,24,9,False,not_triggered
9F8hc3uA,2025-12-08 14:55:01+00:00,bat1skaf,ozyyyyyy,bat1skaf,black,0-1,win,,blitz,,Standard,300+3,300.0,3.0,863.0,921.0,863.0,58.0,76,38,38,355.0,9.342105263157896,6.0,0.0,0.8816216216216215,0.9736842105263158,1.0,Three Knights Opening,Normal,14,0,2025-12-08,-0.4999999999999997,-0.8660254037844388,1,0,0,True,1.0,win,False,True,3.4,0,2,0,1,21,24,9,False,not_triggered
5YHmr9vp,2025-12-08 15:06:53+00:00,bat1skaf,Pray3,bat1skaf,black,0-1,win,,blitz,,Standard,300+3,300.0,3.0,877.0,973.0,877.0,96.0,34,17,17,170.0,10.0,6.0,0.0,,0.0,1.0,Kádas Opening,Normal,15,0,2025-12-08,-0.7071067811865471,-0.7071067811865479,1,0,0,True,1.0,win,False,True,11.866666666666667,0,3,0,2,22,24,9,False,not_triggered
Qblt6v6d,2025-12-08 15:12:51+00:00,bat1skaf,inikolov,bat1skaf,black,0-1,win,,blitz,,Standard,300+3,300.0,3.0,1056.0,1015.0,1056.0,-41.0,44,22,22,239.0,10.863636363636363,7.5,0.0,,0.0,1.0,Queen's Gambit Declined,Normal,15,0,2025-12-08,-0.7071067811865471,-0.7071067811865479,1,0,0,True,1.0,win,False,True,5.966666666666667,0,4,0,3,23,24,9,False,not_triggered
aelUvgQv,2025-12-08 15:22:39+00:00,bat1skaf,bat1skaf,User123456abc,white,1-0,win,,blitz,,Standard,300+3,300.0,3.0,1070.0,948.0,948.0,122.0,89,45,45,341.0,7.75,5.5,0.0,0.2834090909090909,0.9777777777777776,0.9777777777777776,Italian Game: Paris Defense,Normal,15,0,2025-12-08,-0.7071067811865471,-0.7071067811865479,1,0,0,True,1.0,win,False,True,9.8,0,5,0,4,24,24,9,False,not_triggered
gA5fIsrx,2026-04-14 13:33:48+00:00,bat1skaf,Tomppuomppu,bat1skaf,black,0-1,win,,blitz,,Standard,180+2,180.0,2.0,1223.0,1097.0,1223.0,-126.0,66,33,33,170.0,5.151515151515151,3.0,0.0,0.105625,0.9696969696969696,1.0,Horwitz Defense,Normal,13,1,2026-04-14,-0.2588190451025208,-0.9659258262890683,1,0,0,True,1.0,win,False,True,182771.15,0,6,0,5,1,11,10,False,not_triggered
CzQNLaKS,2026-04-14 13:39:36+00:00,bat1skaf,bat1skaf,barsaa123,white,0-1,loss,,blitz,,Standard,180+2,180.0,2.0,1171.0,1161.0,1161.0,10.0,46,23,23,220.0,9.565217391304348,8.0,0.217391304347826,,0.0,1.0,Italian Game: Classical Variation,Time forfeit,13,1,2026-04-14,-0.2588190451025208,-0.9659258262890683,0,1,0,True,0.0,win,False,True,5.8,1,0,0,6,2,11,10,False,not_triggered
Ep66XmUU,2026-04-14 13:47:33+00:00,bat1skaf,bat1skaf,Buned94,white,0-1,loss,,blitz,,Standard,180+2,180.0,2.0,1121.0,1144.0,1144.0,-23.0,30,15,15,152.0,10.133333333333333,6.0,0.0,,0.0,1.0,Philidor Defense,Normal,13,1,2026-04-14,-0.2588190451025208,-0.9659258262890683,0,1,0,True,0.0,loss,True,False,7.95,2,0,1,0,3,11,10,False,not_triggered
ojv4JqPe,2026-04-14 13:53:46+00:00,bat1skaf,Filip_Whitecoast,bat1skaf,black,0-1,win,,blitz,,Standard,180+2,180.0,2.0,1095.0,1082.0,1095.0,-13.0,53,27,26,200.0,7.6923076923076925,4.0,0.0,0.3873076923076923,1.0,1.0,French Defense: Exchange Variation,Normal,13,1,2026-04-14,-0.2588190451025208,-0.9659258262890683,1,0,0,True,1.0,loss,True,False,6.216666666666667,0,1,2,0,4,11,10,False,not_triggered
RSy4W0dJ,2026-04-14 14:02:10+00:00,bat1skaf,bat1skaf,Tanjas5,white,1-0,win,,blitz,,Standard,180+2,180.0,2.0,1121.0,1103.0,1103.0,18.0,37,19,19,197.0,10.36842105263158,6.0,0.0,0.1052941176470589,0.8947368421052632,1.0,Scandinavian Defense: Mieses-Kotroc Variation,Normal,14,1,2026-04-14,-0.4999999999999997,-0.8660254037844388,1,0,0,True,1.0,win,False,True,8.4,0,2,0,1,5,11,10,False,not_triggered
qLttNRz8,2026-04-14 14:10:51+00:00,bat1skaf,fishybanjo,bat1skaf,black,1-0,loss,,blitz,,Standard,180+2,180.0,2.0,1233.0,1152.0,1233.0,-81.0,55,28,27,226.0,8.37037037037037,5.0,0.1851851851851851,,0.0,1.0,Tarrasch Defense,Normal,14,1,2026-04-14,-0.4999999999999997,-0.8660254037844388,0,1,0,True,0.0,win,False,True,8.683333333333334,1,0,0,2,6,11,10,False,not_triggered
cwxy2Jca,2026-04-14 14:17:32+00:00,bat1skaf,bat1skaf,Mehrad0153434198,white,0-1,loss,,blitz,,Standard,180+2,180.0,2.0,1129.0,1135.0,1135.0,-6.0,153,77,77,322.0,4.181818181818182,2.0,0.7272727272727273,,0.0,1.0,Italian Game: Hungarian Defense,Normal,14,1,2026-04-14,-0.4999999999999997,-0.8660254037844388,0,1,0,True,0.0,loss,True,False,6.683333333333334,2,0,1,0,7,11,10,False,not_triggered
xbXqdgO4,2026-04-14 14:28:34+00:00,bat1skaf,TutLarsan,bat1skaf,black,1-0,loss,,blitz,,Standard,180+2,180.0,2.0,1117.0,1101.0,1117.0,-16.0,119,60,59,285.0,4.830508474576271,3.0,0.4745762711864407,2.048305084745763,1.0,1.0,Grob Opening,Normal,14,1,2026-04-14,-0.4999999999999997,-0.8660254037844388,0,1,0,True,0.0,loss,True,False,11.033333333333333,3,0,2,0,8,11,10,False,not_triggered
AehwGHV0,2026-04-14 14:37:05+00:00,bat1skaf,bat1skaf,AmgrootCap,white,1-0,win,,blitz,,Standard,180+2,180.0,2.0,1077.0,1025.0,1025.0,52.0,26,13,13,179.0,13.76923076923077,8.0,0.0,,0.0,1.0,Petrov's Defense: Damiano Variation,Normal,14,1,2026-04-14,-0.4999999999999997,-0.8660254037844388,1,0,0,True,1.0,loss,True,False,8.516666666666667,0,1,3,0,9,11,10,False,not_triggered
lZqb98zw,2026-04-14 14:41:52+00:00,bat1skaf,bat1skaf,LeOnArDo014ZERO,white,1-0,win,,blitz,,Standard,180+2,180.0,2.0,1097.0,1113.0,1113.0,-16.0,157,79,79,312.0,3.949367088607595,2.0,0.4683544303797468,,0.0,1.0,"French Defense: Winawer Variation, Delayed Exchange Variation",Normal,14,1,2026-04-14,-0.4999999999999997,-0.8660254037844388,1,0,0,True,1.0,win,False,True,4.783333333333333,0,2,0,1,10,11,10,False,not_triggered
EFtHCyPA,2026-04-14 14:52:25+00:00,bat1skaf,Rasul_Gamzatov1999,bat1skaf,black,0-1,win,,blitz,,Standard,180+2,180.0,2.0,1243.0,1120.0,1243.0,-123.0,18,9,9,90.0,10.0,8.0,0.0,,0.0,1.0,Tarrasch Defense,Time forfeit,14,1,2026-04-14,-0.4999999999999997,-0.8660254037844388,1,0,0,True,1.0,win,False,True,10.55,0,3,0,2,11,11,10,False,not_triggered
cYm9yAts,2026-04-14 16:21:44+00:00,bat1skaf,incar8,bat1skaf,black,1-0,loss,,blitz,,Standard,180+2,180.0,2.0,1149.0,1149.0,1149.0,0.0,65,33,32,240.0,7.5,4.0,0.34375,0.36125,1.0,1.0,Vienna Game: Max Lange Defense,Time forfeit,16,1,2026-04-14,-0.8660254037844385,-0.5000000000000004,0,1,0,True,0.0,win,False,True,89.31666666666666,1,0,0,3,1,8,11,False,not_triggered
wHyvXaLh,2026-04-14 16:28:47+00:00,bat1skaf,RSS108,bat1skaf,black,0-1,win,,blitz,,Standard,300+3,300.0,3.0,1139.0,1130.0,1139.0,-9.0,42,21,21,273.0,13.0,12.0,0.0,0.8033333333333333,1.0,1.0,Bird Opening,Normal,16,1,2026-04-14,-0.8660254037844385,-0.5000000000000004,1,0,0,True,1.0,loss,True,False,7.05,0,1,1,0,2,8,11,False,not_triggered
srTO9i7c,2026-04-14 16:37:21+00:00,bat1skaf,bat1skaf,Nonspes,white,1-0,win,,blitz,,Standard,300+3,300.0,3.0,1150.0,1266.0,1266.0,-116.0,13,7,7,39.0,5.571428571428571,5.0,0.0,0.24,0.8571428571428571,1.0,Sicilian Defense: Old Sicilian,Normal,16,1,2026-04-14,-0.8660254037844385,-0.5000000000000004,1,0,0,True,1.0,win,False,True,8.566666666666666,0,2,0,1,3,8,11,False,not_triggered
szwqvns1,2026-04-14 16:40:55+00:00,bat1skaf,AndreyChertov,bat1skaf,black,0-1,win,,blitz,,Standard,300+3,300.0,3.0,1276.0,1174.0,1276.0,-102.0,70,35,35,346.0,9.885714285714286,5.0,0.0,0.254,1.0,1.0,Danish Gambit Declined: Sörensen Defense,Normal,16,1,2026-04-14,-0.8660254037844385,-0.5000000000000004,1,0,0,True,1.0,win,False,True,3.566666666666667,0,3,0,2,4,8,11,False,not_triggered
UXvy7cdg,2026-04-14 16:50:29+00:00,bat1skaf,bat1skaf,RainerHarz,white,0-1,loss,,blitz,,Standard,300+3,300.0,3.0,1197.0,1317.0,1317.0,-120.0,80,40,40,377.0,9.425,6.0,0.0,0.5682051282051283,0.975,1.0,Petrov's Defense: Damiano Variation,Normal,16,1,2026-04-14,-0.8660254037844385,-0.5000000000000004,0,1,0,True,0.0,win,False,True,9.566666666666666,1,0,0,3,5,8,11,False,not_triggered
UdWDAPOU,2026-04-14 17:02:24+00:00,bat1skaf,bat1skaf,Esteb60,white,1/2-1/2,draw,,blitz,,Standard,300+3,300.0,3.0,1185.0,1292.0,1292.0,-107.0,116,58,58,461.0,7.948275862068965,3.0,0.5172413793103449,0.3831578947368421,0.9827586206896552,1.0,French Defense: Exchange Variation,Normal,17,1,2026-04-14,-0.9659258262890683,-0.25881904510252063,0,0,1,False,0.5,loss,True,False,11.916666666666666,0,0,1,0,6,8,11,False,not_triggered
lK11Fs1Z,2026-04-14 17:18:11+00:00,bat1skaf,Stigney,bat1skaf,black,0-1,win,,blitz,,Standard,300+3,300.0,3.0,1157.0,1189.0,1157.0,32.0,62,31,31,369.0,11.903225806451612,8.0,0.0967741935483871,,0.0,1.0,Scotch Game,Normal,17,1,2026-04-14,-0.9659258262890683,-0.25881904510252063,1,0,0,True,1.0,draw,False,False,15.783333333333333,0,1,0,0,7,8,11,False,not_triggered
DYNFtSNb,2026-04-14 17:29:11+00:00,bat1skaf,barthillas,bat1skaf,black,0-1,win,,blitz,,Standard,300+3,300.0,3.0,1206.0,1204.0,1206.0,-2.0,108,54,54,338.0,6.377358490566038,4.0,0.0,,0.0,0.9814814814814816,Italian Game: Classical Variation,Normal,17,1,2026-04-14,-0.9659258262890683,-0.25881904510252063,1,0,0,True,1.0,win,False,True,11.0,0,2,0,1,8,8,11,False,not_triggered
u5TYhp8K,2026-04-14 18:12:25+00:00,bat1skaf,bat1skaf,Sash-33,white,0-1,loss,,blitz,,Standard,300+3,300.0,3.0,1219.0,1265.0,1265.0,-46.0,48,24,24,330.0,13.75,8.0,0.0,,0.0,1.0,French Defense: Exchange Variation,Time forfeit,18,1,2026-04-14,-1.0,-1.8369701987210297e-16,0,1,0,True,0.0,win,False,True,43.233333333333334,1,0,0,2,1,1,12,False,not_triggered
B3nGx49F,2026-04-14 21:46:40+00:00,bat1skaf,bat1skaf,djgj49866,white,0-1,loss,,blitz,,Standard,300+3,300.0,3.0,1207.0,1192.0,1192.0,15.0,22,11,11,198.0,18.0,9.0,0.0,,0.0,1.0,"Italian Game: Two Knights Defense, Traxler Counterattack",Normal,21,1,2026-04-14,-0.7071067811865477,0.7071067811865474,0,1,0,True,0.0,loss,True,False,214.25,2,0,1,0,1,4,13,False,not_triggered
lqkF2zpy,2026-04-14 21:54:46+00:00,bat1skaf,bat1skaf,sebroom,white,0-1,loss,,blitz,,Standard,300+3,300.0,3.0,1192.0,1188.0,1188.0,4.0,34,17,17,150.0,8.823529411764707,9.0,0.0,,0.0,1.0,Caro-Kann Defense: Endgame Offer,Normal,21,1,2026-04-14,-0.7071067811865477,0.7071067811865474,0,1,0,True,0.0,loss,True,False,8.1,3,0,2,0,2,4,13,False,not_triggered
ZM0a7KN1,2026-04-14 21:59:41+00:00,bat1skaf,anishell,bat1skaf,black,1-0,loss,,blitz,,Standard,300+3,300.0,3.0,1271.0,1178.0,1271.0,-93.0,37,19,18,256.0,14.22222222222222,12.5,0.0,,0.0,1.0,Italian Game: Classical Variation,Normal,21,1,2026-04-14,-0.7071067811865477,0.7071067811865474,0,1,0,True,0.0,loss,True,False,4.916666666666667,4,0,3,0,3,4,13,True,previous_loss + short_break + required_loss_streak
P6g0l0NF,2026-04-14 22:07:07+00:00,bat1skaf,parzival89,bat1skaf,black,0-1,win,,blitz,,Standard,300+3,300.0,3.0,1063.0,1169.0,1063.0,106.0,60,30,30,300.0,10.0,7.5,0.0,,0.0,1.0,"Italian Game: Giuoco Pianissimo, Normal",Normal,22,1,2026-04-14,-0.5000000000000004,0.8660254037844384,1,0,0,True,1.0,loss,True,False,7.433333333333334,0,1,4,0,4,4,13,False,not_triggered
rpyWiCN0,2026-04-15 17:41:57+00:00,bat1skaf,bat1skaf,donberko,white,1-0,win,,blitz,,Standard,300+3,300.0,3.0,1178.0,1106.0,1106.0,72.0,35,18,18,226.0,12.555555555555555,11.5,0.0,,0.0,1.0,Sicilian Defense: French Variation,Normal,17,2,2026-04-15,-0.9659258262890683,-0.25881904510252063,1,0,0,True,1.0,win,False,True,1174.8333333333333,0,2,0,1,1,2,14,False,not_triggered
0Vm34d60,2026-04-15 17:47:50+00:00,bat1skaf,uk66fastback,bat1skaf,black,1-0,loss,,blitz,,Standard,300+3,300.0,3.0,1263.0,1188.0,1263.0,-75.0,97,49,48,440.0,9.166666666666666,6.0,0.6041666666666666,,0.0,1.0,King's Gambit Declined: Keene Defense,Time forfeit,17,2,2026-04-15,-0.9659258262890683,-0.25881904510252063,0,1,0,True,0.0,win,False,True,5.883333333333334,1,0,0,2,2,2,14,False,not_triggered
xjEUQhTv,2026-04-16 11:36:23+00:00,bat1skaf,bat1skaf,Gtscot,white,1-0,win,,blitz,,Standard,300+3,300.0,3.0,1179.0,1192.0,1192.0,-13.0,83,42,42,345.0,8.214285714285714,7.0,0.0,2.1565853658536587,0.9761904761904762,1.0,King's Pawn Game: Damiano Defense,Normal,11,3,2026-04-16,0.258819045102521,-0.9659258262890682,1,0,0,True,1.0,loss,True,False,1068.55,0,1,1,0,1,2,15,False,not_triggered
o7ORNn3m,2026-04-16 11:54:19+00:00,bat1skaf,Nekhludovvsh,bat1skaf,black,0-1,win,,blitz,,Standard,300+3,300.0,3.0,1171.0,1190.0,1171.0,19.0,96,48,48,421.0,8.770833333333334,4.5,0.3958333333333333,0.2745833333333333,1.0,1.0,Scotch Game: Haxo Gambit,Time forfeit,11,3,2026-04-16,0.258819045102521,-0.9659258262890682,1,0,0,True,1.0,win,False,True,17.933333333333334,0,2,0,1,2,2,15,False,not_triggered
7sUfezfz,2026-04-16 21:37:40+00:00,bat1skaf,TVHK,bat1skaf,black,1-0,loss,,blitz,,Standard,300+3,300.0,3.0,1147.0,1201.0,1147.0,54.0,39,20,19,229.0,12.052631578947368,9.0,0.0,1.2389473684210526,1.0,1.0,King's Knight Opening: Normal Variation,Normal,21,3,2026-04-16,-0.7071067811865477,0.7071067811865474,0,1,0,True,0.0,win,False,True,583.35,1,0,0,2,1,4,16,False,not_triggered
vHXTJtV3,2026-04-16 21:45:54+00:00,bat1skaf,bat1skaf,abnergiacomo,white,1-0,win,,blitz,,Standard,300+3,300.0,3.0,1189.0,1290.0,1290.0,-101.0,49,25,25,237.0,9.48,8.0,0.0,0.2565217391304347,0.92,1.0,Alekhine Defense,Normal,21,3,2026-04-16,-0.7071067811865477,0.7071067811865474,1,0,0,True,1.0,loss,True,False,8.233333333333333,0,1,1,0,2,4,16,False,not_triggered
hPwmkbvr,2026-04-16 22:00:32+00:00,bat1skaf,Pagliarichess,bat1skaf,black,1-0,loss,,blitz,,Standard,300+0,300.0,0.0,1209.0,1198.0,1209.0,-11.0,31,16,15,110.0,7.333333333333333,4.0,0.0,0.8920000000000001,1.0,1.0,Italian Game: Giuoco Piano,Normal,22,3,2026-04-16,-0.5000000000000004,0.8660254037844384,0,1,0,True,0.0,win,False,True,14.633333333333333,1,0,0,1,3,4,16,False,not_triggered
Qh4CsQxA,2026-04-16 22:06:48+00:00,bat1skaf,bat1skaf,IDOMUCHE,white,0-1,loss,,blitz,,Standard,300+0,300.0,0.0,1189.0,1179.0,1179.0,10.0,66,33,33,173.0,5.242424242424242,4.0,0.0,,0.0,1.0,Gunderam Defense,Normal,22,3,2026-04-16,-0.5000000000000004,0.8660254037844384,0,1,0,True,0.0,loss,True,False,6.266666666666667,2,0,1,0,4,4,16,False,not_triggered
OtIGV2wy,2026-04-17 14:29:09+00:00,bat1skaf,bat1skaf,newmanrock,white,0-1,loss,,blitz,,Standard,300+3,300.0,3.0,1178.0,1222.0,1222.0,-44.0,57,29,29,247.0,8.517241379310345,6.0,0.0,,0.0,1.0,Italian Game: Anti-Fried Liver Defense,Normal,14,4,2026-04-17,-0.4999999999999997,-0.8660254037844388,0,1,0,True,0.0,loss,True,False,982.35,3,0,2,0,1,4,17,False,not_triggered
HbGDyZgC,2026-04-17 14:37:57+00:00,bat1skaf,bat1skaf,Bee-Chess,white,0-1,loss,,blitz,,Standard,300+3,300.0,3.0,1169.0,1182.0,1182.0,-13.0,50,25,25,302.0,12.08,9.0,0.0,0.7808333333333334,0.96,1.0,Italian Game: Anti-Fried Liver Defense,Normal,14,4,2026-04-17,-0.4999999999999997,-0.8660254037844388,0,1,0,True,0.0,loss,True,False,8.8,4,0,3,0,2,4,17,False,not_triggered
OeIP1T6i,2026-04-17 14:48:59+00:00,bat1skaf,ZaloP,bat1skaf,black,1-0,loss,,blitz,,Standard,300+3,300.0,3.0,1160.0,1160.0,1160.0,0.0,77,39,38,410.0,10.789473684210526,7.5,0.1578947368421052,1.1471052631578946,1.0,1.0,Four Knights Game: Italian Variation,Time forfeit,14,4,2026-04-17,-0.4999999999999997,-0.8660254037844388,0,1,0,True,0.0,loss,True,False,11.033333333333333,5,0,4,0,3,4,17,False,not_triggered
wADbJkk5,2026-04-17 15:02:33+00:00,bat1skaf,zgigi,bat1skaf,black,1/2-1/2,draw,,blitz,,Standard,300+3,300.0,3.0,1180.0,1151.0,1180.0,-29.0,159,80,79,530.0,6.708860759493671,4.0,0.2531645569620253,0.5256962025316456,1.0,1.0,English Opening: Agincourt Defense,Normal,15,4,2026-04-17,-0.7071067811865471,-0.7071067811865479,0,0,1,False,0.5,loss,True,False,13.566666666666666,0,0,5,0,4,4,17,False,not_triggered
QQd6cgCK,2026-04-18 18:32:54+00:00,bat1skaf,bat1skaf,BananaBro247,white,1-0,win,,blitz,,Standard,300+3,300.0,3.0,1152.0,1183.0,1183.0,-31.0,83,42,42,302.0,7.190476190476191,3.5,0.0,0.5509756097560976,0.9761904761904762,1.0,"Italian Game: Two Knights Defense, Knight Attack, Normal Variation",Normal,18,5,2026-04-18,-1.0,-1.8369701987210297e-16,1,0,0,True,1.0,draw,False,False,1650.35,0,1,0,0,1,3,18,False,not_triggered
l7BmkefO,2026-04-18 18:43:05+00:00,bat1skaf,bat1skaf,VanPersix,white,1-0,win,,blitz,,Standard,300+3,300.0,3.0,1162.0,1058.0,1058.0,104.0,19,10,10,76.0,7.6,2.5,0.0,,0.0,1.0,"Italian Game: Two Knights Defense, Knight Attack, Normal Variation",Normal,18,5,2026-04-18,-1.0,-1.8369701987210297e-16,1,0,0,True,1.0,win,False,True,10.183333333333334,0,2,0,1,2,3,18,False,not_triggered
Q6bXJZ0c,2026-04-18 18:46:43+00:00,bat1skaf,Artur192807,bat1skaf,black,1-0,loss,,bullet,,Standard,120+1,120.0,1.0,1642.0,1605.0,1642.0,-37.0,75,38,37,129.0,3.4864864864864864,2.0,0.0,,0.0,1.0,Scotch Game,Normal,18,5,2026-04-18,-1.0,-1.8369701987210297e-16,0,1,0,True,0.0,win,False,True,3.6333333333333333,1,0,0,2,3,3,18,False,not_triggered
3o59IsIH,2026-04-18 19:41:58+00:00,bat1skaf,bat1skaf,Ruudyy,white,1-0,win,,blitz,,Standard,300+3,300.0,3.0,1168.0,1185.0,1185.0,-17.0,63,32,32,373.0,11.65625,9.0,0.1875,0.3633333333333333,0.9375,1.0,King's Pawn Game: Damiano Defense,Normal,19,5,2026-04-18,-0.9659258262890684,0.2588190451025203,1,0,0,True,1.0,loss,True,False,55.25,0,1,1,0,1,1,19,False,not_triggered
HgzHYzNQ,2026-04-18 20:18:10+00:00,bat1skaf,aholeinthewor1d,bat1skaf,black,1-0,loss,,blitz,,Standard,300+3,300.0,3.0,1239.0,1176.0,1239.0,-63.0,29,15,14,181.0,12.928571428571429,12.5,0.0,,0.0,1.0,Ponziani Opening: Jaenisch Counterattack,Normal,20,5,2026-04-18,-0.8660254037844386,0.5000000000000001,0,1,0,True,0.0,win,False,True,36.2,1,0,0,1,1,6,20,False,not_triggered
4D8OwCv0,2026-04-18 20:36:24+00:00,bat1skaf,bat1skaf,parmod10,white,1-0,win,,blitz,,Standard,300+3,300.0,3.0,1170.0,1086.0,1086.0,84.0,29,15,15,186.0,12.4,8.0,0.0,0.1164285714285715,0.9333333333333332,1.0,"Italian Game: Two Knights Defense, Knight Attack, Normal Variation",Normal,20,5,2026-04-18,-0.8660254037844386,0.5000000000000001,1,0,0,True,1.0,loss,True,False,18.233333333333334,0,1,1,0,2,6,20,False,not_triggered
gEnoDf6w,2026-04-18 20:54:08+00:00,bat1skaf,petit1977,bat1skaf,black,1-0,loss,,blitz,,Standard,300+3,300.0,3.0,1150.0,1176.0,1150.0,26.0,57,29,28,363.0,12.964285714285714,6.0,0.0714285714285714,0.6385714285714286,1.0,1.0,Queen's Gambit Declined,Normal,20,5,2026-04-18,-0.8660254037844386,0.5000000000000001,0,1,0,True,0.0,win,False,True,17.733333333333334,1,0,0,1,3,6,20,False,not_triggered
W5rDVINX,2026-04-18 21:05:52+00:00,bat1skaf,sblade1903,bat1skaf,black,0-1,win,,blitz,,Standard,300+3,300.0,3.0,1154.0,1167.0,1154.0,13.0,74,37,37,252.0,6.8108108108108105,4.0,0.0,0.4902702702702702,1.0,1.0,Italian Game: Giuoco Piano,Time forfeit,21,5,2026-04-18,-0.7071067811865477,0.7071067811865474,1,0,0,True,1.0,loss,True,False,11.733333333333333,0,1,1,0,4,6,20,False,not_triggered
UwtjFVTQ,2026-04-18 21:20:37+00:00,bat1skaf,bat1skaf,Ahmed2Xd,white,1-0,win,,blitz,,Standard,300+3,300.0,3.0,1175.0,1293.0,1293.0,-118.0,39,20,20,215.0,10.75,7.0,0.0,0.5626315789473684,0.95,1.0,Italian Game: Classical Variation,Normal,21,5,2026-04-18,-0.7071067811865477,0.7071067811865474,1,0,0,True,1.0,win,False,True,14.75,0,2,0,1,5,6,20,False,not_triggered
f6Gw7Yl2,2026-04-18 21:29:14+00:00,bat1skaf,bat1skaf,batteria,white,0-1,loss,,blitz,,Standard,300+3,300.0,3.0,1185.0,1238.0,1238.0,-53.0,66,33,33,394.0,11.93939393939394,8.0,0.2727272727272727,0.6859375,0.9696969696969696,1.0,Italian Game,Time forfeit,21,5,2026-04-18,-0.7071067811865477,0.7071067811865474,0,1,0,True,0.0,win,False,True,8.616666666666667,1,0,0,2,6,6,20,False,not_triggered
lSvEgn5H,2026-04-18 22:15:42+00:00,bat1skaf,ultravoilet9,bat1skaf,black,0-1,win,,blitz,,Standard,300+3,300.0,3.0,1210.0,1179.0,1210.0,-31.0,20,10,10,90.0,9.0,5.0,0.0,,0.0,1.0,Queen's Gambit Declined,Normal,22,5,2026-04-18,-0.5000000000000004,0.8660254037844384,1,0,0,True,1.0,loss,True,False,46.46666666666667,0,1,1,0,1,3,21,False,not_triggered
a7VWonae,2026-04-18 22:18:41+00:00,bat1skaf,bat1skaf,HACIENDADAY,white,1-0,win,,blitz,,Standard,300+3,300.0,3.0,1187.0,1153.0,1153.0,34.0,89,45,45,410.0,9.11111111111111,8.0,0.2444444444444444,0.3884090909090909,0.9777777777777776,1.0,Sicilian Defense: Hyperaccelerated Dragon,Normal,22,5,2026-04-18,-0.5000000000000004,0.8660254037844384,1,0,0,True,1.0,win,False,True,2.9833333333333334,0,2,0,1,2,3,21,False,not_triggered
TYHcScQk,2026-04-18 22:32:28+00:00,bat1skaf,StanBerski63,bat1skaf,black,1-0,loss,,blitz,,Standard,300+3,300.0,3.0,1204.0,1193.0,1204.0,-11.0,66,33,33,381.0,11.545454545454543,8.0,0.0606060606060606,0.6918181818181818,1.0,1.0,Hungarian Opening,Normal,22,5,2026-04-18,-0.5000000000000004,0.8660254037844384,0,1,0,True,0.0,win,False,True,13.783333333333333,1,0,0,2,3,3,21,False,not_triggered
Y3RiuKtB,2026-04-20 16:54:00+00:00,bat1skaf,Morp,bat1skaf,black,1-0,loss,,blitz,,Standard,300+3,300.0,3.0,1073.0,1187.0,1073.0,114.0,49,25,24,340.0,14.166666666666666,9.5,0.0,,0.0,1.0,Italian Game: Scotch Invitation Declined,Normal,16,0,2026-04-20,-0.8660254037844385,-0.5000000000000004,0,1,0,True,0.0,loss,True,False,2541.5333333333333,2,0,1,0,1,1,22,False,not_triggered
UHZBfAwB,2026-04-20 18:17:42+00:00,bat1skaf,bat1skaf,NewVinci,white,1-0,win,,blitz,,Standard,300+3,300.0,3.0,1177.0,1157.0,1157.0,20.0,29,15,15,106.0,7.066666666666666,3.0,0.0,,0.0,1.0,Italian Game: Anti-Fried Liver Defense,Normal,18,0,2026-04-20,-1.0,-1.8369701987210297e-16,1,0,0,True,1.0,loss,True,False,83.7,0,1,2,0,1,2,23,False,not_triggered
m4gOiAK6,2026-04-20 18:23:04+00:00,bat1skaf,bat1skaf,didis5229,white,1-0,win,,blitz,,Standard,300+3,300.0,3.0,1184.0,1144.0,1144.0,40.0,47,24,24,289.0,12.041666666666666,11.5,0.0,,0.0,1.0,"Italian Game: Two Knights Defense, Knight Attack, Normal Variation",Time forfeit,18,0,2026-04-20,-1.0,-1.8369701987210297e-16,1,0,0,True,1.0,win,False,True,5.366666666666666,0,2,0,1,2,2,23,False,not_triggered
VIWtwmgQ,2026-04-20 19:35:56+00:00,bat1skaf,jim207,bat1skaf,black,0-1,win,,blitz,,Standard,300+3,300.0,3.0,1149.0,1190.0,1149.0,41.0,50,25,25,281.0,11.24,10.0,0.0,0.3095833333333334,0.96,1.0,"Ruy Lopez: Berlin Defense, Beverwijk Variation",Normal,19,0,2026-04-20,-0.9659258262890684,0.2588190451025203,1,0,0,True,1.0,win,False,True,72.86666666666666,0,3,0,2,1,3,24,False,not_triggered
ogX24ggn,2026-04-20 19:47:20+00:00,bat1skaf,bat1skaf,TorreBB,white,0-1,loss,,blitz,,Standard,300+3,300.0,3.0,1196.0,1197.0,1197.0,-1.0,58,29,29,372.0,12.827586206896552,9.0,0.1724137931034483,1.0857142857142856,0.9655172413793104,1.0,"Italian Game: Two Knights Defense, Ponziani-Steinitz Gambit",Normal,19,0,2026-04-20,-0.9659258262890684,0.2588190451025203,0,1,0,True,0.0,win,False,True,11.4,1,0,0,3,2,3,24,False,not_triggered
gfNGi3Tx,2026-04-20 20:03:58+00:00,bat1skaf,Dewin4,bat1skaf,black,1-0,loss,,blitz,,Standard,300+3,300.0,3.0,1189.0,1189.0,1189.0,0.0,41,21,20,251.0,12.55,8.0,0.0,,0.0,1.0,Scotch Game: Göring Gambit,Normal,20,0,2026-04-20,-0.8660254037844386,0.5000000000000001,0,1,0,True,0.0,loss,True,False,16.633333333333333,2,0,1,0,3,3,24,False,not_triggered
QHIY4q1y,2026-04-20 21:12:57+00:00,bat1skaf,bat1skaf,loloetalex,white,1-0,win,,blitz,,Standard,300+3,300.0,3.0,1183.0,1210.0,1210.0,-27.0,29,15,15,93.0,6.2,4.0,0.0,,0.0,1.0,French Defense: Exchange Variation,Normal,21,0,2026-04-20,-0.7071067811865477,0.7071067811865474,1,0,0,True,1.0,loss,True,False,68.98333333333333,0,1,2,0,1,4,25,False,not_triggered
k9ggzZch,2026-04-20 21:16:16+00:00,bat1skaf,willou84,bat1skaf,black,1/2-1/2,draw,,blitz,,Standard,300+3,300.0,3.0,1233.0,1190.0,1233.0,-43.0,58,29,29,315.0,10.862068965517242,8.0,0.0,0.2479310344827586,1.0,1.0,French Defense: Marshall Gambit,Normal,21,0,2026-04-20,-0.7071067811865477,0.7071067811865474,0,0,1,False,0.5,win,False,True,3.316666666666667,0,0,0,1,2,4,25,False,not_triggered
8QRg0Mrz,2026-04-20 21:27:57+00:00,bat1skaf,seednull,bat1skaf,black,1-0,loss,,blitz,,Standard,300+3,300.0,3.0,1137.0,1191.0,1137.0,54.0,41,21,20,205.0,10.25,7.0,0.0,,0.0,1.0,Horwitz Defense,Normal,21,0,2026-04-20,-0.7071067811865477,0.7071067811865474,0,1,0,True,0.0,draw,False,False,11.683333333333334,1,0,0,0,3,4,25,False,not_triggered
BpQW9EOJ,2026-04-20 21:34:48+00:00,bat1skaf,bat1skaf,tuimil22,white,0-1,loss,,blitz,,Standard,300+3,300.0,3.0,1184.0,1314.0,1314.0,-130.0,60,30,30,360.0,12.0,8.5,0.0333333333333333,,0.0,1.0,Italian Game: Anti-Fried Liver Defense,Normal,21,0,2026-04-20,-0.7071067811865477,0.7071067811865474,0,1,0,True,0.0,loss,True,False,6.85,2,0,1,0,4,4,25,False,not_triggered
XC6CAd5j,2026-04-21 19:54:44+00:00,bat1skaf,bat1skaf,faracvilon,white,1-0,win,,blitz,,Standard,300+3,300.0,3.0,1179.0,1253.0,1253.0,-74.0,15,8,8,65.0,8.125,6.0,0.0,,0.0,1.0,French Defense: Exchange Variation,Time forfeit,19,1,2026-04-21,-0.9659258262890684,0.2588190451025203,1,0,0,True,1.0,loss,True,False,1339.9333333333334,0,1,2,0,1,2,26,False,not_triggered
poEPKZ9M,2026-04-21 20:01:05+00:00,bat1skaf,bat1skaf,morfey52,white,1-0,win,,blitz,,Standard,300+3,300.0,3.0,1187.0,1139.0,1139.0,48.0,59,30,30,361.0,12.033333333333331,7.5,0.0333333333333333,0.4907142857142856,0.9333333333333332,1.0,Italian Game,Normal,20,1,2026-04-21,-0.8660254037844386,0.5000000000000001,1,0,0,True,1.0,win,False,True,6.35,0,2,0,1,2,2,26,False,not_triggered
9ySR9W7N,2026-04-21 20:51:17+00:00,bat1skaf,Shaufler,bat1skaf,black,0-1,win,,blitz,,Standard,300+3,300.0,3.0,1192.0,1192.0,1192.0,0.0,136,68,68,491.0,7.220588235294118,5.5,0.25,0.3838805970149253,0.9852941176470588,1.0,Scotch Game,Normal,20,1,2026-04-21,-0.8660254037844386,0.5000000000000001,1,0,0,True,1.0,win,False,True,50.2,0,3,0,2,1,1,27,False,not_triggered
tqICSL5D,2026-04-22 12:52:56+00:00,bat1skaf,ztirf1963,bat1skaf,black,0-1,win,,blitz,,Standard,300+3,300.0,3.0,1226.0,1198.0,1226.0,-28.0,174,87,87,505.0,5.804597701149425,3.0,0.0114942528735632,2.404302325581396,0.9885057471264368,1.0,Queen's Gambit Declined,Normal,12,2,2026-04-22,1.2246467991473532e-16,-1.0,1,0,0,True,1.0,win,False,True,961.65,0,4,0,3,1,3,28,False,not_triggered
b0vDFXc5,2026-04-22 13:20:23+00:00,bat1skaf,bat1skaf,namelessKDN,white,1-0,win,,blitz,,Standard,300+3,300.0,3.0,1205.0,1226.0,1226.0,-21.0,23,12,12,135.0,11.25,6.5,0.0,0.641,0.8333333333333334,1.0,French Defense: Normal Variation,Normal,13,2,2026-04-22,-0.2588190451025208,-0.9659258262890683,1,0,0,True,1.0,win,False,True,27.45,0,5,0,4,2,3,28,False,not_triggered
rm0OZjvi,2026-04-22 13:25:00+00:00,bat1skaf,dyunyakoenig,bat1skaf,black,0-1,win,,blitz,,Standard,300+3,300.0,3.0,1175.0,1211.0,1175.0,36.0,34,17,17,142.0,8.352941176470589,3.0,0.0,0.118235294117647,1.0,1.0,"Italian Game: Giuoco Pianissimo, Normal",Normal,13,2,2026-04-22,-0.2588190451025208,-0.9659258262890683,1,0,0,True,1.0,win,False,True,4.616666666666666,0,6,0,5,3,3,28,False,not_triggered
y40WXGNa,2026-04-22 18:32:09+00:00,bat1skaf,bat1skaf,jay1337,white,1-0,win,,blitz,,Standard,300+3,300.0,3.0,1216.0,1264.0,1264.0,-48.0,47,24,24,335.0,13.958333333333334,7.0,0.0,0.3369565217391305,0.9583333333333334,1.0,Caro-Kann Defense,Time forfeit,18,2,2026-04-22,-1.0,-1.8369701987210297e-16,1,0,0,True,1.0,win,False,True,307.15,0,7,0,6,1,1,29,False,not_triggered
oEWTqu5y,2026-04-22 20:06:17+00:00,bat1skaf,alp_arslan-M,bat1skaf,black,1-0,loss,,blitz,,Standard,300+3,300.0,3.0,1223.0,1222.0,1223.0,-1.0,25,13,12,172.0,14.333333333333334,5.0,0.0,,0.0,1.0,Four Knights Game: Italian Variation,Normal,20,2,2026-04-22,-0.8660254037844386,0.5000000000000001,0,1,0,True,0.0,win,False,True,94.13333333333334,1,0,0,7,1,8,30,False,not_triggered
KnnticDQ,2026-04-22 20:11:40+00:00,bat1skaf,asdasfee3,bat1skaf,black,0-1,win,,blitz,,Standard,300+3,300.0,3.0,1193.0,1217.0,1193.0,24.0,44,22,22,278.0,12.636363636363637,8.0,0.0,,0.0,1.0,Queen's Gambit Declined: Tarrasch Defense,Normal,20,2,2026-04-22,-0.8660254037844386,0.5000000000000001,1,0,0,True,1.0,loss,True,False,5.383333333333334,0,1,1,0,2,8,30,False,not_triggered
YM8V91Vv,2026-04-22 20:21:56+00:00,bat1skaf,bat1skaf,pierre-georges,white,1/2-1/2,draw,,blitz,,Standard,300+3,300.0,3.0,1222.0,1253.0,1253.0,-31.0,38,19,19,333.0,17.526315789473685,10.0,0.1052631578947368,,0.0,1.0,"Scandinavian Defense: Modern Variation, Gipslis Variation",Normal,20,2,2026-04-22,-0.8660254037844386,0.5000000000000001,0,0,1,False,0.5,win,False,True,10.266666666666667,0,0,0,1,3,8,30,False,not_triggered
RuCIYDDA,2026-04-22 20:35:30+00:00,bat1skaf,unknownera,bat1skaf,black,0-1,win,,blitz,,Standard,300+3,300.0,3.0,1163.0,1223.0,1163.0,60.0,124,62,62,442.0,7.129032258064516,3.0,0.4354838709677419,0.3229508196721311,0.9838709677419356,1.0,French Defense: Marshall Gambit,Normal,20,2,2026-04-22,-0.8660254037844386,0.5000000000000001,1,0,0,True,1.0,draw,False,False,13.566666666666666,0,1,0,0,4,8,30,False,not_triggered
Vt9bDZfI,2026-04-22 20:54:10+00:00,bat1skaf,bat1skaf,Lepreux,white,1-0,win,,blitz,,Standard,300+3,300.0,3.0,1228.0,1208.0,1208.0,20.0,123,62,62,452.0,7.290322580645161,4.0,0.4516129032258064,0.5552459016393443,0.9838709677419356,1.0,Pirc Defense,Normal,20,2,2026-04-22,-0.8660254037844386,0.5000000000000001,1,0,0,True,1.0,win,False,True,18.666666666666668,0,2,0,1,5,8,30,False,not_triggered
1nCESESL,2026-04-22 21:13:26+00:00,bat1skaf,bat1skaf,Chillcappucino,white,1-0,win,,blitz,,Standard,300+3,300.0,3.0,1233.0,1272.0,1272.0,-39.0,15,8,8,35.0,4.375,1.5,0.0,,0.0,1.0,Italian Game: Classical Variation,Normal,21,2,2026-04-22,-0.7071067811865477,0.7071067811865474,1,0,0,True,1.0,win,False,True,19.266666666666666,0,3,0,2,6,8,30,False,not_triggered
t37ZNq83,2026-04-22 21:15:28+00:00,bat1skaf,bat1skaf,cdeussen,white,1-0,win,,blitz,,Standard,300+3,300.0,3.0,1239.0,1136.0,1136.0,103.0,22,11,11,132.0,12.0,10.0,0.0,0.1679999999999999,0.9090909090909092,1.0,Italian Game: Anti-Fried Liver Defense,Normal,21,2,2026-04-22,-0.7071067811865477,0.7071067811865474,1,0,0,True,1.0,win,False,True,2.033333333333333,0,4,0,3,7,8,30,False,not_triggered
KXreOu2j,2026-04-22 21:19:48+00:00,bat1skaf,kitaro35,bat1skaf,black,0-1,win,,blitz,,Standard,300+3,300.0,3.0,1204.0,1243.0,1204.0,39.0,74,37,37,372.0,10.054054054054054,6.0,0.0,0.6644444444444445,0.972972972972973,1.0,Scotch Game,Normal,21,2,2026-04-22,-0.7071067811865477,0.7071067811865474,1,0,0,True,1.0,win,False,True,4.333333333333333,0,5,0,4,8,8,30,False,not_triggered
FKVEnG0z,2026-04-23 14:19:48+00:00,bat1skaf,bat1skaf,Mehmet_Muhammet,white,0-1,loss,,blitz,,Standard,300+3,300.0,3.0,1248.0,1250.0,1250.0,-2.0,58,29,29,380.0,13.10344827586207,9.0,0.2758620689655172,0.5596428571428571,0.9655172413793104,1.0,Italian Game: Anti-Fried Liver Defense,Time forfeit,14,3,2026-04-23,-0.4999999999999997,-0.8660254037844388,0,1,0,True,0.0,win,False,True,1020.0,1,0,0,5,1,1,31,False,not_triggered
dt0gJq1G,2026-04-23 14:58:26+00:00,bat1skaf,bat1skaf,Megh23,white,1-0,win,,blitz,,Standard,300+3,300.0,3.0,1242.0,1261.0,1261.0,-19.0,67,34,34,366.0,10.764705882352942,9.0,0.0,,0.0,1.0,Sicilian Defense: Modern Variations,Normal,14,3,2026-04-23,-0.4999999999999997,-0.8660254037844388,1,0,0,True,1.0,loss,True,False,38.63333333333333,0,1,1,0,1,2,32,False,not_triggered
8nKoREjw,2026-04-23 15:08:20+00:00,bat1skaf,Toonie55,bat1skaf,black,1-0,loss,,blitz,,Standard,300+3,300.0,3.0,1282.0,1248.0,1282.0,-34.0,133,67,66,472.0,7.151515151515151,3.5,0.6060606060606061,2.053787878787879,1.0,1.0,Bird Opening,Normal,15,3,2026-04-23,-0.7071067811865471,-0.7071067811865479,0,1,0,True,0.0,win,False,True,9.9,1,0,0,1,2,2,32,False,not_triggered
CR2furUb,2026-04-23 17:12:58+00:00,bat1skaf,fs_drill,bat1skaf,black,0-1,win,,blitz,,Standard,300+3,300.0,3.0,1244.0,1243.0,1244.0,-1.0,14,7,7,67.0,9.571428571428571,6.0,0.0,,0.0,1.0,Bishop's Opening: Vienna Hybrid,Normal,17,3,2026-04-23,-0.9659258262890683,-0.25881904510252063,1,0,0,True,1.0,loss,True,False,124.63333333333334,0,1,1,0,1,2,33,False,not_triggered
S8m0WCGz,2026-04-23 17:15:29+00:00,bat1skaf,TejaHSE,bat1skaf,black,1-0,loss,,blitz,,Standard,300+3,300.0,3.0,1341.0,1249.0,1341.0,-92.0,55,28,27,325.0,12.037037037037036,9.0,0.0,,0.0,1.0,Queen's Pawn Game: Chigorin Variation,Normal,17,3,2026-04-23,-0.9659258262890683,-0.25881904510252063,0,1,0,True,0.0,win,False,True,2.5166666666666666,1,0,0,1,2,2,33,False,not_triggered
ZibJ08kW,2026-04-24 16:33:51+00:00,bat1skaf,djgj49866,bat1skaf,black,0-1,win,,blitz,,Standard,300+3,300.0,3.0,1250.0,1245.0,1250.0,-5.0,100,50,50,418.0,8.36,5.5,0.0,0.1583673469387755,0.98,1.0,Four Knights Game: Italian Variation,Normal,16,4,2026-04-24,-0.8660254037844385,-0.5000000000000004,1,0,0,True,1.0,loss,True,False,1398.3666666666666,0,1,1,0,1,2,34,False,not_triggered
5vPG5W1g,2026-04-24 16:47:35+00:00,bat1skaf,bat1skaf,SasaPopovic,white,0-1,loss,,blitz,,Standard,300+3,300.0,3.0,1251.0,1259.0,1259.0,-8.0,152,76,76,483.0,6.355263157894737,3.0,0.2763157894736842,3.363066666666667,0.986842105263158,1.0,Italian Game: Classical Variation,Normal,16,4,2026-04-24,-0.8660254037844385,-0.5000000000000004,0,1,0,True,0.0,win,False,True,13.733333333333333,1,0,0,1,2,2,34,False,not_triggered
lKkKPOx5,2026-04-24 17:48:04+00:00,bat1skaf,vladgol93,bat1skaf,black,0-1,win,,blitz,,Standard,300+3,300.0,3.0,1247.0,1245.0,1247.0,-2.0,64,32,32,378.0,11.8125,6.0,0.28125,0.2615625,1.0,1.0,Scotch Game,Normal,17,4,2026-04-24,-0.9659258262890683,-0.25881904510252063,1,0,0,True,1.0,loss,True,False,60.483333333333334,0,1,1,0,1,7,35,False,not_triggered
CE41fGJB,2026-04-24 18:01:41+00:00,bat1skaf,bat1skaf,mattmiller00,white,0-1,loss,,blitz,,Standard,300+3,300.0,3.0,1251.0,1218.0,1218.0,33.0,90,45,45,432.0,9.818181818181818,6.0,0.5333333333333333,0.8618181818181818,0.9777777777777776,0.9777777777777776,Sicilian Defense: Old Sicilian,Normal,18,4,2026-04-24,-1.0,-1.8369701987210297e-16,0,1,0,True,0.0,win,False,True,13.616666666666667,1,0,0,1,2,7,35,False,not_triggered
zyLXGwpu,2026-04-24 18:27:25+00:00,bat1skaf,sngf,bat1skaf,black,0-1,win,,blitz,,Standard,300+3,300.0,3.0,1242.0,1245.0,1242.0,3.0,26,13,13,136.0,10.461538461538462,6.0,0.0,0.8546153846153847,1.0,1.0,Queen's Gambit Declined,Time forfeit,18,4,2026-04-24,-1.0,-1.8369701987210297e-16,1,0,0,True,1.0,loss,True,False,25.733333333333334,0,1,1,0,3,7,35,False,not_triggered
K6iTZztE,2026-04-24 18:37:20+00:00,bat1skaf,bat1skaf,Vilapa77,white,0-1,loss,,blitz,,Standard,300+3,300.0,3.0,1251.0,1219.0,1219.0,32.0,54,27,27,374.0,13.851851851851851,11.0,0.1851851851851851,0.7103846153846154,0.9629629629629628,1.0,Philidor Defense,Time forfeit,18,4,2026-04-24,-1.0,-1.8369701987210297e-16,0,1,0,True,0.0,win,False,True,9.916666666666666,1,0,0,1,4,7,35,False,not_triggered
PHLR9bOW,2026-04-24 18:48:19+00:00,bat1skaf,bat1skaf,fs_drill,white,0-1,loss,,blitz,,Standard,300+3,300.0,3.0,1244.0,1218.0,1218.0,26.0,34,17,17,197.0,11.588235294117649,10.0,0.0,0.614375,0.9411764705882352,1.0,Caro-Kann Defense: Endgame Offer,Normal,18,4,2026-04-24,-1.0,-1.8369701987210297e-16,0,1,0,True,0.0,loss,True,False,10.983333333333333,2,0,1,0,5,7,35,False,not_triggered
rqilxjcO,2026-04-24 19:11:23+00:00,bat1skaf,Cesardaga,bat1skaf,black,1-0,loss,,blitz,,Standard,300+3,300.0,3.0,1339.0,1238.0,1339.0,-101.0,82,41,41,441.0,11.025,6.0,0.2195121951219512,1.1370731707317072,1.0,0.975609756097561,Scotch Game,Normal,19,4,2026-04-24,-0.9659258262890684,0.2588190451025203,0,1,0,True,0.0,loss,True,False,23.066666666666666,3,0,2,0,6,7,35,False,not_triggered
xtYJTyuZ,2026-04-24 19:23:52+00:00,bat1skaf,bat1skaf,Numi_1003,white,0-1,loss,,blitz,,Standard,300+3,300.0,3.0,1234.0,1235.0,1235.0,-1.0,64,32,32,387.0,12.09375,8.0,0.15625,,0.0,1.0,Sicilian Defense: Modern Variations,Time forfeit,19,4,2026-04-24,-0.9659258262890684,0.2588190451025203,0,1,0,True,0.0,loss,True,False,12.483333333333333,4,0,3,0,7,7,35,False,not_triggered
XXYrIynY,2026-04-24 20:13:55+00:00,bat1skaf,bat1skaf,Barabayka,white,1-0,win,,blitz,,Standard,300+3,300.0,3.0,1228.0,1214.0,1214.0,14.0,85,43,43,408.0,9.488372093023257,6.0,0.0930232558139534,3.4142857142857146,0.9767441860465116,1.0,French Defense: Knight Variation,Normal,20,4,2026-04-24,-0.8660254037844386,0.5000000000000001,1,0,0,True,1.0,loss,True,False,50.05,0,1,4,0,1,9,36,False,not_triggered
SGUoHy1R,2026-04-24 20:24:11+00:00,bat1skaf,spaxe7,bat1skaf,black,1-0,loss,,blitz,,Standard,300+3,300.0,3.0,1237.0,1234.0,1237.0,-3.0,77,39,38,409.0,10.763157894736842,6.5,0.3947368421052631,,0.0,1.0,Queen's Gambit Declined,Normal,20,4,2026-04-24,-0.8660254037844386,0.5000000000000001,0,1,0,True,0.0,win,False,True,10.266666666666667,1,0,0,1,2,9,36,False,not_triggered
CBwESYYc,2026-04-24 20:40:13+00:00,bat1skaf,bat1skaf,King1731,white,0-1,loss,,blitz,,Standard,300+3,300.0,3.0,1228.0,1196.0,1196.0,32.0,40,20,20,266.0,14.0,11.0,0.0,,0.0,0.95,Sicilian Defense: Old Sicilian,Normal,20,4,2026-04-24,-0.8660254037844386,0.5000000000000001,0,1,0,True,0.0,loss,True,False,16.033333333333335,2,0,1,0,3,9,36,False,not_triggered
06s2uRSX,2026-04-24 20:54:34+00:00,bat1skaf,przemekjs,bat1skaf,black,0-1,win,,blitz,,Standard,300+3,300.0,3.0,1211.0,1222.0,1211.0,11.0,36,18,18,228.0,12.666666666666666,6.0,0.0,0.2755555555555555,1.0,1.0,Italian Game: Classical Variation,Time forfeit,20,4,2026-04-24,-0.8660254037844386,0.5000000000000001,1,0,0,True,1.0,loss,True,False,14.35,0,1,2,0,4,9,36,False,not_triggered
yRwSIE1c,2026-04-24 21:04:00+00:00,bat1skaf,Camoshablamo,bat1skaf,black,0-1,win,,blitz,,Standard,300+3,300.0,3.0,1206.0,1228.0,1206.0,22.0,41,21,20,169.0,8.45,4.5,0.0,,0.0,1.0,French Defense: Exchange Variation,Normal,21,4,2026-04-24,-0.7071067811865477,0.7071067811865474,1,0,0,True,1.0,win,False,True,9.433333333333334,0,2,0,1,5,9,36,False,not_triggered
eBbmrP5f,2026-04-24 21:11:50+00:00,bat1skaf,MXLAT,bat1skaf,black,1-0,loss,,blitz,,Standard,300+3,300.0,3.0,1232.0,1233.0,1232.0,1.0,55,28,27,374.0,13.851851851851851,13.0,0.1481481481481481,0.9233333333333332,1.0,1.0,Italian Game: Giuoco Piano,Normal,21,4,2026-04-24,-0.7071067811865477,0.7071067811865474,0,1,0,True,0.0,win,False,True,7.833333333333333,1,0,0,2,6,9,36,False,not_triggered
nm6DN0HO,2026-04-24 21:24:45+00:00,bat1skaf,bat1skaf,bkoar,white,0-1,loss,,blitz,,Standard,300+3,300.0,3.0,1228.0,1229.0,1229.0,-1.0,42,21,21,179.0,8.523809523809524,5.0,0.0,,0.0,1.0,Sicilian Defense: Modern Variations,Normal,21,4,2026-04-24,-0.7071067811865477,0.7071067811865474,0,1,0,True,0.0,loss,True,False,12.916666666666666,2,0,1,0,7,9,36,False,not_triggered
ntkt8iGd,2026-04-24 21:29:33+00:00,bat1skaf,bat1skaf,hrbatman,white,1-0,win,,blitz,,Standard,300+3,300.0,3.0,1222.0,1204.0,1204.0,18.0,131,66,66,448.0,6.787878787878788,3.0,0.3636363636363636,0.436875,0.9696969696969696,1.0,Philidor Defense,Normal,21,4,2026-04-24,-0.7071067811865477,0.7071067811865474,1,0,0,True,1.0,loss,True,False,4.8,0,1,2,0,8,9,36,True,previous_loss + short_break + required_loss_streak
ywh3UfIa,2026-04-24 21:45:15+00:00,bat1skaf,MPSH03,bat1skaf,black,1-0,loss,,blitz,,Standard,300+3,300.0,3.0,1234.0,1227.0,1234.0,-7.0,75,38,37,398.0,10.756756756756756,10.0,0.1081081081081081,0.6945945945945946,1.0,1.0,"English Opening: Four Knights System, Nimzowitsch Variation",Normal,21,4,2026-04-24,-0.7071067811865477,0.7071067811865474,0,1,0,True,0.0,win,False,True,15.7,1,0,0,1,9,9,36,False,not_triggered
sVcYbumM,2026-04-25 09:52:16+00:00,bat1skaf,FeinerReiner,bat1skaf,black,1-0,loss,,blitz,,Standard,300+3,300.0,3.0,1214.0,1222.0,1214.0,8.0,87,44,43,418.0,9.72093023255814,4.0,0.5348837209302325,0.5006976744186047,1.0,1.0,Four Knights Game: Italian Variation,Normal,9,5,2026-04-25,0.7071067811865476,-0.7071067811865475,0,1,0,True,0.0,loss,True,False,727.0166666666667,2,0,1,0,1,5,37,False,not_triggered
LAOMVIsZ,2026-04-25 10:12:47+00:00,bat1skaf,bat1skaf,aadvaark,white,1-0,win,,blitz,,Standard,300+3,300.0,3.0,1216.0,1217.0,1217.0,-1.0,23,12,12,97.0,8.083333333333334,4.0,0.0,0.3436363636363637,0.9166666666666666,1.0,Italian Game: Classical Variation,Normal,10,5,2026-04-25,0.49999999999999994,-0.8660254037844387,1,0,0,True,1.0,loss,True,False,20.516666666666666,0,1,2,0,2,5,37,False,not_triggered
ymHTkkfJ,2026-04-25 10:17:02+00:00,bat1skaf,Zeldjuk,bat1skaf,black,1-0,loss,,blitz,,Standard,300+3,300.0,3.0,1238.0,1222.0,1238.0,-16.0,43,22,21,257.0,12.238095238095235,13.0,0.0,0.6619047619047619,1.0,1.0,Scotch Game,Normal,10,5,2026-04-25,0.49999999999999994,-0.8660254037844387,0,1,0,True,0.0,win,False,True,4.25,1,0,0,1,3,5,37,False,not_triggered
s6rlf2Wg,2026-04-25 10:26:35+00:00,bat1skaf,bat1skaf,dankrei,white,1-0,win,,blitz,,Standard,300+3,300.0,3.0,1216.0,1194.0,1194.0,22.0,31,16,16,182.0,11.375,7.0,0.0,0.1213333333333333,0.9375,1.0,Petrov's Defense: Stafford Gambit,Normal,10,5,2026-04-25,0.49999999999999994,-0.8660254037844387,1,0,0,True,1.0,loss,True,False,9.55,0,1,1,0,4,5,37,False,not_triggered
otQ57jO6,2026-04-25 10:32:44+00:00,bat1skaf,shahmati365,bat1skaf,black,1/2-1/2,draw,,blitz,,Standard,300+3,300.0,3.0,1226.0,1222.0,1226.0,-4.0,128,64,64,473.0,7.390625,6.0,0.4375,0.77640625,1.0,1.0,King's Knight Opening: Normal Variation,Normal,10,5,2026-04-25,0.49999999999999994,-0.8660254037844387,0,0,1,False,0.5,win,False,True,6.15,0,0,0,1,5,5,37,False,not_triggered
NNpswvd3,2026-04-25 19:22:50+00:00,bat1skaf,bat1skaf,nicolatar,white,1-0,win,,blitz,,Standard,300+3,300.0,3.0,1222.0,1222.0,1222.0,0.0,62,31,31,258.0,8.32258064516129,5.0,0.0,0.2316666666666666,0.967741935483871,1.0,Italian Game: Classical Variation,Normal,19,5,2026-04-25,-0.9659258262890684,0.2588190451025203,1,0,0,True,1.0,draw,False,False,530.1,0,1,0,0,1,3,38,False,not_triggered
updkCXhf,2026-04-25 19:35:06+00:00,bat1skaf,bat1skaf,habelsson,white,0-1,loss,,blitz,,Standard,300+3,300.0,3.0,1227.0,1173.0,1173.0,54.0,38,19,19,224.0,11.789473684210526,10.0,0.0,,0.0,1.0,Caro-Kann Defense: Endgame Offer,Normal,19,5,2026-04-25,-0.9659258262890684,0.2588190451025203,0,1,0,True,0.0,win,False,True,12.266666666666667,1,0,0,1,2,3,38,False,not_triggered
EbO9Li8v,2026-04-25 19:50:05+00:00,bat1skaf,yashmpa,bat1skaf,black,1/2-1/2,draw,,blitz,,Standard,300+3,300.0,3.0,1315.0,1221.0,1315.0,-94.0,113,57,56,451.0,8.2,5.0,0.2857142857142857,0.5219642857142858,1.0,0.9821428571428572,Saragossa Opening,Normal,19,5,2026-04-25,-0.9659258262890684,0.2588190451025203,0,0,1,False,0.5,loss,True,False,14.983333333333333,0,0,1,0,3,3,38,False,not_triggered
4pDAewRA,2026-04-26 20:12:58+00:00,bat1skaf,ALEKSEY136rus,bat1skaf,black,1-0,loss,,blitz,,Standard,300+3,300.0,3.0,1228.0,1222.0,1228.0,-6.0,107,54,53,355.0,6.69811320754717,5.0,0.0,0.6998113207547169,1.0,1.0,King's Pawn Game: Schulze-Müller Gambit,Normal,20,6,2026-04-26,-0.8660254037844386,0.5000000000000001,0,1,0,True,0.0,draw,False,False,1462.8833333333334,1,0,0,0,1,1,39,False,not_triggered
AcPSH62H,2026-04-27 20:16:57+00:00,bat1skaf,bat1skaf,Joseph_adeb,white,0-1,loss,,blitz,,Standard,300+3,300.0,3.0,1217.0,1228.0,1228.0,-11.0,14,7,7,130.0,18.571428571428573,13.0,0.0,,0.0,1.0,Italian Game: Blackburne-Kostić Gambit,Normal,20,0,2026-04-27,-0.8660254037844386,0.5000000000000001,0,1,0,True,0.0,loss,True,False,1443.9833333333333,2,0,1,0,1,3,40,False,not_triggered
0uyoUg2j,2026-04-27 20:20:45+00:00,bat1skaf,bat1skaf,GallantEye,white,0-1,loss,,blitz,,Standard,300+3,300.0,3.0,1211.0,1236.0,1236.0,-25.0,10,5,5,28.0,5.6,3.0,0.0,,0.0,1.0,Petrov's Defense,Normal,20,0,2026-04-27,-0.8660254037844386,0.5000000000000001,0,1,0,True,0.0,loss,True,False,3.8,3,0,2,0,2,3,40,True,previous_loss + short_break + required_loss_streak
zMe3auJI,2026-04-27 20:23:14+00:00,bat1skaf,bat1skaf,Bo_cha,white,1/2-1/2,draw,,blitz,,Standard,300+3,300.0,3.0,1205.0,1198.0,1198.0,7.0,98,49,49,424.0,8.653061224489797,6.0,0.4081632653061224,0.5458333333333333,0.979591836734694,1.0,Petrov's Defense: Stafford Gambit,Normal,20,0,2026-04-27,-0.8660254037844386,0.5000000000000001,0,0,1,False,0.5,loss,True,False,2.4833333333333334,0,0,3,0,3,3,40,True,previous_loss + short_break + required_loss_streak
iSIqnlSg,2026-04-27 20:54:04+00:00,bat1skaf,regenirator,bat1skaf,black,0-1,win,,blitz,,Standard,300+3,300.0,3.0,1199.0,1205.0,1199.0,6.0,78,39,39,385.0,9.871794871794872,8.0,0.0,0.281025641025641,1.0,1.0,French Defense: King's Indian Attack,Normal,20,0,2026-04-27,-0.8660254037844386,0.5000000000000001,1,0,0,True,1.0,draw,False,False,30.833333333333332,0,1,0,0,1,5,41,False,not_triggered
3ASPBo29,2026-04-27 21:12:48+00:00,bat1skaf,bat1skaf,Spongy_Bo,white,1-0,win,,blitz,,Standard,300+3,300.0,3.0,1211.0,1221.0,1221.0,-10.0,55,28,28,344.0,12.285714285714286,9.0,0.0,0.3788461538461538,0.9285714285714286,1.0,Caro-Kann Defense: Main Line,Normal,21,0,2026-04-27,-0.7071067811865477,0.7071067811865474,1,0,0,True,1.0,win,False,True,18.733333333333334,0,2,0,1,2,5,41,False,not_triggered
kO2q9bl4,2026-04-27 21:26:22+00:00,bat1skaf,bat1skaf,AlexPPPPP,white,1-0,win,,blitz,,Standard,300+3,300.0,3.0,1217.0,1130.0,1130.0,87.0,65,33,33,338.0,10.242424242424242,8.0,0.0,0.2974193548387098,0.9393939393939394,1.0,French Defense: Normal Variation,Normal,21,0,2026-04-27,-0.7071067811865477,0.7071067811865474,1,0,0,True,1.0,win,False,True,13.566666666666666,0,3,0,2,3,5,41,False,not_triggered
EArg8xiN,2026-04-27 21:36:44+00:00,bat1skaf,stevebgreek4,bat1skaf,black,1-0,loss,,blitz,,Standard,300+3,300.0,3.0,1255.0,1221.0,1255.0,-34.0,95,48,47,432.0,9.191489361702128,4.0,0.4893617021276595,0.5091489361702127,1.0,1.0,"French Defense: Advance Variation, Nimzowitsch System",Normal,21,0,2026-04-27,-0.7071067811865477,0.7071067811865474,0,1,0,True,0.0,win,False,True,10.366666666666667,1,0,0,3,4,5,41,False,not_triggered
hnsqW5eG,2026-04-27 22:03:29+00:00,bat1skaf,Tharmi250,bat1skaf,black,0-1,win,,blitz,,Standard,300+3,300.0,3.0,1194.0,1216.0,1194.0,22.0,94,47,47,432.0,9.191489361702128,6.0,0.574468085106383,0.9565957446808512,1.0,1.0,Queen's Gambit Declined,Time forfeit,22,0,2026-04-27,-0.5000000000000004,0.8660254037844384,1,0,0,True,1.0,loss,True,False,26.75,0,1,1,0,5,5,41,False,not_triggered
48HS55lo,2026-04-28 17:34:42+00:00,bat1skaf,bat1skaf,poenatus1,white,0-1,loss,,blitz,,Standard,300+3,300.0,3.0,1221.0,1220.0,1220.0,1.0,122,61,61,444.0,7.278688524590164,4.0,0.4262295081967213,,0.0,1.0,Scandinavian Defense: Mieses-Kotroc Variation,Normal,17,1,2026-04-28,-0.9659258262890683,-0.25881904510252063,0,1,0,True,0.0,win,False,True,1171.2166666666667,1,0,0,1,1,1,42,False,not_triggered
UHcF15QL,2026-04-29 15:30:01+00:00,bat1skaf,bat1skaf,Inno-Institute,white,1-0,win,,blitz,,Standard,300+3,300.0,3.0,1215.0,1134.0,1134.0,81.0,15,8,8,24.0,3.0,2.0,0.0,,0.0,1.0,French Defense: Exchange Variation,Normal,15,2,2026-04-29,-0.7071067811865471,-0.7071067811865479,1,0,0,True,1.0,loss,True,False,1315.3166666666666,0,1,1,0,1,3,43,False,not_triggered
UawkVBqM,2026-04-29 15:31:05+00:00,bat1skaf,torgoms,bat1skaf,black,0-1,win,,blitz,,Standard,300+3,300.0,3.0,1200.0,1219.0,1200.0,19.0,82,41,41,411.0,10.024390243902438,7.0,0.1463414634146341,0.4441463414634146,1.0,1.0,"Queen's Pawn Game: London System, with e6",Time forfeit,15,2,2026-04-29,-0.7071067811865471,-0.7071067811865479,1,0,0,True,1.0,win,False,True,1.0666666666666667,0,2,0,1,2,3,43,False,not_triggered
YJf9xpZH,2026-04-29 15:46:15+00:00,bat1skaf,bat1skaf,frannn87,white,1-0,win,,blitz,,Standard,300+3,300.0,3.0,1225.0,1275.0,1275.0,-50.0,27,14,14,121.0,8.642857142857142,5.5,0.0,0.1776923076923078,0.9285714285714286,1.0,"Italian Game: Two Knights Defense, Knight Attack",Normal,15,2,2026-04-29,-0.7071067811865471,-0.7071067811865479,1,0,0,True,1.0,win,False,True,15.166666666666666,0,3,0,2,3,3,43,False,not_triggered
VMbAKSrR,2026-04-29 17:23:01+00:00,bat1skaf,bat1skaf,Pupsikvk,white,0-1,loss,,blitz,,Standard,300+3,300.0,3.0,1231.0,1242.0,1242.0,-11.0,30,15,15,209.0,13.933333333333334,10.0,0.0,,0.0,1.0,"Scandinavian Defense: Main Line, Mieses Variation",Normal,17,2,2026-04-29,-0.9659258262890683,-0.25881904510252063,0,1,0,True,0.0,win,False,True,96.76666666666667,1,0,0,3,1,5,44,False,not_triggered
pnheHLlT,2026-04-29 17:28:33+00:00,bat1skaf,bat1skaf,ruifonseca15,white,1-0,win,,blitz,,Standard,300+3,300.0,3.0,1226.0,1334.0,1334.0,-108.0,35,18,18,251.0,13.944444444444445,8.5,0.0,0.4370588235294118,0.9444444444444444,1.0,Pirc Defense: Classical Variation,Normal,17,2,2026-04-29,-0.9659258262890683,-0.25881904510252063,1,0,0,True,1.0,loss,True,False,5.533333333333333,0,1,1,0,2,5,44,False,not_triggered
wAPzJpJh,2026-04-29 17:38:13+00:00,bat1skaf,Keshav_121,bat1skaf,black,0-1,win,,blitz,,Standard,300+3,300.0,3.0,1295.0,1233.0,1295.0,-62.0,32,16,16,312.0,19.5,18.0,0.0,0.3974999999999999,1.0,1.0,Scotch Game,Time forfeit,17,2,2026-04-29,-0.9659258262890683,-0.25881904510252063,1,0,0,True,1.0,win,False,True,9.666666666666666,0,2,0,1,3,5,44,False,not_triggered
ixuBduYJ,2026-04-29 18:04:21+00:00,bat1skaf,bat1skaf,Coffeedude2457,white,1-0,win,,blitz,,Standard,300+3,300.0,3.0,1240.0,1247.0,1247.0,-7.0,18,9,9,62.0,6.888888888888889,3.0,0.0,0.22125,0.8888888888888888,1.0,"Italian Game: Two Knights Defense, Knight Attack, Normal Variation",Normal,18,2,2026-04-29,-1.0,-1.8369701987210297e-16,1,0,0,True,1.0,win,False,True,26.133333333333333,0,3,0,2,4,5,44,False,not_triggered
nInZJVd9,2026-04-29 18:06:31+00:00,bat1skaf,Eraserhead000,bat1skaf,black,0-1,win,,blitz,,Standard,300+3,300.0,3.0,1285.0,1245.0,1285.0,-40.0,66,33,33,386.0,11.696969696969695,7.0,0.303030303030303,0.3163636363636363,1.0,1.0,Zukertort Opening: Black Mustang Defense,Time forfeit,18,2,2026-04-29,-1.0,-1.8369701987210297e-16,1,0,0,True,1.0,win,False,True,2.1666666666666665,0,4,0,3,5,5,44,False,not_triggered
KaGaI7cy,2026-05-04 10:59:41+00:00,bat1skaf,bat1skaf,Ge0_Ge0,white,1/2-1/2,draw,,blitz,,Standard,300+3,300.0,3.0,1252.0,1204.0,1204.0,48.0,141,71,71,505.0,7.112676056338028,3.0,0.6197183098591549,0.4942857142857142,0.9859154929577464,1.0,French Defense: Exchange Variation,Normal,10,0,2026-05-04,0.49999999999999994,-0.8660254037844387,0,0,1,False,0.5,win,False,True,6773.166666666667,0,0,0,4,1,1,45,False,not_triggered
CnIIeKxV,2026-05-05 18:53:06+00:00,bat1skaf,maxwellpolish,bat1skaf,black,0-1,win,,blitz,,Standard,300+3,300.0,3.0,1272.0,1251.0,1272.0,-21.0,88,44,44,415.0,9.431818181818182,5.5,0.4318181818181818,0.5679545454545454,1.0,1.0,Four Knights Game: Italian Variation,Normal,18,1,2026-05-05,-1.0,-1.8369701987210297e-16,1,0,0,True,1.0,draw,False,False,1913.4166666666667,0,1,0,0,1,10,46,False,not_triggered
YGXvd2Tr,2026-05-05 19:11:26+00:00,bat1skaf,bat1skaf,FlyingCloggy,white,1-0,win,,blitz,,Standard,300+3,300.0,3.0,1258.0,1255.0,1255.0,3.0,21,11,11,82.0,7.454545454545454,3.0,0.0,0.1409999999999999,0.9090909090909092,1.0,French Defense: Exchange Variation,Normal,19,1,2026-05-05,-0.9659258262890684,0.2588190451025203,1,0,0,True,1.0,win,False,True,18.333333333333332,0,2,0,1,2,10,46,False,not_triggered
B3Vxmmux,2026-05-05 19:15:31+00:00,bat1skaf,bat1skaf,caracaxas,white,1-0,win,,blitz,,Standard,300+3,300.0,3.0,1264.0,1313.0,1313.0,-49.0,39,20,20,225.0,11.25,7.0,0.0,0.0994736842105263,0.95,1.0,"Italian Game: Two Knights Defense, Knight Attack, Normal Variation",Normal,19,1,2026-05-05,-0.9659258262890684,0.2588190451025203,1,0,0,True,1.0,win,False,True,4.083333333333333,0,3,0,2,3,10,46,False,not_triggered
AcP1HQb1,2026-05-05 19:30:03+00:00,bat1skaf,myrmeks,bat1skaf,black,1-0,loss,,blitz,,Standard,300+3,300.0,3.0,1335.0,1271.0,1335.0,-64.0,45,23,22,349.0,15.863636363636363,13.0,0.0909090909090909,0.3618181818181818,1.0,1.0,Scotch Game,Normal,19,1,2026-05-05,-0.9659258262890684,0.2588190451025203,0,1,0,True,0.0,win,False,True,14.533333333333333,1,0,0,3,4,10,46,False,not_triggered
Q3eFyZbp,2026-05-05 19:51:34+00:00,bat1skaf,Waldaninsky,bat1skaf,black,1-0,loss,,blitz,,Standard,300+3,300.0,3.0,1261.0,1266.0,1261.0,5.0,43,22,21,360.0,17.142857142857142,12.0,0.1428571428571428,0.6119047619047618,1.0,1.0,"French Defense: Advance Variation, Nimzowitsch System",Time forfeit,19,1,2026-05-05,-0.9659258262890684,0.2588190451025203,0,1,0,True,0.0,loss,True,False,21.516666666666666,2,0,1,0,5,10,46,False,not_triggered
JijTzeHc,2026-05-05 20:02:15+00:00,bat1skaf,bat1skaf,Lelik333000333,white,0-1,loss,,blitz,,Standard,300+3,300.0,3.0,1260.0,1239.0,1239.0,21.0,75,38,38,401.0,10.552631578947368,7.0,0.1842105263157894,0.4554054054054053,0.9736842105263158,1.0,Caro-Kann Defense: Classical Variation,Normal,20,1,2026-05-05,-0.8660254037844386,0.5000000000000001,0,1,0,True,0.0,loss,True,False,10.683333333333334,3,0,2,0,6,10,46,False,not_triggered
1lWTbBR5,2026-05-05 20:15:43+00:00,bat1skaf,bat1skaf,Aleksandar_2809,white,1-0,win,,blitz,,Standard,300+3,300.0,3.0,1254.0,1163.0,1163.0,91.0,52,26,26,225.0,8.653846153846153,4.0,0.0,,0.0,1.0,Owen Defense,Normal,20,1,2026-05-05,-0.8660254037844386,0.5000000000000001,1,0,0,True,1.0,loss,True,False,13.466666666666667,0,1,3,0,7,10,46,False,not_triggered
hk01ele2,2026-05-05 20:23:55+00:00,bat1skaf,PepeGuindalera,bat1skaf,black,0-1,win,,blitz,,Standard,300+3,300.0,3.0,1282.0,1258.0,1282.0,-24.0,30,15,15,181.0,12.066666666666666,6.0,0.0,,0.0,1.0,Horwitz Defense,Normal,20,1,2026-05-05,-0.8660254037844386,0.5000000000000001,1,0,0,True,1.0,win,False,True,8.2,0,2,0,1,8,10,46,False,not_triggered
0j4oMw1U,2026-05-05 20:34:52+00:00,bat1skaf,bat1skaf,clopezc110,white,1-0,win,,blitz,,Standard,300+3,300.0,3.0,1264.0,1267.0,1267.0,-3.0,107,54,54,439.0,8.12962962962963,4.5,0.4259259259259259,0.8879245283018867,0.9814814814814816,1.0,Caro-Kann Defense: Main Line,Normal,20,1,2026-05-05,-0.8660254037844386,0.5000000000000001,1,0,0,True,1.0,win,False,True,10.95,0,3,0,2,9,10,46,False,not_triggered
0LSdHn78,2026-05-05 20:51:51+00:00,bat1skaf,Odogodo,bat1skaf,black,0-1,win,,blitz,,Standard,300+3,300.0,3.0,1262.0,1270.0,1262.0,8.0,92,46,46,420.0,9.130434782608695,4.5,0.4347826086956521,2.326739130434783,1.0,1.0,Italian Game: Classical Variation,Normal,20,1,2026-05-05,-0.8660254037844386,0.5000000000000001,1,0,0,True,1.0,win,False,True,16.983333333333334,0,4,0,3,10,10,46,False,not_triggered
EyXrCOSh,2026-05-07 20:42:03+00:00,bat1skaf,kaagesen,bat1skaf,black,0-1,win,,blitz,,Standard,300+3,300.0,3.0,1298.0,1276.0,1298.0,-22.0,30,15,15,106.0,7.066666666666666,5.0,0.0,0.1313333333333333,1.0,1.0,"Italian Game: Giuoco Pianissimo, Normal",Normal,20,3,2026-05-07,-0.8660254037844386,0.5000000000000001,1,0,0,True,1.0,win,False,True,2870.2,0,5,0,4,1,2,47,False,not_triggered
y1EwNQzu,2026-05-07 21:06:30+00:00,bat1skaf,pfizer2071,bat1skaf,black,0-1,win,,blitz,,Standard,300+3,300.0,3.0,1298.0,1282.0,1298.0,-16.0,62,31,31,381.0,12.290322580645162,9.0,0.1935483870967742,0.2729032258064516,1.0,1.0,Ruy Lopez: Classical Variation,Time forfeit,21,3,2026-05-07,-0.7071067811865477,0.7071067811865474,1,0,0,True,1.0,win,False,True,24.45,0,6,0,5,2,2,47,False,not_triggered
H95us4Lo,2026-05-11 21:54:10+00:00,bat1skaf,bat1skaf,yesimaware,white,1-0,win,,blitz,,Standard,300+3,300.0,3.0,1288.0,1245.0,1245.0,43.0,49,25,25,336.0,13.44,11.0,0.0,0.3973913043478261,0.92,1.0,Italian Game: Classical Variation,Normal,21,0,2026-05-11,-0.7071067811865477,0.7071067811865474,1,0,0,True,1.0,win,False,True,5807.666666666667,0,7,0,6,1,1,48,False,not_triggered
ysETwcOI,2026-05-13 09:51:34+00:00,bat1skaf,SoccerEagle,bat1skaf,black,1/2-1/2,draw,,blitz,,Standard,300+3,300.0,3.0,1247.0,1294.0,1247.0,47.0,56,28,28,371.0,13.25,11.5,0.25,,0.0,1.0,Scotch Game: Haxo Gambit,Normal,9,2,2026-05-13,0.7071067811865476,-0.7071067811865475,0,0,1,False,0.5,win,False,True,2157.4,0,0,0,7,1,3,49,False,not_triggered
M3tcOGU9,2026-05-13 10:04:46+00:00,bat1skaf,bat1skaf,furbio1791,white,0-1,loss,,blitz,,Standard,300+3,300.0,3.0,1293.0,1283.0,1283.0,10.0,54,27,27,353.0,13.074074074074074,9.0,0.037037037037037,0.5842307692307693,0.9629629629629628,1.0,Italian Game: Rousseau Gambit,Normal,10,2,2026-05-13,0.49999999999999994,-0.8660254037844387,0,1,0,True,0.0,draw,False,False,13.2,1,0,0,0,2,3,49,False,not_triggered
BeIUrLP7,2026-05-13 10:21:00+00:00,bat1skaf,asclepiade,bat1skaf,black,1-0,loss,,blitz,,Standard,300+3,300.0,3.0,1282.0,1287.0,1282.0,5.0,73,37,36,403.0,11.194444444444445,7.0,0.2777777777777778,,0.0,1.0,Horwitz Defense,Time forfeit,10,2,2026-05-13,0.49999999999999994,-0.8660254037844387,0,1,0,True,0.0,loss,True,False,16.233333333333334,2,0,1,0,3,3,49,False,not_triggered
MiadJFYX,2026-05-13 11:06:51+00:00,bat1skaf,bat1skaf,BjornF,white,1-0,win,,blitz,,Standard,300+3,300.0,3.0,1280.0,1308.0,1308.0,-28.0,33,17,17,129.0,7.588235294117647,3.0,0.0,0.575625,0.9411764705882352,1.0,Italian Game: Anti-Fried Liver Defense,Normal,11,2,2026-05-13,0.258819045102521,-0.9659258262890682,1,0,0,True,1.0,loss,True,False,45.85,0,1,2,0,1,6,50,False,not_triggered
fRy2uyBp,2026-05-13 11:13:24+00:00,bat1skaf,bat1skaf,H1ghfiv3,white,1-0,win,,blitz,,Standard,300+3,300.0,3.0,1287.0,1384.0,1384.0,-97.0,97,49,49,429.0,8.755102040816327,4.0,0.3673469387755102,0.7279166666666667,0.979591836734694,1.0,Sicilian Defense: Old Sicilian,Normal,11,2,2026-05-13,0.258819045102521,-0.9659258262890682,1,0,0,True,1.0,win,False,True,6.55,0,2,0,1,2,6,50,False,not_triggered
BMn3Szw4,2026-05-13 11:33:17+00:00,bat1skaf,JW1089,bat1skaf,black,0-1,win,,blitz,,Standard,300+3,300.0,3.0,1319.0,1294.0,1319.0,-25.0,126,63,63,458.0,7.26984126984127,3.0,0.6349206349206349,0.7006349206349206,1.0,1.0,English Opening: Agincourt Defense,Normal,11,2,2026-05-13,0.258819045102521,-0.9659258262890682,1,0,0,True,1.0,win,False,True,19.883333333333333,0,3,0,2,3,6,50,False,not_triggered
bcuRg8a8,2026-05-13 11:54:08+00:00,bat1skaf,Nishant464,bat1skaf,black,0-1,win,,blitz,,Standard,300+3,300.0,3.0,1261.0,1301.0,1261.0,40.0,32,16,16,209.0,13.0625,11.0,0.0,0.2525,1.0,1.0,Horwitz Defense,Normal,11,2,2026-05-13,0.258819045102521,-0.9659258262890682,1,0,0,True,1.0,win,False,True,20.85,0,4,0,3,4,6,50,False,not_triggered
aWuzy59l,2026-05-13 12:01:28+00:00,bat1skaf,bat1skaf,jhinshel,white,1-0,win,,blitz,,Standard,300+3,300.0,3.0,1306.0,1269.0,1269.0,37.0,95,48,48,417.0,8.6875,4.0,0.3541666666666667,0.2689361702127658,0.9791666666666666,1.0,Caro-Kann Defense,Normal,12,2,2026-05-13,1.2246467991473532e-16,-1.0,1,0,0,True,1.0,win,False,True,7.333333333333333,0,5,0,4,5,6,50,False,not_triggered
vjwCIIfz,2026-05-13 12:16:29+00:00,bat1skaf,bat1skaf,Schle57,white,1-0,win,,blitz,,Standard,300+3,300.0,3.0,1311.0,1296.0,1296.0,15.0,113,57,57,446.0,7.824561403508772,3.0,0.4736842105263157,0.612,0.9649122807017544,1.0,Italian Game: Classical Variation,Normal,12,2,2026-05-13,1.2246467991473532e-16,-1.0,1,0,0,True,1.0,win,False,True,15.016666666666667,0,6,0,5,6,6,50,False,not_triggered
g4fp948S,2026-05-13 12:57:54+00:00,bat1skaf,esu1234,bat1skaf,black,0-1,win,,blitz,,Standard,300+3,300.0,3.0,1366.0,1317.0,1366.0,-49.0,60,30,30,376.0,12.533333333333331,8.0,0.1666666666666666,,0.0,1.0,"Ruy Lopez: Berlin Defense, Beverwijk Variation",Normal,12,2,2026-05-13,1.2246467991473532e-16,-1.0,1,0,0,True,1.0,win,False,True,41.416666666666664,0,7,0,6,1,2,51,False,not_triggered
cakumz3B,2026-05-13 13:13:50+00:00,bat1skaf,mrkirkland,bat1skaf,black,1-0,loss,,blitz,,Standard,300+3,300.0,3.0,1359.0,1323.0,1359.0,-36.0,49,25,24,367.0,15.291666666666666,14.0,0.125,0.7883333333333334,1.0,1.0,"Italian Game: Giuoco Pianissimo, Normal",Normal,13,2,2026-05-13,-0.2588190451025208,-0.9659258262890683,0,1,0,True,0.0,win,False,True,15.933333333333334,1,0,0,7,2,2,51,False,not_triggered
QOV7aTvA,2026-05-13 13:57:16+00:00,bat1skaf,bat1skaf,pwrbauer,white,0-1,loss,,blitz,,Standard,300+3,300.0,3.0,1318.0,1399.0,1399.0,-81.0,116,58,58,446.0,7.689655172413793,4.0,0.603448275862069,,0.0,1.0,Petrov's Defense,Normal,13,2,2026-05-13,-0.2588190451025208,-0.9659258262890683,0,1,0,True,0.0,loss,True,False,43.43333333333333,2,0,1,0,1,2,52,False,not_triggered
udTZd48Q,2026-05-13 14:12:14+00:00,bat1skaf,bat1skaf,Amino87,white,0-1,loss,,blitz,,Standard,300+3,300.0,3.0,1314.0,1387.0,1387.0,-73.0,120,60,60,464.0,7.733333333333333,3.0,0.6666666666666666,0.8333898305084746,0.9833333333333332,1.0,French Defense: Normal Variation,Normal,14,2,2026-05-13,-0.4999999999999997,-0.8660254037844388,0,1,0,True,0.0,loss,True,False,14.966666666666667,3,0,2,0,2,2,52,False,not_triggered
g0MsN0dR,2026-05-16 15:47:39+00:00,bat1skaf,bat1skaf,urano7,white,1-0,win,,blitz,,Standard,300+3,300.0,3.0,1309.0,1314.0,1314.0,-5.0,107,54,54,430.0,7.962962962962963,3.0,0.5370370370370371,0.980754716981132,0.9814814814814816,1.0,Italian Game: Classical Variation,Normal,15,5,2026-05-16,-0.7071067811865471,-0.7071067811865479,1,0,0,True,1.0,loss,True,False,4415.416666666667,0,1,3,0,1,3,53,False,not_triggered
Pvz6DD3t,2026-05-16 16:04:29+00:00,bat1skaf,biels-13,bat1skaf,black,0-1,win,,blitz,,Standard,300+3,300.0,3.0,1319.0,1315.0,1319.0,-4.0,88,44,44,412.0,9.363636363636363,3.0,0.4772727272727273,0.6654545454545454,1.0,1.0,English Opening: Agincourt Defense,Normal,16,5,2026-05-16,-0.8660254037844385,-0.5000000000000004,1,0,0,True,1.0,win,False,True,16.833333333333332,0,2,0,1,2,3,53,False,not_triggered
PumHaJWo,2026-05-16 16:16:15+00:00,bat1skaf,ashok490,bat1skaf,black,0-1,win,,blitz,,Standard,300+3,300.0,3.0,1315.0,1321.0,1315.0,6.0,102,51,51,426.0,8.352941176470589,3.0,0.7254901960784313,3.442549019607843,1.0,1.0,"Ruy Lopez: Berlin Defense, Beverwijk Variation",Normal,16,5,2026-05-16,-0.8660254037844385,-0.5000000000000004,1,0,0,True,1.0,win,False,True,11.766666666666667,0,3,0,2,3,3,53,False,not_triggered
RQCnahUo,2026-05-16 17:52:27+00:00,bat1skaf,WinnerUA,bat1skaf,black,1-0,loss,,blitz,,Standard,300+3,300.0,3.0,1353.0,1327.0,1353.0,-26.0,73,37,36,401.0,11.13888888888889,7.0,0.3055555555555556,0.982777777777778,1.0,1.0,"Italian Game: Giuoco Pianissimo, Normal",Normal,17,5,2026-05-16,-0.9659258262890683,-0.25881904510252063,0,1,0,True,0.0,win,False,True,96.2,1,0,0,3,1,4,54,False,not_triggered
gjFLP6Q8,2026-05-16 18:03:24+00:00,bat1skaf,bat1skaf,sserafino,white,0-1,loss,,blitz,,Standard,300+3,300.0,3.0,1322.0,1311.0,1311.0,11.0,66,33,33,391.0,11.848484848484848,9.0,0.1515151515151515,0.8184374999999999,0.9696969696969696,1.0,"Alekhine Defense: Modern Variation, Main Line",Time forfeit,18,5,2026-05-16,-1.0,-1.8369701987210297e-16,0,1,0,True,0.0,loss,True,False,10.95,2,0,1,0,2,4,54,False,not_triggered
s9tjtrRg,2026-05-16 18:15:09+00:00,bat1skaf,bat1skaf,Pagano80,white,1-0,win,,blitz,,Standard,300+3,300.0,3.0,1316.0,1304.0,1304.0,12.0,45,23,23,131.0,5.695652173913044,3.0,0.0,0.1863636363636364,0.9565217391304348,1.0,Italian Game: Classical Variation,Normal,18,5,2026-05-16,-1.0,-1.8369701987210297e-16,1,0,0,True,1.0,loss,True,False,11.75,0,1,2,0,3,4,54,False,not_triggered
ExEdghZA,2026-05-16 18:20:39+00:00,bat1skaf,Gilbert_777,bat1skaf,black,1-0,loss,,blitz,,Standard,300+3,300.0,3.0,1282.0,1321.0,1282.0,39.0,125,63,62,458.0,7.387096774193548,3.5,0.5483870967741935,,0.0,1.0,Horwitz Defense,Normal,18,5,2026-05-16,-1.0,-1.8369701987210297e-16,0,1,0,True,0.0,win,False,True,5.5,1,0,0,1,4,4,54,False,not_triggered
uCdCBRPL,2026-05-16 20:22:14+00:00,bat1skaf,bat1skaf,lepolymath8855,white,1-0,win,,blitz,,Standard,300+3,300.0,3.0,1315.0,1206.0,1206.0,109.0,67,34,34,385.0,11.323529411764708,10.5,0.2058823529411764,0.4121212121212121,0.9705882352941176,1.0,French Defense: Franco-Sicilian Defense,Normal,20,5,2026-05-16,-0.8660254037844386,0.5000000000000001,1,0,0,True,1.0,loss,True,False,121.58333333333333,0,1,1,0,1,2,55,False,not_triggered
FnQYOiuw,2026-05-16 20:36:34+00:00,bat1skaf,PhilaOmie,bat1skaf,black,0-1,win,,blitz,,Standard,300+3,300.0,3.0,1390.0,1319.0,1390.0,-71.0,62,31,31,382.0,12.32258064516129,10.0,0.2580645161290322,0.4463333333333333,0.967741935483871,1.0,Horwitz Defense,Normal,20,5,2026-05-16,-0.8660254037844386,0.5000000000000001,1,0,0,True,1.0,win,False,True,14.333333333333334,0,2,0,1,2,2,55,False,not_triggered
LyZyxVxq,2026-05-16 21:14:09+00:00,bat1skaf,bat1skaf,Mont01,white,0-1,loss,,blitz,,Standard,300+3,300.0,3.0,1326.0,1252.0,1252.0,74.0,52,26,26,350.0,13.461538461538462,8.5,0.0769230769230769,0.6008,0.9615384615384616,1.0,French Defense: Exchange Variation,Normal,21,5,2026-05-16,-0.7071067811865477,0.7071067811865474,0,1,0,True,0.0,win,False,True,37.583333333333336,1,0,0,2,1,5,56,False,not_triggered
6QEe2a9y,2026-05-16 21:26:40+00:00,bat1skaf,bat1skaf,kiai86,white,1-0,win,,blitz,,Standard,300+3,300.0,3.0,1319.0,1346.0,1346.0,-27.0,49,25,25,295.0,11.8,8.0,0.0,0.2770833333333333,0.96,1.0,Italian Game: Classical Variation,Normal,21,5,2026-05-16,-0.7071067811865477,0.7071067811865474,1,0,0,True,1.0,loss,True,False,12.516666666666667,0,1,1,0,2,5,56,False,not_triggered
kQfgTihv,2026-05-16 21:36:05+00:00,bat1skaf,bat1skaf,Claudomir,white,1-0,win,,blitz,,Standard,300+3,300.0,3.0,1325.0,1259.0,1259.0,66.0,21,11,11,166.0,15.090909090909092,17.0,0.0,0.103,0.9090909090909092,1.0,Italian Game: Paris Defense,Normal,21,5,2026-05-16,-0.7071067811865477,0.7071067811865474,1,0,0,True,1.0,win,False,True,9.416666666666666,0,2,0,1,3,5,56,False,not_triggered
do5acmAZ,2026-05-16 21:42:57+00:00,bat1skaf,Janani_jaanu,bat1skaf,black,1-0,loss,,blitz,,Standard,300+3,300.0,3.0,1418.0,1330.0,1418.0,-88.0,53,27,26,366.0,14.076923076923077,7.0,0.2307692307692307,0.441923076923077,1.0,1.0,Four Knights Game: Italian Variation,Normal,21,5,2026-05-16,-0.7071067811865477,0.7071067811865474,0,1,0,True,0.0,win,False,True,6.866666666666666,1,0,0,2,4,5,56,False,not_triggered
r7qQ49fu,2026-05-16 21:52:43+00:00,bat1skaf,Ampoo,bat1skaf,black,0-1,win,,blitz,,Standard,300+3,300.0,3.0,1217.0,1325.0,1217.0,108.0,54,27,27,355.0,13.148148148148149,10.0,0.037037037037037,0.4640740740740741,1.0,1.0,French Defense: Queen's Knight,Time forfeit,21,5,2026-05-16,-0.7071067811865477,0.7071067811865474,1,0,0,True,1.0,loss,True,False,9.766666666666667,0,1,1,0,5,5,56,False,not_triggered
dpJRWU7p,2026-05-17 07:57:53+00:00,bat1skaf,Kastani,bat1skaf,black,1-0,loss,,blitz,,Standard,300+3,300.0,3.0,1366.0,1330.0,1366.0,-36.0,35,18,17,213.0,12.529411764705882,3.0,0.0,0.6064705882352941,1.0,1.0,Four Knights Game: Italian Variation,Normal,7,6,2026-05-17,0.9659258262890683,-0.25881904510252063,0,1,0,True,0.0,win,False,True,605.1666666666666,1,0,0,1,1,2,57,False,not_triggered
VCOitHC6,2026-05-17 08:04:48+00:00,bat1skaf,bat1skaf,rodmartinez,white,0-1,loss,,blitz,,Standard,300+3,300.0,3.0,1325.0,1355.0,1355.0,-30.0,108,54,54,449.0,8.471698113207546,4.0,0.5925925925925926,0.7313207547169811,0.9814814814814816,0.9814814814814816,Caro-Kann Defense: Classical Variation,Normal,8,6,2026-05-17,0.8660254037844387,-0.4999999999999998,0,1,0,True,0.0,loss,True,False,6.916666666666667,2,0,1,0,2,2,57,False,not_triggered
NbziC8oW,2026-05-17 08:57:38+00:00,bat1skaf,bat1skaf,SergioSergio1984,white,1-0,win,,blitz,,Standard,300+3,300.0,3.0,1319.0,1325.0,1325.0,-6.0,131,66,66,453.0,6.863636363636363,3.0,0.5303030303030303,0.56078125,0.9696969696969696,1.0,Sicilian Defense: Old Sicilian,Normal,8,6,2026-05-17,0.8660254037844387,-0.4999999999999998,1,0,0,True,1.0,loss,True,False,52.833333333333336,0,1,2,0,1,1,58,False,not_triggered
ctQjsFHQ,2026-05-17 10:49:57+00:00,bat1skaf,KoenigMufasa,bat1skaf,black,0-1,win,,blitz,,Standard,300+3,300.0,3.0,1326.0,1325.0,1326.0,-1.0,98,49,49,426.0,8.693877551020408,4.0,0.4693877551020408,0.3155102040816326,1.0,1.0,Bird Opening,Normal,10,6,2026-05-17,0.49999999999999994,-0.8660254037844387,1,0,0,True,1.0,win,False,True,112.31666666666666,0,2,0,1,1,1,59,False,not_triggered
R78pfHs0,2026-05-18 12:23:46+00:00,bat1skaf,ma43,bat1skaf,black,0-1,win,,blitz,,Standard,300+3,300.0,3.0,1377.0,1331.0,1377.0,-46.0,31,16,15,175.0,11.666666666666666,6.0,0.0,0.4733333333333334,1.0,1.0,Four Knights Game: Scotch Variation Accepted,Normal,12,0,2026-05-18,1.2246467991473532e-16,-1.0,1,0,0,True,1.0,win,False,True,1533.8166666666666,0,3,0,2,1,2,60,False,not_triggered
PaUO4IJL,2026-05-18 12:31:56+00:00,bat1skaf,bat1skaf,KRIGSMAN_UTAN_NAMN,white,1-0,win,,blitz,,Standard,300+3,300.0,3.0,1338.0,1325.0,1325.0,13.0,107,54,54,400.0,7.407407407407407,4.5,0.0,0.2186538461538461,0.9629629629629628,1.0,"Italian Game: Two Knights Defense, Knight Attack, Normal Variation",Normal,12,0,2026-05-18,1.2246467991473532e-16,-1.0,1,0,0,True,1.0,win,False,True,8.166666666666666,0,4,0,3,2,2,60,False,not_triggered
lZtESpsY,2026-05-18 13:52:29+00:00,bat1skaf,sunil79sharma,bat1skaf,black,0-1,win,,rapid,,Standard,600+0,600.0,0.0,1122.0,1255.0,1122.0,133.0,78,39,39,435.0,11.153846153846152,9.0,0.0,0.4202564102564103,1.0,1.0,"Italian Game: Giuoco Pianissimo, Normal",Normal,13,0,2026-05-18,-0.2588190451025208,-0.9659258262890683,1,0,0,True,1.0,win,False,True,80.55,0,5,0,4,1,2,61,False,not_triggered
TYodxoW4,2026-05-18 14:08:46+00:00,bat1skaf,rewqasdf,bat1skaf,black,0-1,win,,rapid,,Standard,600+0,600.0,0.0,1308.0,1372.0,1308.0,64.0,18,9,9,54.0,6.0,4.0,0.0,0.1962499999999998,0.8888888888888888,1.0,Italian Game: Giuoco Piano,Normal,14,0,2026-05-18,-0.4999999999999997,-0.8660254037844388,1,0,0,True,1.0,win,False,True,16.283333333333335,0,6,0,5,2,2,61,False,not_triggered
UenN2Bfa,2026-05-18 14:59:41+00:00,bat1skaf,bat1skaf,sergei_eng,white,1-0,win,,blitz,,Standard,300+3,300.0,3.0,1343.0,1322.0,1322.0,21.0,71,36,36,375.0,10.416666666666666,6.5,0.0,0.2670588235294117,0.9444444444444444,1.0,Italian Game: Anti-Fried Liver Defense,Normal,14,0,2026-05-18,-0.4999999999999997,-0.8660254037844388,1,0,0,True,1.0,win,False,True,50.916666666666664,0,7,0,6,1,1,62,False,not_triggered
URK9QrMg,2026-05-18 16:44:30+00:00,bat1skaf,Psykoankka,bat1skaf,black,1/2-1/2,draw,,bullet,,Standard,60+0,60.0,0.0,1587.0,1578.0,1587.0,-9.0,110,55,55,53.0,0.9636363636363636,1.0,0.1818181818181818,,0.0,1.0,French Defense: Exchange Variation,Time forfeit,16,0,2026-05-18,-0.8660254037844385,-0.5000000000000004,0,0,1,False,0.5,win,False,True,104.81666666666666,0,0,0,7,1,38,63,False,not_triggered
6hUF4kP8,2026-05-18 16:47:00+00:00,bat1skaf,bat1skaf,gio9052,white,0-1,loss,,bullet,,Standard,60+0,60.0,0.0,1580.0,1612.0,1612.0,-32.0,104,52,52,60.0,1.1538461538461535,1.0,0.4423076923076923,,0.0,1.0,Zukertort Opening: Tennison Gambit,Time forfeit,16,0,2026-05-18,-0.8660254037844385,-0.5000000000000004,0,1,0,True,0.0,draw,False,False,2.5,1,0,0,0,2,38,63,False,not_triggered
bdWMrrQC,2026-05-18 16:49:31+00:00,bat1skaf,philfer,bat1skaf,black,0-1,win,,bullet,,Standard,60+0,60.0,0.0,1532.0,1552.0,1532.0,20.0,78,39,39,55.0,1.4102564102564104,1.0,0.1794871794871795,,0.0,1.0,French Defense: Marshall Gambit,Time forfeit,16,0,2026-05-18,-0.8660254037844385,-0.5000000000000004,1,0,0,True,1.0,loss,True,False,2.5166666666666666,0,1,1,0,3,38,63,False,not_triggered
gf8L16ei,2026-05-18 16:51:47+00:00,bat1skaf,bat1skaf,Gedamprems1,white,0-1,loss,,bullet,,Standard,60+0,60.0,0.0,1579.0,1649.0,1649.0,-70.0,100,50,50,60.0,1.2,1.0,0.26,,0.0,1.0,Zukertort Opening: Tennison Gambit,Time forfeit,16,0,2026-05-18,-0.8660254037844385,-0.5000000000000004,0,1,0,True,0.0,win,False,True,2.2666666666666666,1,0,0,1,4,38,63,False,not_triggered
3u0jgcYv,2026-05-18 16:54:08+00:00,bat1skaf,meirb12345,bat1skaf,black,1-0,loss,,bullet,,Standard,60+0,60.0,0.0,1553.0,1558.0,1553.0,5.0,49,25,24,52.0,2.1666666666666665,1.0,0.0833333333333333,,0.0,1.0,Scandinavian Defense: Mieses-Kotroc Variation,Normal,16,0,2026-05-18,-0.8660254037844385,-0.5000000000000004,0,1,0,True,0.0,loss,True,False,2.35,2,0,1,0,5,38,63,False,not_triggered
NEG1dKze,2026-05-18 16:56:01+00:00,bat1skaf,louloubg,bat1skaf,black,0-1,win,,bullet,,Standard,60+0,60.0,0.0,1550.0,1534.0,1550.0,-16.0,68,34,34,59.0,1.7352941176470589,1.0,0.1176470588235294,,0.0,1.0,French Defense: Exchange Variation,Time forfeit,16,0,2026-05-18,-0.8660254037844385,-0.5000000000000004,1,0,0,True,1.0,loss,True,False,1.8833333333333333,0,1,2,0,6,38,63,True,previous_loss + short_break + required_loss_streak
EqxH3INY,2026-05-18 16:58:30+00:00,bat1skaf,bat1skaf,Thong_98763,white,1-0,win,,bullet,,Standard,60+0,60.0,0.0,1559.0,1560.0,1560.0,-1.0,51,26,26,50.0,1.9230769230769231,1.0,0.0384615384615384,,0.0,1.0,Philidor Defense: Lion Variation,Time forfeit,16,0,2026-05-18,-0.8660254037844385,-0.5000000000000004,1,0,0,True,1.0,win,False,True,2.4833333333333334,0,2,0,1,7,38,63,False,not_triggered
r9DfWs52,2026-05-18 17:01:38+00:00,bat1skaf,Whyalwaysme22,bat1skaf,black,1-0,loss,,bullet,,Standard,60+0,60.0,0.0,1560.0,1579.0,1560.0,19.0,69,35,34,60.0,1.7647058823529411,1.0,0.3823529411764705,,0.0,1.0,Van't Kruijs Opening,Time forfeit,17,0,2026-05-18,-0.9659258262890683,-0.25881904510252063,0,1,0,True,0.0,win,False,True,3.1333333333333333,1,0,0,2,8,38,63,False,not_triggered
NoUQ53vC,2026-05-18 17:03:48+00:00,bat1skaf,bat1skaf,Mulf,white,0-1,loss,,bullet,,Standard,60+0,60.0,0.0,1559.0,1562.0,1562.0,-3.0,58,29,29,55.0,1.896551724137931,2.0,0.1034482758620689,,0.0,1.0,Sicilian Defense: Modern Variations,Normal,17,0,2026-05-18,-0.9659258262890683,-0.25881904510252063,0,1,0,True,0.0,loss,True,False,2.1666666666666665,2,0,1,0,9,38,63,False,not_triggered
DeRvQQn9,2026-05-18 17:05:41+00:00,bat1skaf,odraude1022,bat1skaf,black,1-0,loss,,bullet,,Standard,60+0,60.0,0.0,1531.0,1540.0,1531.0,9.0,101,51,50,59.0,1.18,1.0,0.24,,0.0,1.0,French Defense: Knight Variation,Time forfeit,17,0,2026-05-18,-0.9659258262890683,-0.25881904510252063,0,1,0,True,0.0,loss,True,False,1.8833333333333333,3,0,2,0,10,38,63,True,previous_loss + short_break + required_loss_streak
XGwANYDe,2026-05-18 17:07:58+00:00,bat1skaf,bat1skaf,buka,white,0-1,loss,,bullet,,Standard,60+0,60.0,0.0,1522.0,1542.0,1542.0,-20.0,46,23,23,42.0,1.826086956521739,1.0,0.0,,0.0,1.0,King's Knight Opening,Normal,17,0,2026-05-18,-0.9659258262890683,-0.25881904510252063,0,1,0,True,0.0,loss,True,False,2.283333333333333,4,0,3,0,11,38,63,True,previous_loss + short_break + required_loss_streak
5p132QTQ,2026-05-18 17:09:45+00:00,bat1skaf,atamir93,bat1skaf,black,1-0,loss,,bullet,,Standard,60+0,60.0,0.0,1567.0,1506.0,1567.0,-61.0,83,42,41,60.0,1.4634146341463414,1.0,0.2195121951219512,,0.0,1.0,French Defense: Queen's Knight,Time forfeit,17,0,2026-05-18,-0.9659258262890683,-0.25881904510252063,0,1,0,True,0.0,loss,True,False,1.7833333333333334,5,0,4,0,12,38,63,True,previous_loss + short_break + required_loss_streak
Y29nIjvZ,2026-05-18 17:12:06+00:00,bat1skaf,bat1skaf,Shrestha_Panwar,white,0-1,loss,,bullet,,Standard,60+0,60.0,0.0,1493.0,1520.0,1520.0,-27.0,24,12,12,6.0,0.5,0.0,0.0,,0.0,1.0,Caro-Kann Defense,Normal,17,0,2026-05-18,-0.9659258262890683,-0.25881904510252063,0,1,0,True,0.0,loss,True,False,2.35,6,0,5,0,13,38,63,True,previous_loss + short_break + required_loss_streak
AJqC5h0S,2026-05-18 17:12:45+00:00,bat1skaf,alpha610,bat1skaf,black,1-0,loss,,bullet,,Standard,60+0,60.0,0.0,1513.0,1478.0,1513.0,-35.0,127,64,63,59.0,0.9365079365079364,1.0,0.2539682539682539,,0.0,1.0,French Defense: Exchange Variation,Normal,17,0,2026-05-18,-0.9659258262890683,-0.25881904510252063,0,1,0,True,0.0,loss,True,False,0.65,7,0,6,0,14,38,63,True,previous_loss + short_break + required_loss_streak
RhH4EIWp,2026-05-18 17:15:08+00:00,bat1skaf,bat1skaf,Nimish1234567,white,1/2-1/2,draw,,bullet,,Standard,60+0,60.0,0.0,1465.0,1497.0,1497.0,-32.0,102,51,51,44.0,0.8627450980392157,1.0,0.0,,0.0,1.0,Sicilian Defense: Old Sicilian,Normal,17,0,2026-05-18,-0.9659258262890683,-0.25881904510252063,0,0,1,False,0.5,loss,True,False,2.3833333333333333,0,0,7,0,15,38,63,True,previous_loss + short_break + required_loss_streak
MJwJ42Au,2026-05-18 17:17:15+00:00,bat1skaf,bat1skaf,redman92,white,1/2-1/2,draw,,bullet,,Standard,60+0,60.0,0.0,1466.0,1491.0,1491.0,-25.0,93,47,47,51.0,1.0851063829787233,1.0,0.1489361702127659,,0.0,1.0,Scandinavian Defense: Mieses-Kotroc Variation,Time forfeit,17,0,2026-05-18,-0.9659258262890683,-0.25881904510252063,0,0,1,False,0.5,draw,False,False,2.1166666666666667,0,0,0,0,16,38,63,False,not_triggered
fT0VVYqH,2026-05-18 17:19:24+00:00,bat1skaf,BagOfCheetoes,bat1skaf,black,0-1,win,,bullet,,Standard,60+0,60.0,0.0,1485.0,1467.0,1485.0,-18.0,20,10,10,13.0,1.3,1.0,0.0,,0.0,1.0,"Queen's Pawn Game: London System, with e6",Normal,17,0,2026-05-18,-0.9659258262890683,-0.25881904510252063,1,0,0,True,1.0,draw,False,False,2.15,0,1,0,0,17,38,63,False,not_triggered
X1yaqFnx,2026-05-18 17:20:14+00:00,bat1skaf,fedevaro,bat1skaf,black,1-0,loss,,bullet,,Standard,60+0,60.0,0.0,1484.0,1481.0,1484.0,-3.0,67,34,33,60.0,1.818181818181818,1.0,0.2424242424242424,,0.0,1.0,French Defense: Exchange Variation,Time forfeit,17,0,2026-05-18,-0.9659258262890683,-0.25881904510252063,0,1,0,True,0.0,win,False,True,0.8333333333333334,1,0,0,1,18,38,63,False,not_triggered
xuDwg0Zh,2026-05-18 17:22:16+00:00,bat1skaf,bat1skaf,fedevaro,white,1-0,win,,bullet,,Standard,60+0,60.0,0.0,1469.0,1490.0,1490.0,-21.0,119,60,60,46.0,0.7666666666666667,1.0,0.0,,0.0,1.0,Sicilian Defense: Old Sicilian,Time forfeit,17,0,2026-05-18,-0.9659258262890683,-0.25881904510252063,1,0,0,True,1.0,loss,True,False,2.033333333333333,0,1,1,0,19,38,63,False,not_triggered
5mKYeR5F,2026-05-18 17:24:24+00:00,bat1skaf,Virajchess2302,bat1skaf,black,1-0,loss,,bullet,,Standard,60+0,60.0,0.0,1535.0,1482.0,1535.0,-53.0,47,24,23,25.0,1.0869565217391304,1.0,0.0,,0.0,1.0,Mieses Opening,Normal,17,0,2026-05-18,-0.9659258262890683,-0.25881904510252063,0,1,0,True,0.0,win,False,True,2.1333333333333333,1,0,0,1,20,38,63,False,not_triggered
xkQmSnUx,2026-05-18 17:25:40+00:00,bat1skaf,Kumburbek,bat1skaf,black,1-0,loss,,bullet,,Standard,60+0,60.0,0.0,1414.0,1472.0,1414.0,58.0,47,24,23,53.0,2.3043478260869565,2.0,0.0869565217391304,,0.0,1.0,French Defense: Perseus Gambit,Normal,17,0,2026-05-18,-0.9659258262890683,-0.25881904510252063,0,1,0,True,0.0,loss,True,False,1.2666666666666666,2,0,1,0,21,38,63,False,not_triggered
FjoxaNtK,2026-05-18 17:27:43+00:00,bat1skaf,bat1skaf,sabansahintagil,white,0-1,loss,,bullet,,Standard,60+0,60.0,0.0,1459.0,1442.0,1442.0,17.0,76,38,38,60.0,1.5789473684210529,2.0,0.2105263157894736,,0.0,1.0,Zukertort Opening: Tennison Gambit,Time forfeit,17,0,2026-05-18,-0.9659258262890683,-0.25881904510252063,0,1,0,True,0.0,loss,True,False,2.05,3,0,2,0,22,38,63,True,previous_loss + short_break + required_loss_streak
cUpP3dWu,2026-05-18 17:29:48+00:00,bat1skaf,bat1skaf,VJAY_DHK,white,1-0,win,,bullet,,Standard,60+0,60.0,0.0,1447.0,1525.0,1525.0,-78.0,85,43,43,56.0,1.302325581395349,1.0,0.1395348837209302,,0.0,1.0,Pirc Defense,Time forfeit,17,0,2026-05-18,-0.9659258262890683,-0.25881904510252063,1,0,0,True,1.0,loss,True,False,2.0833333333333335,0,1,3,0,23,38,63,True,previous_loss + short_break + required_loss_streak
Ru1jvT79,2026-05-18 17:32:07+00:00,bat1skaf,kakha05,bat1skaf,black,1-0,loss,,bullet,,Standard,60+0,60.0,0.0,1443.0,1460.0,1443.0,17.0,79,40,39,59.0,1.5128205128205128,1.0,0.3846153846153846,,0.0,1.0,French Defense,Time forfeit,17,0,2026-05-18,-0.9659258262890683,-0.25881904510252063,0,1,0,True,0.0,win,False,True,2.316666666666667,1,0,0,1,24,38,63,False,not_triggered
W3IPDhzV,2026-05-18 17:34:22+00:00,bat1skaf,bat1skaf,ildar74mi,white,1-0,win,,bullet,,Standard,60+0,60.0,0.0,1449.0,1350.0,1350.0,99.0,81,41,41,55.0,1.3414634146341464,1.0,0.1463414634146341,,0.0,1.0,Petrov's Defense: Italian Variation,Time forfeit,17,0,2026-05-18,-0.9659258262890683,-0.25881904510252063,1,0,0,True,1.0,loss,True,False,2.25,0,1,1,0,25,38,63,False,not_triggered
e24MT5ZY,2026-05-18 17:36:33+00:00,bat1skaf,vtechadam,bat1skaf,black,0-1,win,,bullet,,Standard,60+0,60.0,0.0,1446.0,1456.0,1446.0,10.0,40,20,20,24.0,1.2,1.0,0.0,,0.0,1.0,Horwitz Defense,Normal,17,0,2026-05-18,-0.9659258262890683,-0.25881904510252063,1,0,0,True,1.0,win,False,True,2.183333333333333,0,2,0,1,26,38,63,False,not_triggered
8nUhOrNp,2026-05-18 17:37:46+00:00,bat1skaf,berre04,bat1skaf,black,1-0,loss,,bullet,,Standard,60+0,60.0,0.0,1405.0,1466.0,1405.0,61.0,95,48,47,58.0,1.2340425531914894,1.0,0.3829787234042553,,0.0,1.0,"French Defense: Tarrasch Variation, Open System",Normal,17,0,2026-05-18,-0.9659258262890683,-0.25881904510252063,0,1,0,True,0.0,win,False,True,1.2166666666666666,1,0,0,2,27,38,63,False,not_triggered
njoxMcCx,2026-05-18 17:40:03+00:00,bat1skaf,Tesla242006,bat1skaf,black,0-1,win,,bullet,,Standard,60+0,60.0,0.0,1395.0,1455.0,1395.0,60.0,48,24,24,34.0,1.4166666666666667,1.0,0.0,,0.0,1.0,Horwitz Defense,Normal,17,0,2026-05-18,-0.9659258262890683,-0.25881904510252063,1,0,0,True,1.0,loss,True,False,2.283333333333333,0,1,1,0,28,38,63,False,not_triggered
qXgVYzmS,2026-05-18 17:41:18+00:00,bat1skaf,bat1skaf,Ahmad_7,white,1-0,win,,bullet,,Standard,60+0,60.0,0.0,1463.0,1514.0,1514.0,-51.0,45,23,23,25.0,1.0869565217391304,1.0,0.0,,0.0,1.0,Caro-Kann Defense,Normal,17,0,2026-05-18,-0.9659258262890683,-0.25881904510252063,1,0,0,True,1.0,win,False,True,1.25,0,2,0,1,29,38,63,False,not_triggered
9AK2wvqx,2026-05-18 17:42:44+00:00,bat1skaf,bat1skaf,liv2022,white,0-1,loss,,bullet,,Standard,60+0,60.0,0.0,1474.0,1484.0,1484.0,-10.0,98,49,49,60.0,1.2244897959183674,1.0,0.2244897959183673,,0.0,1.0,French Defense: Knight Variation,Time forfeit,17,0,2026-05-18,-0.9659258262890683,-0.25881904510252063,0,1,0,True,0.0,win,False,True,1.4333333333333333,1,0,0,2,30,38,63,False,not_triggered
ujg5lBPC,2026-05-18 17:44:46+00:00,bat1skaf,bat1skaf,pale2015,white,0-1,loss,,bullet,,Standard,60+0,60.0,0.0,1465.0,1451.0,1451.0,14.0,48,24,24,52.0,2.1666666666666665,2.0,0.0833333333333333,,0.0,1.0,Philidor Defense,Normal,17,0,2026-05-18,-0.9659258262890683,-0.25881904510252063,0,1,0,True,0.0,loss,True,False,2.033333333333333,2,0,1,0,31,38,63,False,not_triggered
WSnTi9bz,2026-05-18 17:46:45+00:00,bat1skaf,mustafabinkamal,bat1skaf,black,0-1,win,,bullet,,Standard,60+0,60.0,0.0,1346.0,1455.0,1346.0,109.0,110,55,55,58.0,1.0545454545454545,1.0,0.3272727272727272,,0.0,1.0,"Rapport-Jobava System, with e6",Time forfeit,17,0,2026-05-18,-0.9659258262890683,-0.25881904510252063,1,0,0,True,1.0,loss,True,False,1.9833333333333334,0,1,2,0,32,38,63,True,previous_loss + short_break + required_loss_streak
Zo5x6NBv,2026-05-18 17:49:08+00:00,bat1skaf,sabansahintagil,bat1skaf,black,0-1,win,,bullet,,Standard,60+0,60.0,0.0,1461.0,1462.0,1461.0,1.0,92,46,46,48.0,1.0434782608695652,1.0,0.0,0.5319565217391304,1.0,1.0,"French Defense: Advance Variation, Nimzowitsch System",Time forfeit,17,0,2026-05-18,-0.9659258262890683,-0.25881904510252063,1,0,0,True,1.0,win,False,True,2.3833333333333333,0,2,0,1,33,38,63,False,not_triggered
kAWR03nL,2026-05-18 17:51:13+00:00,bat1skaf,bat1skaf,manu1812,white,0-1,loss,,bullet,,Standard,60+0,60.0,0.0,1470.0,1474.0,1474.0,-4.0,68,34,34,39.0,1.1470588235294117,1.0,0.0,,0.0,1.0,Scandinavian Defense: Mieses-Kotroc Variation,Normal,17,0,2026-05-18,-0.9659258262890683,-0.25881904510252063,0,1,0,True,0.0,win,False,True,2.0833333333333335,1,0,0,2,34,38,63,False,not_triggered
NjNXTfAW,2026-05-18 17:52:39+00:00,bat1skaf,bat1skaf,drawpipe,white,0-1,loss,,bullet,,Standard,60+0,60.0,0.0,1462.0,1473.0,1473.0,-11.0,37,19,19,28.0,1.4736842105263157,1.0,0.0,,0.0,1.0,Scandinavian Defense: Mieses-Kotroc Variation,Normal,17,0,2026-05-18,-0.9659258262890683,-0.25881904510252063,0,1,0,True,0.0,loss,True,False,1.4333333333333333,2,0,1,0,35,38,63,False,not_triggered
NcnzVFQr,2026-05-18 17:53:40+00:00,bat1skaf,bat1skaf,vikkidot,white,1-0,win,,bullet,,Standard,60+0,60.0,0.0,1454.0,1524.0,1524.0,-70.0,37,19,19,28.0,1.4736842105263157,1.0,0.0,,0.0,1.0,Scandinavian Defense: Mieses-Kotroc Variation,Normal,17,0,2026-05-18,-0.9659258262890683,-0.25881904510252063,1,0,0,True,1.0,loss,True,False,1.0166666666666666,0,1,2,0,36,38,63,True,previous_loss + short_break + required_loss_streak
g9NLpm0g,2026-05-18 17:54:39+00:00,bat1skaf,Pappion,bat1skaf,black,0-1,win,,bullet,,Standard,60+0,60.0,0.0,1426.0,1463.0,1426.0,37.0,68,34,34,56.0,1.6470588235294117,1.0,0.1470588235294117,,0.0,1.0,Nimzo-Larsen Attack,Time forfeit,17,0,2026-05-18,-0.9659258262890683,-0.25881904510252063,1,0,0,True,1.0,win,False,True,0.9833333333333333,0,2,0,1,37,38,63,False,not_triggered
gI6uPQ4Q,2026-05-18 17:56:52+00:00,bat1skaf,mohammadalsalam,bat1skaf,black,0-1,win,,bullet,,Standard,60+0,60.0,0.0,1372.0,1470.0,1372.0,98.0,54,27,27,33.0,1.2222222222222223,1.0,0.0,,0.0,1.0,English Opening: Agincourt Defense,Normal,17,0,2026-05-18,-0.9659258262890683,-0.25881904510252063,1,0,0,True,1.0,win,False,True,2.216666666666667,0,3,0,2,38,38,63,False,not_triggered
aeD58b46,2026-05-18 18:42:05+00:00,bat1skaf,bat1skaf,hermit34,white,0-1,loss,,bullet,,Standard,60+0,60.0,0.0,1476.0,1487.0,1487.0,-11.0,76,38,38,60.0,1.5789473684210529,1.0,0.2105263157894736,,0.0,1.0,Rat Defense: Small Center Defense,Time forfeit,18,0,2026-05-18,-1.0,-1.8369701987210297e-16,0,1,0,True,0.0,win,False,True,45.21666666666667,1,0,0,3,1,13,64,False,not_triggered
Mdqu6VoA,2026-05-18 18:49:35+00:00,bat1skaf,muhammdunal,bat1skaf,black,0-1,win,,bullet,,Standard,60+0,60.0,0.0,1453.0,1469.0,1453.0,16.0,54,27,27,46.0,1.7037037037037035,2.0,0.0,,0.0,1.0,French Defense: Advance Variation,Time forfeit,18,0,2026-05-18,-1.0,-1.8369701987210297e-16,1,0,0,True,1.0,loss,True,False,7.5,0,1,1,0,2,13,64,False,not_triggered
PojaAgnc,2026-05-18 18:54:12+00:00,bat1skaf,subskybox,bat1skaf,black,1-0,loss,,bullet,,Standard,60+0,60.0,0.0,1461.0,1476.0,1461.0,15.0,67,34,33,60.0,1.818181818181818,2.0,0.2424242424242424,,0.0,1.0,French Defense: Queen's Knight,Time forfeit,18,0,2026-05-18,-1.0,-1.8369701987210297e-16,0,1,0,True,0.0,win,False,True,4.616666666666666,1,0,0,1,3,13,64,False,not_triggered
HFutVMx2,2026-05-18 18:56:17+00:00,bat1skaf,bat1skaf,ChessProFrogger,white,0-1,loss,,bullet,,Standard,60+0,60.0,0.0,1469.0,1440.0,1440.0,29.0,86,43,43,59.0,1.372093023255814,1.0,0.2558139534883721,,0.0,1.0,Caro-Kann Defense,Time forfeit,18,0,2026-05-18,-1.0,-1.8369701987210297e-16,0,1,0,True,0.0,loss,True,False,2.0833333333333335,2,0,1,0,4,13,64,False,not_triggered
zFmx6CLS,2026-05-18 18:58:31+00:00,bat1skaf,Sharno12,bat1skaf,black,0-1,win,,bullet,,Standard,60+0,60.0,0.0,1490.0,1461.0,1490.0,-29.0,90,45,45,50.0,1.1111111111111112,1.0,0.0444444444444444,,0.0,1.0,French Defense,Time forfeit,18,0,2026-05-18,-1.0,-1.8369701987210297e-16,1,0,0,True,1.0,loss,True,False,2.2333333333333334,0,1,2,0,5,13,64,True,previous_loss + short_break + required_loss_streak
oR9jkEX2,2026-05-18 19:00:36+00:00,bat1skaf,bat1skaf,Bielszczanka,white,0-1,loss,,bullet,,Standard,60+0,60.0,0.0,1469.0,1455.0,1455.0,14.0,62,31,31,47.0,1.5161290322580645,1.0,0.0,,0.0,1.0,Owen Defense: Smith Gambit,Normal,19,0,2026-05-18,-0.9659258262890684,0.2588190451025203,0,1,0,True,0.0,win,False,True,2.0833333333333335,1,0,0,1,6,13,64,False,not_triggered
Wrk8mDVW,2026-05-18 19:02:17+00:00,bat1skaf,bat1skaf,Joan_5,white,1-0,win,,bullet,,Standard,60+0,60.0,0.0,1462.0,1510.0,1510.0,-48.0,73,37,37,51.0,1.3783783783783785,1.0,0.2162162162162162,,0.0,1.0,Sicilian Defense: French Variation,Time forfeit,19,0,2026-05-18,-0.9659258262890684,0.2588190451025203,1,0,0,True,1.0,loss,True,False,1.6833333333333333,0,1,1,0,7,13,64,False,not_triggered
oCRpX90I,2026-05-18 19:04:51+00:00,bat1skaf,kolfo,bat1skaf,black,0-1,win,,bullet,,Standard,60+0,60.0,0.0,1454.0,1469.0,1454.0,15.0,62,31,31,48.0,1.5483870967741935,1.0,0.0,,0.0,1.0,"French Defense: Advance Variation, Steinitz Variation",Time forfeit,19,0,2026-05-18,-0.9659258262890684,0.2588190451025203,1,0,0,True,1.0,win,False,True,2.566666666666667,0,2,0,1,8,13,64,False,not_triggered
HtAodwG5,2026-05-18 19:06:55+00:00,bat1skaf,bat1skaf,irvington78,white,0-1,loss,,bullet,,Standard,60+0,60.0,0.0,1475.0,1572.0,1572.0,-97.0,60,30,30,56.0,1.8666666666666667,2.0,0.1666666666666666,,0.0,1.0,Scandinavian Defense: Modern Variation,Normal,19,0,2026-05-18,-0.9659258262890684,0.2588190451025203,0,1,0,True,0.0,win,False,True,2.066666666666667,1,0,0,2,9,13,64,False,not_triggered
nN6CipbI,2026-05-18 19:08:54+00:00,bat1skaf,bat1skaf,Pommpei,white,1-0,win,,bullet,,Standard,60+0,60.0,0.0,1470.0,1488.0,1488.0,-18.0,31,16,16,16.0,1.0,1.0,0.0,,0.0,1.0,Sicilian Defense: Old Sicilian,Normal,19,0,2026-05-18,-0.9659258262890684,0.2588190451025203,1,0,0,True,1.0,loss,True,False,1.9833333333333334,0,1,1,0,10,13,64,False,not_triggered
xhCFnQ81,2026-05-18 19:09:42+00:00,bat1skaf,sudasmax,bat1skaf,black,0-1,win,,bullet,,Standard,60+0,60.0,0.0,1466.0,1477.0,1466.0,11.0,58,29,29,42.0,1.4482758620689655,1.0,0.0,,0.0,1.0,Zukertort Opening: Queen's Gambit Invitation,Time forfeit,19,0,2026-05-18,-0.9659258262890684,0.2588190451025203,1,0,0,True,1.0,win,False,True,0.8,0,2,0,1,11,13,64,False,not_triggered
HzgtfkCa,2026-05-18 19:11:45+00:00,bat1skaf,Aleks12346,bat1skaf,black,1-0,loss,,bullet,,Standard,60+0,60.0,0.0,1421.0,1483.0,1421.0,62.0,61,31,30,47.0,1.5666666666666669,2.0,0.0,,0.0,1.0,French Defense: Advance Variation,Normal,19,0,2026-05-18,-0.9659258262890684,0.2588190451025203,0,1,0,True,0.0,win,False,True,2.05,1,0,0,2,12,13,64,False,not_triggered
QyJEpomw,2026-05-18 19:13:43+00:00,bat1skaf,bat1skaf,Talkingknight,white,0-1,loss,,bullet,,Standard,60+0,60.0,0.0,1476.0,1496.0,1496.0,-20.0,60,30,30,60.0,2.0,1.5,0.2666666666666666,,0.0,1.0,French Defense: Exchange Variation,Time forfeit,19,0,2026-05-18,-0.9659258262890684,0.2588190451025203,0,1,0,True,0.0,loss,True,False,1.9666666666666666,2,0,1,0,13,13,64,False,not_triggered
vCkVHodg,2026-05-19 14:20:39+00:00,bat1skaf,DhakshithSM,bat1skaf,black,0-1,win,,blitz,,Standard,300+3,300.0,3.0,1306.0,1348.0,1306.0,42.0,88,44,44,296.0,6.727272727272728,5.5,0.0,,0.0,1.0,Center Game: Normal Variation,Normal,14,1,2026-05-19,-0.4999999999999997,-0.8660254037844388,1,0,0,True,1.0,loss,True,False,1146.9333333333334,0,1,2,0,1,3,65,False,not_triggered
1CN9MaxE,2026-05-19 14:32:47+00:00,bat1skaf,bat1skaf,DhakshithSM,white,1-0,win,,blitz,,Standard,300+3,300.0,3.0,1353.0,1267.0,1267.0,86.0,53,27,27,228.0,8.444444444444445,7.0,0.0,,0.0,1.0,Petrov's Defense: Damiano Variation,Normal,14,1,2026-05-19,-0.4999999999999997,-0.8660254037844388,1,0,0,True,1.0,win,False,True,12.133333333333333,0,2,0,1,2,3,65,False,not_triggered
faMgAEAd,2026-05-19 14:39:38+00:00,bat1skaf,DhakshithSM,bat1skaf,black,1-0,loss,,blitz,,Standard,300+3,300.0,3.0,1239.0,1357.0,1239.0,118.0,87,44,43,346.0,8.046511627906977,3.0,0.0,0.4583720930232557,1.0,1.0,Italian Game: Giuoco Piano,Normal,14,1,2026-05-19,-0.4999999999999997,-0.8660254037844388,0,1,0,True,0.0,win,False,True,6.85,1,0,0,2,3,3,65,False,not_triggered
6KmvqEzt,2026-05-19 16:17:19+00:00,bat1skaf,Oskar-123,bat1skaf,black,0-1,win,,rapid,,Standard,600+0,600.0,0.0,1515.0,1473.0,1515.0,-42.0,92,46,46,505.0,10.978260869565217,9.5,0.0,0.5231111111111112,0.9782608695652174,1.0,Horwitz Defense,Normal,16,1,2026-05-19,-0.8660254037844385,-0.5000000000000004,1,0,0,True,1.0,loss,True,False,97.68333333333334,0,1,1,0,1,2,66,False,not_triggered
WspV8Jie,2026-05-19 16:35:52+00:00,bat1skaf,bat1skaf,HUSSARD,white,0-1,loss,,rapid,,Standard,600+0,600.0,0.0,1576.0,1533.0,1533.0,43.0,88,44,44,598.0,13.590909090909092,10.5,0.1590909090909091,0.8913953488372093,0.9772727272727272,1.0,Petrov's Defense,Time forfeit,16,1,2026-05-19,-0.8660254037844385,-0.5000000000000004,0,1,0,True,0.0,win,False,True,18.55,1,0,0,1,2,2,66,False,not_triggered
z6CpR27e,2026-05-20 09:45:54+00:00,bat1skaf,kankord,bat1skaf,black,1/2-1/2,draw,,bullet,,Standard,60+0,60.0,0.0,1474.0,1470.0,1474.0,-4.0,70,35,35,44.0,1.2571428571428571,1.0,0.0,,0.0,1.0,Danish Gambit,Time forfeit,9,2,2026-05-20,0.7071067811865476,-0.7071067811865475,0,0,1,False,0.5,loss,True,False,1030.0333333333333,0,0,1,0,1,18,67,False,not_triggered
Ua8xuKvl,2026-05-20 09:47:54+00:00,bat1skaf,bat1skaf,cheeserobot3,white,1-0,win,,bullet,,Standard,60+0,60.0,0.0,1471.0,1538.0,1538.0,-67.0,87,44,44,49.0,1.1136363636363635,1.0,0.0,,0.0,1.0,Ponziani Opening: Neumann Gambit,Time forfeit,9,2,2026-05-20,0.7071067811865476,-0.7071067811865475,1,0,0,True,1.0,draw,False,False,2.0,0,1,0,0,2,18,67,False,not_triggered
v2KARuuJ,2026-05-20 09:49:57+00:00,bat1skaf,bat1skaf,lennie_retro,white,1-0,win,,bullet,,Standard,60+0,60.0,0.0,1478.0,1445.0,1445.0,33.0,61,31,31,50.0,1.6129032258064515,1.0,0.0967741935483871,,0.0,1.0,Scandinavian Defense: Mieses-Kotroc Variation,Time forfeit,9,2,2026-05-20,0.7071067811865476,-0.7071067811865475,1,0,0,True,1.0,win,False,True,2.05,0,2,0,1,3,18,67,False,not_triggered
3Kv9gW7T,2026-05-20 09:52:02+00:00,bat1skaf,GioDeLeo,bat1skaf,black,0-1,win,,bullet,,Standard,60+0,60.0,0.0,1476.0,1483.0,1476.0,7.0,82,41,41,48.0,1.170731707317073,1.0,0.0,,0.0,1.0,French Defense: Queen's Knight,Time forfeit,9,2,2026-05-20,0.7071067811865476,-0.7071067811865475,1,0,0,True,1.0,win,False,True,2.0833333333333335,0,3,0,2,4,18,67,False,not_triggered
HiGl8e88,2026-05-20 09:57:23+00:00,bat1skaf,bat1skaf,Jondefchess,white,1-0,win,,bullet,,Standard,60+0,60.0,0.0,1488.0,1459.0,1459.0,29.0,59,30,30,43.0,1.4333333333333331,1.0,0.0,0.7531034482758621,0.9666666666666668,1.0,Sicilian Defense: Old Sicilian,Time forfeit,9,2,2026-05-20,0.7071067811865476,-0.7071067811865475,1,0,0,True,1.0,win,False,True,5.35,0,4,0,3,5,18,67,False,not_triggered
NrvgF0HI,2026-05-20 10:08:18+00:00,bat1skaf,RainyLondonG,bat1skaf,black,1-0,loss,,bullet,,Standard,60+0,60.0,0.0,1452.0,1494.0,1452.0,42.0,91,46,45,60.0,1.3333333333333333,1.0,0.4,,0.0,1.0,"Rapport-Jobava System, with e6",Time forfeit,10,2,2026-05-20,0.49999999999999994,-0.8660254037844387,0,1,0,True,0.0,win,False,True,10.916666666666666,1,0,0,4,6,18,67,False,not_triggered
N4pTGyUE,2026-05-20 10:10:54+00:00,bat1skaf,bat1skaf,Joszko666,white,1-0,win,,bullet,,Standard,60+0,60.0,0.0,1487.0,1496.0,1496.0,-9.0,103,52,52,58.0,1.1153846153846154,1.0,0.25,,0.0,1.0,Nimzowitsch Defense: Declined Variation,Time forfeit,10,2,2026-05-20,0.49999999999999994,-0.8660254037844387,1,0,0,True,1.0,loss,True,False,2.6,0,1,1,0,7,18,67,False,not_triggered
97oeFujH,2026-05-20 10:13:08+00:00,bat1skaf,kenotron72,bat1skaf,black,1-0,loss,,bullet,,Standard,60+0,60.0,0.0,1476.0,1493.0,1476.0,17.0,29,15,14,14.0,1.0,1.0,0.0,,0.0,1.0,French Defense: La Bourdonnais Variation,Normal,10,2,2026-05-20,0.49999999999999994,-0.8660254037844387,0,1,0,True,0.0,win,False,True,2.2333333333333334,1,0,0,1,8,18,67,False,not_triggered
2y7b5C54,2026-05-20 10:14:02+00:00,bat1skaf,erdem01,bat1skaf,black,1-0,loss,,bullet,,Standard,60+0,60.0,0.0,1560.0,1487.0,1560.0,-73.0,53,27,26,29.0,1.1153846153846154,1.0,0.0,,0.0,1.0,Nimzo-Larsen Attack,Normal,10,2,2026-05-20,0.49999999999999994,-0.8660254037844387,0,1,0,True,0.0,loss,True,False,0.9,2,0,1,0,9,18,67,False,not_triggered
J7fs5yRB,2026-05-20 10:15:45+00:00,bat1skaf,bat1skaf,amichebole,white,0-1,loss,,bullet,,Standard,60+0,60.0,0.0,1483.0,1413.0,1413.0,70.0,50,25,25,30.0,1.2,1.0,0.0,,0.0,1.0,Scandinavian Defense: Mieses-Kotroc Variation,Normal,10,2,2026-05-20,0.49999999999999994,-0.8660254037844387,0,1,0,True,0.0,loss,True,False,1.7166666666666666,3,0,2,0,10,18,67,True,previous_loss + short_break + required_loss_streak
I6DG0DYT,2026-05-20 10:17:10+00:00,bat1skaf,fickricker,bat1skaf,black,0-1,win,,bullet,,Standard,60+0,60.0,0.0,1433.0,1476.0,1433.0,43.0,30,15,15,34.0,2.2666666666666666,1.0,0.0,,0.0,1.0,Hungarian Opening: Catalan Formation,Time forfeit,10,2,2026-05-20,0.49999999999999994,-0.8660254037844387,1,0,0,True,1.0,loss,True,False,1.4166666666666667,0,1,3,0,11,18,67,True,previous_loss + short_break + required_loss_streak
14Kk9IJX,2026-05-20 10:39:51+00:00,bat1skaf,bat1skaf,TobTob93,white,0-1,loss,,bullet,,Standard,60+0,60.0,0.0,1481.0,1472.0,1472.0,9.0,48,24,24,33.0,1.375,1.0,0.0,,0.0,1.0,Italian Game: Classical Variation,Normal,10,2,2026-05-20,0.49999999999999994,-0.8660254037844387,0,1,0,True,0.0,win,False,True,22.683333333333334,1,0,0,1,12,18,67,False,not_triggered
RUh5z09e,2026-05-20 10:44:34+00:00,bat1skaf,Mhazim2020,bat1skaf,black,1-0,loss,,bullet,,Standard,60+0,60.0,0.0,1472.0,1475.0,1472.0,3.0,13,7,6,4.0,0.6666666666666666,0.5,0.0,,0.0,1.0,Horwitz Defense,Normal,10,2,2026-05-20,0.49999999999999994,-0.8660254037844387,0,1,0,True,0.0,loss,True,False,4.716666666666667,2,0,1,0,13,18,67,False,not_triggered
LLKIdYxS,2026-05-20 10:44:57+00:00,bat1skaf,bat1skaf,HarbyA,white,1-0,win,,bullet,,Standard,60+0,60.0,0.0,1470.0,1408.0,1408.0,62.0,71,36,36,53.0,1.4722222222222223,1.0,0.2777777777777778,,0.0,1.0,Owen Defense,Time forfeit,10,2,2026-05-20,0.49999999999999994,-0.8660254037844387,1,0,0,True,1.0,loss,True,False,0.38333333333333336,0,1,2,0,14,18,67,True,previous_loss + short_break + required_loss_streak
R7oCL2a3,2026-05-20 10:47:07+00:00,bat1skaf,AlesPower,bat1skaf,black,0-1,win,,bullet,,Standard,60+0,60.0,0.0,1482.0,1474.0,1482.0,-8.0,42,21,21,24.0,1.1428571428571428,1.0,0.0,,0.0,1.0,French Defense: Knight Variation,Time forfeit,10,2,2026-05-20,0.49999999999999994,-0.8660254037844387,1,0,0,True,1.0,win,False,True,2.1666666666666665,0,2,0,1,15,18,67,False,not_triggered
r71KerrK,2026-05-20 10:48:39+00:00,bat1skaf,bat1skaf,edgars13,white,1-0,win,,bullet,,Standard,60+0,60.0,0.0,1480.0,1485.0,1485.0,-5.0,19,10,10,7.0,0.7,1.0,0.0,,0.0,1.0,"Italian Game: Two Knights Defense, Knight Attack, Normal Variation",Normal,10,2,2026-05-20,0.49999999999999994,-0.8660254037844387,1,0,0,True,1.0,win,False,True,1.5333333333333334,0,3,0,2,16,18,67,False,not_triggered
uERVzrrO,2026-05-20 10:49:10+00:00,bat1skaf,bat1skaf,kurt1985,white,1-0,win,,bullet,,Standard,60+0,60.0,0.0,1486.0,1510.0,1510.0,-24.0,71,36,36,46.0,1.2777777777777777,1.0,0.0,,0.0,1.0,Modern Defense,Time forfeit,10,2,2026-05-20,0.49999999999999994,-0.8660254037844387,1,0,0,True,1.0,win,False,True,0.5166666666666667,0,4,0,3,17,18,67,False,not_triggered
LzlQwJS4,2026-05-20 10:51:27+00:00,bat1skaf,bat1skaf,G3ExtraStrong,white,0-1,loss,,blitz,,Standard,300+3,300.0,3.0,1350.0,1393.0,1393.0,-43.0,76,38,38,408.0,10.736842105263158,9.0,0.131578947368421,0.3348648648648649,0.9736842105263158,1.0,Caro-Kann Defense: Endgame Offer,Time forfeit,10,2,2026-05-20,0.49999999999999994,-0.8660254037844387,0,1,0,True,0.0,win,False,True,2.283333333333333,1,0,0,4,18,18,67,False,not_triggered
Y2eZzita,2026-05-20 14:54:10+00:00,bat1skaf,GHA9,bat1skaf,black,1-0,loss,,blitz,,Standard,300+3,300.0,3.0,1333.0,1345.0,1333.0,12.0,105,53,52,424.0,8.153846153846153,4.0,0.4423076923076923,0.825,1.0,1.0,Queen's Pawn Game: Chigorin Variation,Normal,14,2,2026-05-20,-0.4999999999999997,-0.8660254037844388,0,1,0,True,0.0,loss,True,False,242.71666666666667,2,0,1,0,1,4,68,False,not_triggered
cfFdNnav,2026-05-20 15:08:10+00:00,bat1skaf,aswinvi,bat1skaf,black,1-0,loss,,blitz,,Standard,300+3,300.0,3.0,1455.0,1339.0,1455.0,-116.0,37,19,18,236.0,13.11111111111111,4.5,0.0,,0.0,1.0,Italian Game: Giuoco Piano,Normal,15,2,2026-05-20,-0.7071067811865471,-0.7071067811865479,0,1,0,True,0.0,loss,True,False,14.0,3,0,2,0,2,4,68,False,not_triggered
bUXK3YU5,2026-05-20 15:17:10+00:00,bat1skaf,Jolly_jumper09,bat1skaf,black,0-1,win,,blitz,,Standard,300+3,300.0,3.0,1405.0,1336.0,1405.0,-69.0,52,26,26,341.0,13.115384615384617,12.0,0.0,0.3188,0.9615384615384616,1.0,Italian Game: Giuoco Piano,Normal,15,2,2026-05-20,-0.7071067811865471,-0.7071067811865479,1,0,0,True,1.0,loss,True,False,9.0,0,1,3,0,3,4,68,False,not_triggered
K0641tDr,2026-05-20 15:29:30+00:00,bat1skaf,bat1skaf,Lionel1974,white,0-1,loss,,blitz,,Standard,300+3,300.0,3.0,1343.0,1358.0,1358.0,-15.0,72,36,36,400.0,11.11111111111111,8.5,0.1944444444444444,0.793142857142857,0.9722222222222222,1.0,Scandinavian Defense: Main Line,Normal,15,2,2026-05-20,-0.7071067811865471,-0.7071067811865479,0,1,0,True,0.0,win,False,True,12.333333333333334,1,0,0,1,4,4,68,False,not_triggered
NdWer5DD,2026-05-20 18:29:37+00:00,bat1skaf,bat1skaf,NAlvino,white,0-1,loss,,blitz,,Standard,300+3,300.0,3.0,1337.0,1422.0,1422.0,-85.0,30,15,15,100.0,6.666666666666667,5.0,0.0,,0.0,1.0,Philidor Defense,Normal,18,2,2026-05-20,-1.0,-1.8369701987210297e-16,0,1,0,True,0.0,loss,True,False,180.11666666666667,2,0,1,0,1,2,69,False,not_triggered
7AiTr4xb,2026-05-20 18:33:19+00:00,bat1skaf,SpartaRom,bat1skaf,black,0-1,win,,blitz,,Standard,300+3,300.0,3.0,1352.0,1332.0,1352.0,-20.0,56,28,28,313.0,11.178571428571429,8.0,0.0,0.4903571428571429,1.0,1.0,Tarrasch Defense,Normal,18,2,2026-05-20,-1.0,-1.8369701987210297e-16,1,0,0,True,1.0,loss,True,False,3.7,0,1,2,0,2,2,69,True,previous_loss + short_break + required_loss_streak
WQS0YXzr,2026-05-20 19:42:30+00:00,bat1skaf,Sokol_1373,bat1skaf,black,1-0,loss,,blitz,,Standard,300+3,300.0,3.0,1343.0,1339.0,1343.0,-4.0,71,36,35,283.0,8.085714285714285,5.0,0.0,0.5591428571428573,1.0,1.0,Horwitz Defense,Normal,19,2,2026-05-20,-0.9659258262890684,0.2588190451025203,0,1,0,True,0.0,win,False,True,69.18333333333334,1,0,0,1,1,13,70,False,not_triggered
iK3114yP,2026-05-20 19:54:02+00:00,bat1skaf,bat1skaf,UnclePhillyo,white,1-0,win,,blitz,,Standard,300+3,300.0,3.0,1333.0,1315.0,1315.0,18.0,127,64,64,393.0,6.140625,3.0,0.0,0.1951612903225806,0.96875,1.0,"Italian Game: Two Knights Defense, Knight Attack, Normal Variation",Normal,19,2,2026-05-20,-0.9659258262890684,0.2588190451025203,1,0,0,True,1.0,loss,True,False,11.533333333333333,0,1,1,0,2,13,70,False,not_triggered
cepwwBQP,2026-05-20 20:14:11+00:00,bat1skaf,bat1skaf,danemapfidza,white,1-0,win,,bullet,,Standard,60+0,60.0,0.0,1492.0,1506.0,1506.0,-14.0,67,34,34,57.0,1.6764705882352942,1.0,0.2941176470588235,,0.0,1.0,Caro-Kann Defense,Time forfeit,20,2,2026-05-20,-0.8660254037844386,0.5000000000000001,1,0,0,True,1.0,win,False,True,20.15,0,2,0,1,3,13,70,False,not_triggered
L93nSM9N,2026-05-20 20:16:37+00:00,bat1skaf,Rlcalles,bat1skaf,black,1-0,loss,,bullet,,Standard,60+0,60.0,0.0,1512.0,1498.0,1512.0,-14.0,29,15,14,21.0,1.5,1.0,0.0,,0.0,1.0,Bishop's Opening: Vienna Hybrid,Normal,20,2,2026-05-20,-0.8660254037844386,0.5000000000000001,0,1,0,True,0.0,win,False,True,2.433333333333333,1,0,0,2,4,13,70,False,not_triggered
QXHQUj86,2026-05-20 20:18:12+00:00,bat1skaf,PawnShoppa,bat1skaf,black,0-1,win,,bullet,,Standard,60+0,60.0,0.0,1502.0,1492.0,1502.0,-10.0,90,45,45,59.0,1.3111111111111111,1.0,0.3111111111111111,,0.0,1.0,Four Knights Game,Time forfeit,20,2,2026-05-20,-0.8660254037844386,0.5000000000000001,1,0,0,True,1.0,loss,True,False,1.5833333333333333,0,1,1,0,5,13,70,False,not_triggered
VFzwtURa,2026-05-20 20:20:32+00:00,bat1skaf,bat1skaf,solai0808,white,1-0,win,,bullet,,Standard,60+0,60.0,0.0,1499.0,1464.0,1464.0,35.0,91,46,46,52.0,1.1304347826086956,1.0,0.108695652173913,0.3873333333333333,0.9782608695652174,1.0,Scandinavian Defense: Valencian Variation,Time forfeit,20,2,2026-05-20,-0.8660254037844386,0.5000000000000001,1,0,0,True,1.0,win,False,True,2.3333333333333335,0,2,0,1,6,13,70,False,not_triggered
xWneBkOX,2026-05-20 20:28:00+00:00,bat1skaf,bat1skaf,rezamehran,white,1-0,win,,bullet,,Standard,60+0,60.0,0.0,1504.0,1530.0,1530.0,-26.0,103,52,52,59.0,1.1346153846153846,1.0,0.5192307692307693,,0.0,1.0,Philidor Defense,Time forfeit,20,2,2026-05-20,-0.8660254037844386,0.5000000000000001,1,0,0,True,1.0,win,False,True,7.466666666666667,0,3,0,2,7,13,70,False,not_triggered
DE6xjVWA,2026-05-20 20:51:22+00:00,bat1skaf,Ryu8801,bat1skaf,black,1-0,loss,,bullet,,Standard,60+0,60.0,0.0,1486.0,1509.0,1486.0,23.0,51,26,25,60.0,2.4,2.0,0.2,,0.0,1.0,King's Pawn Game,Time forfeit,20,2,2026-05-20,-0.8660254037844386,0.5000000000000001,0,1,0,True,0.0,win,False,True,23.366666666666667,1,0,0,3,8,13,70,False,not_triggered
mcgkGpfS,2026-05-20 20:53:21+00:00,bat1skaf,bat1skaf,eucguy,white,1-0,win,,bullet,,Standard,60+0,60.0,0.0,1504.0,1543.0,1543.0,-39.0,117,59,59,59.0,1.0,1.0,0.3220338983050847,,0.0,1.0,Owen Defense,Time forfeit,20,2,2026-05-20,-0.8660254037844386,0.5000000000000001,1,0,0,True,1.0,loss,True,False,1.9833333333333334,0,1,1,0,9,13,70,False,not_triggered
cK5m2Muc,2026-05-20 20:55:47+00:00,bat1skaf,dammartin,bat1skaf,black,0-1,win,,bullet,,Standard,60+0,60.0,0.0,1552.0,1510.0,1552.0,-42.0,80,40,40,36.0,0.9,1.0,0.0,,0.0,1.0,Queen's Gambit Declined: Tarrasch Defense,Time forfeit,20,2,2026-05-20,-0.8660254037844386,0.5000000000000001,1,0,0,True,1.0,win,False,True,2.433333333333333,0,2,0,1,10,13,70,False,not_triggered
3jDvTjqg,2026-05-20 21:07:12+00:00,bat1skaf,bat1skaf,Kevorkian1,white,1-0,win,,bullet,,Standard,60+0,60.0,0.0,1516.0,1448.0,1448.0,68.0,53,27,27,37.0,1.3703703703703705,1.0,0.0,,0.0,1.0,Italian Game: Classical Variation,Time forfeit,21,2,2026-05-20,-0.7071067811865477,0.7071067811865474,1,0,0,True,1.0,win,False,True,11.416666666666666,0,3,0,2,11,13,70,False,not_triggered
teSMDWWk,2026-05-20 21:09:39+00:00,bat1skaf,RakaTOA,bat1skaf,black,1-0,loss,,blitz,,Standard,300+3,300.0,3.0,1372.0,1339.0,1372.0,-33.0,67,34,33,377.0,11.424242424242424,10.0,0.0909090909090909,1.0096969696969698,1.0,1.0,French Defense: Exchange Variation,Normal,21,2,2026-05-20,-0.7071067811865477,0.7071067811865474,0,1,0,True,0.0,win,False,True,2.45,1,0,0,3,12,13,70,False,not_triggered
oAHfae3V,2026-05-20 21:22:21+00:00,bat1skaf,noone642,bat1skaf,black,0-1,win,,blitz,,Standard,300+3,300.0,3.0,1343.0,1334.0,1343.0,-9.0,126,63,63,413.0,6.555555555555555,2.0,0.0317460317460317,,0.0,1.0,"Queen's Pawn Game: London System, with e6",Normal,21,2,2026-05-20,-0.7071067811865477,0.7071067811865474,1,0,0,True,1.0,loss,True,False,12.7,0,1,1,0,13,13,70,False,not_triggered
nAAngpq6,2026-05-20 22:22:18+00:00,bat1skaf,bat1skaf,peopholmes,white,0-1,loss,,blitz,,Standard,300+3,300.0,3.0,1340.0,1394.0,1394.0,-54.0,116,58,58,450.0,7.758620689655173,3.0,0.6379310344827587,,0.0,1.0,Sicilian Defense: Modern Variations,Normal,22,2,2026-05-20,-0.5000000000000004,0.8660254037844384,0,1,0,True,0.0,win,False,True,59.95,1,0,0,1,1,3,71,False,not_triggered
zGyf1x5f,2026-05-20 22:37:10+00:00,bat1skaf,bat1skaf,Cairochess_1,white,1-0,win,,blitz,,Standard,300+3,300.0,3.0,1335.0,1227.0,1227.0,108.0,46,23,23,276.0,12.0,9.0,0.0,0.6372727272727272,0.9565217391304348,1.0,Sicilian Defense: Old Sicilian,Normal,22,2,2026-05-20,-0.5000000000000004,0.8660254037844384,1,0,0,True,1.0,loss,True,False,14.866666666666667,0,1,1,0,2,3,71,False,not_triggered
iDVfM4Ck,2026-05-20 22:46:19+00:00,bat1skaf,bat1skaf,pqpqpqppqpq,white,0-1,loss,,blitz,,Standard,300+3,300.0,3.0,1338.0,1369.0,1369.0,-31.0,140,70,70,501.0,7.260869565217392,4.0,0.5,0.5539130434782609,0.9857142857142858,0.9857142857142858,French Defense: Exchange Variation,Normal,22,2,2026-05-20,-0.5000000000000004,0.8660254037844384,0,1,0,True,0.0,win,False,True,9.15,1,0,0,1,3,3,71,False,not_triggered
5aOWmygF,2026-05-21 10:52:24+00:00,bat1skaf,N3r028,bat1skaf,black,1-0,loss,,bullet,,Standard,60+0,60.0,0.0,1487.0,1521.0,1487.0,34.0,33,17,16,21.0,1.3125,1.0,0.0,,0.0,1.0,Queen's Gambit Declined,Normal,10,3,2026-05-21,0.49999999999999994,-0.8660254037844387,0,1,0,True,0.0,loss,True,False,726.0833333333334,2,0,1,0,1,28,72,False,not_triggered
sHHBxMKW,2026-05-21 10:53:45+00:00,bat1skaf,punkmod,bat1skaf,black,0-1,win,,bullet,,Standard,60+0,60.0,0.0,1562.0,1515.0,1562.0,-47.0,40,20,20,23.0,1.15,1.0,0.0,,0.0,1.0,King's Gambit Accepted: MacLeod Defense,Normal,10,3,2026-05-21,0.49999999999999994,-0.8660254037844387,1,0,0,True,1.0,loss,True,False,1.35,0,1,2,0,2,28,72,True,previous_loss + short_break + required_loss_streak
gCOuXdJL,2026-05-21 10:54:43+00:00,bat1skaf,bat1skaf,BarryAllen2001,white,1-0,win,,bullet,,Standard,60+0,60.0,0.0,1521.0,1506.0,1506.0,15.0,97,49,49,60.0,1.2244897959183674,1.0,0.3469387755102041,,0.0,1.0,Zukertort Opening: Lemberger Gambit,Time forfeit,10,3,2026-05-21,0.49999999999999994,-0.8660254037844387,1,0,0,True,1.0,win,False,True,0.9666666666666667,0,2,0,1,3,28,72,False,not_triggered
0BeiWVyN,2026-05-21 10:58:04+00:00,bat1skaf,Timotheus_00,bat1skaf,black,1-0,loss,,bullet,,Standard,60+0,60.0,0.0,1559.0,1527.0,1559.0,-32.0,57,29,28,43.0,1.5357142857142858,1.0,0.0,,0.0,1.0,Tarrasch Defense,Normal,10,3,2026-05-21,0.49999999999999994,-0.8660254037844387,0,1,0,True,0.0,win,False,True,3.35,1,0,0,2,4,28,72,False,not_triggered
Wv5PD3Nr,2026-05-21 10:59:50+00:00,bat1skaf,bat1skaf,Dreykelvi,white,1-0,win,,bullet,,Standard,60+0,60.0,0.0,1522.0,1552.0,1552.0,-30.0,61,31,31,37.0,1.1935483870967742,1.0,0.0,,0.0,1.0,Caro-Kann Defense,Normal,10,3,2026-05-21,0.49999999999999994,-0.8660254037844387,1,0,0,True,1.0,loss,True,False,1.7666666666666666,0,1,1,0,5,28,72,False,not_triggered
UlKA9PPD,2026-05-21 11:01:26+00:00,bat1skaf,bat1skaf,blitz60,white,1-0,win,,bullet,,Standard,60+0,60.0,0.0,1528.0,1516.0,1516.0,12.0,61,31,31,49.0,1.5806451612903225,1.0,0.0,,0.0,1.0,Owen Defense,Time forfeit,11,3,2026-05-21,0.258819045102521,-0.9659258262890682,1,0,0,True,1.0,win,False,True,1.6,0,2,0,1,6,28,72,False,not_triggered
foxQW2fv,2026-05-21 11:03:24+00:00,bat1skaf,tarraf33,bat1skaf,black,1-0,loss,,bullet,,Standard,60+0,60.0,0.0,1538.0,1533.0,1538.0,-5.0,91,46,45,60.0,1.3333333333333333,1.0,0.3555555555555555,,0.0,1.0,French Defense: Exchange Variation,Time forfeit,11,3,2026-05-21,0.258819045102521,-0.9659258262890682,0,1,0,True,0.0,win,False,True,1.9666666666666666,1,0,0,2,7,28,72,False,not_triggered
2o4LQVGs,2026-05-21 11:05:34+00:00,bat1skaf,bat1skaf,hcil,white,1-0,win,,bullet,,Standard,60+0,60.0,0.0,1528.0,1536.0,1536.0,-8.0,35,18,18,29.0,1.6111111111111112,1.0,0.0,,0.0,1.0,Petrov's Defense: Italian Variation,Normal,11,3,2026-05-21,0.258819045102521,-0.9659258262890682,1,0,0,True,1.0,loss,True,False,2.1666666666666665,0,1,1,0,8,28,72,False,not_triggered
jlEypvXz,2026-05-21 11:06:51+00:00,bat1skaf,yuipas,bat1skaf,black,0-1,win,,bullet,,Standard,60+0,60.0,0.0,1616.0,1533.0,1616.0,-83.0,68,34,34,51.0,1.5,1.0,0.0588235294117647,,0.0,1.0,Italian Game: Two Knights Defense,Time forfeit,11,3,2026-05-21,0.258819045102521,-0.9659258262890682,1,0,0,True,1.0,win,False,True,1.2833333333333334,0,2,0,1,9,28,72,False,not_triggered
hT861Ymq,2026-05-21 11:08:59+00:00,bat1skaf,NeriNacaytuna,bat1skaf,black,1-0,loss,,bullet,,Standard,60+0,60.0,0.0,1529.0,1541.0,1529.0,12.0,17,9,8,6.0,0.75,1.0,0.0,,0.0,1.0,King's Pawn Game: Leonardis Variation,Normal,11,3,2026-05-21,0.258819045102521,-0.9659258262890682,0,1,0,True,0.0,win,False,True,2.1333333333333333,1,0,0,2,10,28,72,False,not_triggered
DflbyGqX,2026-05-21 11:09:21+00:00,bat1skaf,ABU_TAHA034,bat1skaf,black,0-1,win,,bullet,,Standard,60+0,60.0,0.0,1601.0,1535.0,1601.0,-66.0,32,16,16,26.0,1.625,1.0,0.0,,0.0,1.0,Horwitz Defense,Normal,11,3,2026-05-21,0.258819045102521,-0.9659258262890682,1,0,0,True,1.0,loss,True,False,0.36666666666666664,0,1,1,0,11,28,72,False,not_triggered
LbF8njXv,2026-05-21 11:10:57+00:00,bat1skaf,bat1skaf,Dreykelvi,white,0-1,loss,,bullet,,Standard,60+0,60.0,0.0,1542.0,1543.0,1543.0,-1.0,100,50,50,60.0,1.2,1.0,0.32,,0.0,1.0,Caro-Kann Defense,Time forfeit,11,3,2026-05-21,0.258819045102521,-0.9659258262890682,0,1,0,True,0.0,win,False,True,1.6,1,0,0,1,12,28,72,False,not_triggered
q24GagCj,2026-05-21 11:13:19+00:00,bat1skaf,LOPERamok,bat1skaf,black,1-0,loss,,bullet,,Standard,60+0,60.0,0.0,1553.0,1536.0,1553.0,-17.0,45,23,22,39.0,1.7727272727272727,1.5,0.0,,0.0,1.0,Horwitz Defense,Normal,11,3,2026-05-21,0.258819045102521,-0.9659258262890682,0,1,0,True,0.0,loss,True,False,2.3666666666666667,2,0,1,0,13,28,72,False,not_triggered
WJGsoIJA,2026-05-21 11:14:32+00:00,bat1skaf,Worthy59,bat1skaf,black,1-0,loss,,bullet,,Standard,60+0,60.0,0.0,1535.0,1531.0,1535.0,-4.0,69,35,34,49.0,1.4411764705882353,1.0,0.0,,0.0,1.0,Center Game: Paulsen Attack Variation,Normal,11,3,2026-05-21,0.258819045102521,-0.9659258262890682,0,1,0,True,0.0,loss,True,False,1.2166666666666666,3,0,2,0,14,28,72,True,previous_loss + short_break + required_loss_streak
4hd5h6ZO,2026-05-21 11:16:37+00:00,bat1skaf,bat1skaf,msskalpov,white,0-1,loss,,bullet,,Standard,60+0,60.0,0.0,1525.0,1527.0,1527.0,-2.0,52,26,26,32.0,1.2307692307692308,1.0,0.0,0.8119999999999998,0.9615384615384616,1.0,Pirc Defense: Roscher Gambit,Normal,11,3,2026-05-21,0.258819045102521,-0.9659258262890682,0,1,0,True,0.0,loss,True,False,2.0833333333333335,4,0,3,0,15,28,72,True,previous_loss + short_break + required_loss_streak
3iipN0HV,2026-05-21 11:18:01+00:00,bat1skaf,bat1skaf,sdx31,white,0-1,loss,,bullet,,Standard,60+0,60.0,0.0,1520.0,1495.0,1495.0,25.0,34,17,17,19.0,1.1176470588235294,1.0,0.0,,0.0,1.0,Scandinavian Defense: Mieses-Kotroc Variation,Normal,11,3,2026-05-21,0.258819045102521,-0.9659258262890682,0,1,0,True,0.0,loss,True,False,1.4,5,0,4,0,16,28,72,True,previous_loss + short_break + required_loss_streak
XiCAaBY2,2026-05-21 11:18:44+00:00,bat1skaf,Abhishek19,bat1skaf,black,0-1,win,,bullet,,Standard,60+0,60.0,0.0,1515.0,1513.0,1515.0,-2.0,82,41,41,40.0,0.975609756097561,1.0,0.0,,0.0,1.0,Three Knights Opening,Normal,11,3,2026-05-21,0.258819045102521,-0.9659258262890682,1,0,0,True,1.0,loss,True,False,0.7166666666666667,0,1,5,0,17,28,72,True,previous_loss + short_break + required_loss_streak
YtL4BpPv,2026-05-21 11:22:55+00:00,bat1skaf,bat1skaf,sultanAladin12,white,1-0,win,,bullet,,Standard,60+0,60.0,0.0,1519.0,1531.0,1531.0,-12.0,55,28,28,46.0,1.6428571428571428,1.0,0.0,,0.0,1.0,Alekhine Defense,Time forfeit,11,3,2026-05-21,0.258819045102521,-0.9659258262890682,1,0,0,True,1.0,win,False,True,4.183333333333334,0,2,0,1,18,28,72,False,not_triggered
uGn00EH4,2026-05-21 11:25:09+00:00,bat1skaf,EthanAtanOrji,bat1skaf,black,0-1,win,,bullet,,Standard,60+0,60.0,0.0,1562.0,1525.0,1562.0,-37.0,44,22,22,31.0,1.4090909090909092,1.0,0.0,,0.0,1.0,Scotch Game,Time forfeit,11,3,2026-05-21,0.258819045102521,-0.9659258262890682,1,0,0,True,1.0,win,False,True,2.2333333333333334,0,3,0,2,19,28,72,False,not_triggered
R6ZyhJch,2026-05-21 11:27:03+00:00,bat1skaf,bat1skaf,BlackChaos,white,1-0,win,,bullet,,Standard,60+0,60.0,0.0,1532.0,1555.0,1555.0,-23.0,65,33,33,47.0,1.4242424242424243,1.0,0.0,,0.0,1.0,Owen Defense,Normal,11,3,2026-05-21,0.258819045102521,-0.9659258262890682,1,0,0,True,1.0,win,False,True,1.9,0,4,0,3,20,28,72,False,not_triggered
qSr7MGKw,2026-05-21 11:38:44+00:00,bat1skaf,FabioM86,bat1skaf,black,1-0,loss,,bullet,,Standard,60+0,60.0,0.0,1571.0,1538.0,1571.0,-33.0,33,17,16,21.0,1.3125,1.0,0.0,,0.0,1.0,Vienna Game: Max Lange Defense,Normal,11,3,2026-05-21,0.258819045102521,-0.9659258262890682,0,1,0,True,0.0,win,False,True,11.683333333333334,1,0,0,4,21,28,72,False,not_triggered
e86trujs,2026-05-21 11:39:30+00:00,bat1skaf,bat1skaf,Badtripinsochi,white,1-0,win,,bullet,,Standard,60+0,60.0,0.0,1533.0,1591.0,1591.0,-58.0,49,25,25,38.0,1.52,1.0,0.0,,0.0,1.0,Sicilian Defense: Old Sicilian,Normal,11,3,2026-05-21,0.258819045102521,-0.9659258262890682,1,0,0,True,1.0,loss,True,False,0.7666666666666667,0,1,1,0,22,28,72,False,not_triggered
jUmyaQMm,2026-05-21 11:41:23+00:00,bat1skaf,Natsuki_Subaru0,bat1skaf,black,0-1,win,,bullet,,Standard,60+0,60.0,0.0,1484.0,1539.0,1484.0,55.0,42,21,21,25.0,1.1904761904761905,1.0,0.0,,0.0,1.0,Center Game,Normal,11,3,2026-05-21,0.258819045102521,-0.9659258262890682,1,0,0,True,1.0,win,False,True,1.8833333333333333,0,2,0,1,23,28,72,False,not_triggered
ErboTnhz,2026-05-21 11:42:46+00:00,bat1skaf,bat1skaf,Samsurinal,white,0-1,loss,,bullet,,Standard,60+0,60.0,0.0,1544.0,1521.0,1521.0,23.0,108,54,54,59.0,1.0925925925925926,1.0,0.3703703703703703,,0.0,1.0,Caro-Kann Defense,Time forfeit,11,3,2026-05-21,0.258819045102521,-0.9659258262890682,0,1,0,True,0.0,win,False,True,1.3833333333333333,1,0,0,2,24,28,72,False,not_triggered
4GArub0W,2026-05-21 11:45:18+00:00,bat1skaf,leon_1981,bat1skaf,black,1-0,loss,,bullet,,Standard,60+0,60.0,0.0,1571.0,1538.0,1571.0,-33.0,71,36,35,45.0,1.2857142857142858,1.0,0.0,,0.0,1.0,"Rapport-Jobava System, with e6",Normal,11,3,2026-05-21,0.258819045102521,-0.9659258262890682,0,1,0,True,0.0,loss,True,False,2.533333333333333,2,0,1,0,25,28,72,False,not_triggered
21g0a7m8,2026-05-21 11:47:14+00:00,bat1skaf,yoyochess55,bat1skaf,black,1-0,loss,,bullet,,Standard,60+0,60.0,0.0,1539.0,1533.0,1539.0,-6.0,41,21,20,23.0,1.15,1.0,0.0,,0.0,1.0,Ruy Lopez: Berlin Defense,Normal,11,3,2026-05-21,0.258819045102521,-0.9659258262890682,0,1,0,True,0.0,loss,True,False,1.9333333333333333,3,0,2,0,26,28,72,True,previous_loss + short_break + required_loss_streak
LMx1iZtW,2026-05-21 11:48:27+00:00,bat1skaf,bat1skaf,badkommie,white,0-1,loss,,bullet,,Standard,60+0,60.0,0.0,1527.0,1509.0,1509.0,18.0,112,56,56,60.0,1.0714285714285714,1.0,0.3035714285714285,,0.0,1.0,Caro-Kann Defense,Time forfeit,11,3,2026-05-21,0.258819045102521,-0.9659258262890682,0,1,0,True,0.0,loss,True,False,1.2166666666666666,4,0,3,0,27,28,72,True,previous_loss + short_break + required_loss_streak
2FUKUZjF,2026-05-21 11:50:44+00:00,bat1skaf,ravi0121891,bat1skaf,black,0-1,win,,bullet,,Standard,60+0,60.0,0.0,1611.0,1521.0,1611.0,-90.0,62,31,31,39.0,1.2580645161290325,1.0,0.0,,0.0,1.0,King's Gambit Accepted: MacLeod Defense,Time forfeit,11,3,2026-05-21,0.258819045102521,-0.9659258262890682,1,0,0,True,1.0,loss,True,False,2.283333333333333,0,1,4,0,28,28,72,True,previous_loss + short_break + required_loss_streak
LvN4ZnNq,2026-05-21 14:36:25+00:00,bat1skaf,bat1skaf,ugurcaglayan,white,1-0,win,,bullet,,Standard,60+0,60.0,0.0,1529.0,1576.0,1576.0,-47.0,91,46,46,59.0,1.2826086956521738,1.0,0.3260869565217391,,0.0,1.0,Petrov's Defense: Three Knights Game,Time forfeit,14,3,2026-05-21,-0.4999999999999997,-0.8660254037844388,1,0,0,True,1.0,win,False,True,165.68333333333334,0,2,0,1,1,7,73,False,not_triggered
KGESgsuD,2026-05-21 14:39:00+00:00,bat1skaf,bat1skaf,bloodray23,white,0-1,loss,,bullet,,Standard,60+0,60.0,0.0,1535.0,1571.0,1571.0,-36.0,100,50,50,50.0,1.0,1.0,0.02,,0.0,1.0,Scandinavian Defense: Mieses-Kotroc Variation,Normal,14,3,2026-05-21,-0.4999999999999997,-0.8660254037844388,0,1,0,True,0.0,win,False,True,2.5833333333333335,1,0,0,2,2,7,73,False,not_triggered
iWKeHUT3,2026-05-21 14:41:50+00:00,bat1skaf,bat1skaf,konjislav,white,0-1,loss,,bullet,,Standard,60+0,60.0,0.0,1530.0,1495.0,1495.0,35.0,64,32,32,60.0,1.875,1.0,0.21875,,0.0,1.0,Caro-Kann Defense,Time forfeit,14,3,2026-05-21,-0.4999999999999997,-0.8660254037844388,0,1,0,True,0.0,loss,True,False,2.8333333333333335,2,0,1,0,3,7,73,False,not_triggered
du9U4Rvq,2026-05-21 14:43:55+00:00,bat1skaf,Kabir_Ghuge,bat1skaf,black,1-0,loss,,bullet,,Standard,60+0,60.0,0.0,1503.0,1523.0,1503.0,20.0,83,42,41,52.0,1.2682926829268293,1.0,0.2195121951219512,,0.0,1.0,Horwitz Defense,Normal,14,3,2026-05-21,-0.4999999999999997,-0.8660254037844388,0,1,0,True,0.0,loss,True,False,2.0833333333333335,3,0,2,0,4,7,73,True,previous_loss + short_break + required_loss_streak
prnyM14J,2026-05-21 14:46:03+00:00,bat1skaf,bat1skaf,Rufusclutos,white,0-1,loss,,bullet,,Standard,60+0,60.0,0.0,1517.0,1523.0,1523.0,-6.0,54,27,27,57.0,2.111111111111111,2.0,0.1111111111111111,,0.0,1.0,Modern Defense,Normal,14,3,2026-05-21,-0.4999999999999997,-0.8660254037844388,0,1,0,True,0.0,loss,True,False,2.1333333333333333,4,0,3,0,5,7,73,True,previous_loss + short_break + required_loss_streak
7t5RAjJj,2026-05-21 14:48:12+00:00,bat1skaf,nickmike,bat1skaf,black,1-0,loss,,bullet,,Standard,60+0,60.0,0.0,1601.0,1512.0,1601.0,-89.0,57,29,28,57.0,2.0357142857142856,1.5,0.25,1.1557142857142857,1.0,1.0,Danish Gambit,Normal,14,3,2026-05-21,-0.4999999999999997,-0.8660254037844388,0,1,0,True,0.0,loss,True,False,2.15,5,0,4,0,6,7,73,True,previous_loss + short_break + required_loss_streak
Pmn8W3yX,2026-05-21 14:50:00+00:00,bat1skaf,bat1skaf,DGABRAIL,white,0-1,loss,,blitz,,Standard,300+3,300.0,3.0,1333.0,1387.0,1387.0,-54.0,72,36,36,401.0,11.13888888888889,9.0,0.1944444444444444,,0.0,1.0,Philidor Defense,Normal,14,3,2026-05-21,-0.4999999999999997,-0.8660254037844388,0,1,0,True,0.0,loss,True,False,1.8,6,0,5,0,7,7,73,True,previous_loss + short_break + required_loss_streak
PA44lTLZ,2026-05-21 15:46:52+00:00,bat1skaf,whosagoodboy,bat1skaf,black,1-0,loss,,bullet,,Standard,60+0,60.0,0.0,1533.0,1508.0,1533.0,-25.0,63,32,31,60.0,1.935483870967742,2.0,0.2258064516129032,,0.0,1.0,Horwitz Defense,Time forfeit,15,3,2026-05-21,-0.7071067811865471,-0.7071067811865479,0,1,0,True,0.0,loss,True,False,56.86666666666667,7,0,6,0,1,4,74,False,not_triggered
LykzGEj2,2026-05-21 15:48:48+00:00,bat1skaf,pooi,bat1skaf,black,1/2-1/2,draw,,bullet,,Standard,60+0,60.0,0.0,1506.0,1503.0,1506.0,-3.0,59,30,29,31.0,1.0689655172413792,1.0,0.0,,0.0,1.0,English Opening: Agincourt Defense,Normal,15,3,2026-05-21,-0.7071067811865471,-0.7071067811865479,0,0,1,False,0.5,loss,True,False,1.9333333333333333,0,0,7,0,2,4,74,True,previous_loss + short_break + required_loss_streak
caMEiCEa,2026-05-21 15:50:17+00:00,bat1skaf,bat1skaf,erymagoo12,white,0-1,loss,,bullet,,Standard,60+0,60.0,0.0,1503.0,1509.0,1509.0,-6.0,68,34,34,60.0,1.7647058823529411,1.0,0.1764705882352941,,0.0,1.0,Italian Game: Classical Variation,Time forfeit,15,3,2026-05-21,-0.7071067811865471,-0.7071067811865479,0,1,0,True,0.0,draw,False,False,1.4833333333333334,1,0,0,0,3,4,74,False,not_triggered
Ym0qnZ4I,2026-05-21 15:52:21+00:00,bat1skaf,Alhassan00,bat1skaf,black,0-1,win,,bullet,,Standard,60+0,60.0,0.0,1390.0,1497.0,1390.0,107.0,60,30,30,53.0,1.7666666666666666,2.0,0.0666666666666666,,0.0,1.0,"Ruy Lopez: Berlin Defense, Anti-Berlin Variation",Time forfeit,15,3,2026-05-21,-0.7071067811865471,-0.7071067811865479,1,0,0,True,1.0,loss,True,False,2.066666666666667,0,1,1,0,4,4,74,False,not_triggered
dEUsEKmP,2026-05-22 16:20:44+00:00,bat1skaf,R2122207,bat1skaf,black,1-0,loss,,bullet,,Standard,60+0,60.0,0.0,1593.0,1501.0,1593.0,-92.0,73,37,36,59.0,1.6388888888888888,1.0,0.1944444444444444,,0.0,1.0,Hungarian Opening: Catalan Formation,Time forfeit,16,4,2026-05-22,-0.8660254037844385,-0.5000000000000004,0,1,0,True,0.0,win,False,True,1468.3833333333334,1,0,0,1,1,4,75,False,not_triggered
ejaYpvl3,2026-05-22 16:22:50+00:00,bat1skaf,bat1skaf,nfghgg,white,1/2-1/2,draw,,bullet,,Standard,60+0,60.0,0.0,1497.0,1479.0,1479.0,18.0,105,53,53,58.0,1.0943396226415094,1.0,0.3773584905660377,,0.0,1.0,French Defense: Knight Variation,Time forfeit,16,4,2026-05-22,-0.8660254037844385,-0.5000000000000004,0,0,1,False,0.5,loss,True,False,2.1,0,0,1,0,2,4,75,False,not_triggered
DpXMMUQE,2026-05-22 16:25:10+00:00,bat1skaf,bat1skaf,Durdona_2006,white,0-1,loss,,bullet,,Standard,60+0,60.0,0.0,1497.0,1512.0,1512.0,-15.0,36,18,18,23.0,1.2777777777777777,1.0,0.0,,0.0,1.0,Sicilian Defense: Old Sicilian,Normal,16,4,2026-05-22,-0.8660254037844385,-0.5000000000000004,0,1,0,True,0.0,draw,False,False,2.3333333333333335,1,0,0,0,3,4,75,False,not_triggered
1XxHdYml,2026-05-22 16:26:34+00:00,bat1skaf,bat1skaf,mkjn72,white,1-0,win,,blitz,,Standard,300+3,300.0,3.0,1328.0,1314.0,1314.0,14.0,113,57,57,461.0,8.087719298245615,4.0,0.5263157894736842,1.4608928571428572,0.9824561403508772,1.0,"Scandinavian Defense: Main Line, Mieses Variation",Time forfeit,16,4,2026-05-22,-0.8660254037844385,-0.5000000000000004,1,0,0,True,1.0,loss,True,False,1.4,0,1,1,0,4,4,75,False,not_triggered
9vipS5dc,2026-05-22 17:29:58+00:00,bat1skaf,TyTheDuck,bat1skaf,black,1-0,loss,,blitz,,Standard,300+3,300.0,3.0,1364.0,1333.0,1364.0,-31.0,41,21,20,292.0,14.6,14.5,0.0,1.6800000000000002,1.0,1.0,Danish Gambit,Normal,17,4,2026-05-22,-0.9659258262890683,-0.25881904510252063,0,1,0,True,0.0,win,False,True,63.4,1,0,0,1,1,6,76,False,not_triggered
TC0jHGYz,2026-05-22 17:38:07+00:00,bat1skaf,Avoprak,bat1skaf,black,0-1,win,,blitz,,Standard,300+3,300.0,3.0,1326.0,1328.0,1326.0,2.0,146,73,73,482.0,6.602739726027397,4.0,0.3013698630136986,1.2600000000000002,0.9863013698630136,1.0,Center Game: Normal Variation,Normal,17,4,2026-05-22,-0.9659258262890683,-0.25881904510252063,1,0,0,True,1.0,loss,True,False,8.15,0,1,1,0,2,6,76,False,not_triggered
umlsMJs0,2026-05-22 17:57:33+00:00,bat1skaf,bat1skaf,ericjr2,white,0-1,loss,,bullet,,Standard,60+0,60.0,0.0,1491.0,1535.0,1535.0,-44.0,76,38,38,43.0,1.131578947368421,1.0,0.0,,0.0,1.0,Modern Defense,Normal,17,4,2026-05-22,-0.9659258262890683,-0.25881904510252063,0,1,0,True,0.0,win,False,True,19.433333333333334,1,0,0,1,3,6,76,False,not_triggered
bmp4AuRZ,2026-05-22 17:59:42+00:00,bat1skaf,Mohamed078,bat1skaf,black,1-0,loss,,bullet,,Standard,60+0,60.0,0.0,1463.0,1486.0,1463.0,23.0,57,29,28,57.0,2.0357142857142856,2.0,0.2857142857142857,1.3903571428571428,1.0,1.0,Saragossa Opening,Normal,17,4,2026-05-22,-0.9659258262890683,-0.25881904510252063,0,1,0,True,0.0,loss,True,False,2.15,2,0,1,0,4,6,76,False,not_triggered
1z6tKzIA,2026-05-22 18:01:29+00:00,bat1skaf,Comrade_Pupper,bat1skaf,black,0-1,win,,bullet,,Standard,60+0,60.0,0.0,1474.0,1480.0,1474.0,6.0,68,34,34,51.0,1.5,1.0,0.088235294117647,0.4102941176470588,1.0,1.0,English Opening: Agincourt Defense,Time forfeit,18,4,2026-05-22,-1.0,-1.8369701987210297e-16,1,0,0,True,1.0,loss,True,False,1.7833333333333334,0,1,2,0,5,6,76,True,previous_loss + short_break + required_loss_streak
TkM3Y9u4,2026-05-22 18:30:00+00:00,bat1skaf,bat1skaf,CPmishra3,white,0-1,loss,,bullet,,Standard,60+0,60.0,0.0,1486.0,1607.0,1607.0,-121.0,92,46,46,60.0,1.3043478260869563,1.0,0.2391304347826087,,0.0,1.0,Italian Game: Classical Variation,Time forfeit,18,4,2026-05-22,-1.0,-1.8369701987210297e-16,0,1,0,True,0.0,win,False,True,28.516666666666666,1,0,0,1,6,6,76,False,not_triggered
kzFfco1p,2026-05-22 19:10:12+00:00,bat1skaf,ziyayolcu,bat1skaf,black,0-1,win,,blitz,,Standard,300+3,300.0,3.0,1373.0,1334.0,1373.0,-39.0,56,28,28,330.0,11.785714285714286,9.0,0.0,,0.0,1.0,Mieses Opening,Normal,19,4,2026-05-22,-0.9659258262890684,0.2588190451025203,1,0,0,True,1.0,loss,True,False,40.2,0,1,1,0,1,1,77,False,not_triggered
X8iNhdQ8,2026-05-22 19:52:45+00:00,bat1skaf,bat1skaf,Balrog_aka_SD,white,0-1,loss,,bullet,,Standard,60+0,60.0,0.0,1482.0,1492.0,1492.0,-10.0,42,21,21,26.0,1.238095238095238,1.0,0.0,,0.0,1.0,Scandinavian Defense: Modern Variation,Normal,19,4,2026-05-22,-0.9659258262890684,0.2588190451025203,0,1,0,True,0.0,win,False,True,42.55,1,0,0,1,1,18,78,False,not_triggered
N1F4MjPu,2026-05-22 19:53:55+00:00,bat1skaf,bat1skaf,a3axapob,white,1-0,win,,bullet,,Standard,60+0,60.0,0.0,1476.0,1430.0,1430.0,46.0,39,20,20,37.0,1.85,1.0,0.0,1.1705263157894736,0.95,1.0,Petrov's Defense: Stafford Gambit,Time forfeit,19,4,2026-05-22,-0.9659258262890684,0.2588190451025203,1,0,0,True,1.0,loss,True,False,1.1666666666666667,0,1,1,0,2,18,78,False,not_triggered
YfPXTuDA,2026-05-22 19:55:42+00:00,bat1skaf,Sypicoupa,bat1skaf,black,0-1,win,,bullet,,Standard,60+0,60.0,0.0,1514.0,1481.0,1514.0,-33.0,52,26,26,56.0,2.1538461538461537,2.0,0.1923076923076923,,0.0,1.0,Scotch Game: Haxo Gambit,Time forfeit,19,4,2026-05-22,-0.9659258262890684,0.2588190451025203,1,0,0,True,1.0,win,False,True,1.7833333333333334,0,2,0,1,3,18,78,False,not_triggered
7MHPTiyX,2026-05-22 19:58:00+00:00,bat1skaf,bat1skaf,Kronkk,white,1-0,win,,bullet,,Standard,60+0,60.0,0.0,1487.0,1456.0,1456.0,31.0,45,23,23,45.0,1.9565217391304348,2.0,0.0,,0.0,1.0,Scandinavian Defense: Valencian Variation,Normal,19,4,2026-05-22,-0.9659258262890684,0.2588190451025203,1,0,0,True,1.0,win,False,True,2.3,0,3,0,2,4,18,78,False,not_triggered
QZv5Nkv0,2026-05-22 20:02:51+00:00,bat1skaf,pebbleport,bat1skaf,black,1-0,loss,,bullet,,Standard,60+0,60.0,0.0,1513.0,1492.0,1513.0,-21.0,55,28,27,45.0,1.6666666666666667,2.0,0.0,,0.0,1.0,"French Defense: Advance Variation, Nimzowitsch System",Normal,20,4,2026-05-22,-0.8660254037844386,0.5000000000000001,0,1,0,True,0.0,win,False,True,4.85,1,0,0,3,5,18,78,False,not_triggered
nOmOpNBA,2026-05-22 20:04:40+00:00,bat1skaf,Jpizzle1986,bat1skaf,black,0-1,win,,bullet,,Standard,60+0,60.0,0.0,1459.0,1487.0,1459.0,28.0,40,20,20,34.0,1.7,1.0,0.0,,0.0,1.0,King's Pawn Game: Leonardis Variation,Normal,20,4,2026-05-22,-0.8660254037844386,0.5000000000000001,1,0,0,True,1.0,loss,True,False,1.8166666666666667,0,1,1,0,6,18,78,False,not_triggered
y8HTHXhU,2026-05-22 20:05:53+00:00,bat1skaf,bat1skaf,YOEL-UPSJB,white,0-1,loss,,bullet,,Standard,60+0,60.0,0.0,1493.0,1503.0,1503.0,-10.0,106,53,53,44.0,0.8301886792452831,1.0,0.0,,0.0,1.0,Modern Defense,Normal,20,4,2026-05-22,-0.8660254037844386,0.5000000000000001,0,1,0,True,0.0,win,False,True,1.2166666666666666,1,0,0,1,7,18,78,False,not_triggered
pMWNgUxx,2026-05-22 20:07:58+00:00,bat1skaf,bat1skaf,Danasfar92,white,0-1,loss,,bullet,,Standard,60+0,60.0,0.0,1487.0,1495.0,1495.0,-8.0,45,23,23,18.0,0.782608695652174,1.0,0.0,,0.0,1.0,Zukertort Opening: Lemberger Gambit,Normal,20,4,2026-05-22,-0.8660254037844386,0.5000000000000001,0,1,0,True,0.0,loss,True,False,2.0833333333333335,2,0,1,0,8,18,78,False,not_triggered
Pk18Jghs,2026-05-22 20:08:52+00:00,bat1skaf,Pb1972,bat1skaf,black,0-1,win,,bullet,,Standard,60+0,60.0,0.0,1486.0,1481.0,1486.0,-5.0,54,27,27,47.0,1.7407407407407407,2.0,0.0,,0.0,1.0,Queen's Gambit Declined,Time forfeit,20,4,2026-05-22,-0.8660254037844386,0.5000000000000001,1,0,0,True,1.0,loss,True,False,0.9,0,1,2,0,9,18,78,True,previous_loss + short_break + required_loss_streak
KG37xW1j,2026-05-22 20:11:02+00:00,bat1skaf,bat1skaf,VladSitro,white,1-0,win,,bullet,,Standard,60+0,60.0,0.0,1487.0,1515.0,1515.0,-28.0,45,23,23,45.0,1.9565217391304348,2.0,0.0,0.3709090909090908,0.9565217391304348,1.0,"Italian Game: Two Knights Defense, Traxler Counterattack",Time forfeit,20,4,2026-05-22,-0.8660254037844386,0.5000000000000001,1,0,0,True,1.0,win,False,True,2.1666666666666665,0,2,0,1,10,18,78,False,not_triggered
mMQwuw6G,2026-05-22 20:21:49+00:00,bat1skaf,bat1skaf,climbingvanguy,white,1-0,win,,bullet,,Standard,60+0,60.0,0.0,1493.0,1496.0,1496.0,-3.0,67,34,34,54.0,1.588235294117647,1.0,0.0588235294117647,,0.0,1.0,Italian Game: Classical Variation,Normal,20,4,2026-05-22,-0.8660254037844386,0.5000000000000001,1,0,0,True,1.0,win,False,True,10.783333333333333,0,3,0,2,11,18,78,False,not_triggered
5FfWFcAl,2026-05-22 20:24:12+00:00,bat1skaf,negociant,bat1skaf,black,1-0,loss,,blitz,,Standard,300+3,300.0,3.0,1386.0,1341.0,1386.0,-45.0,33,17,16,116.0,7.25,6.5,0.0,,0.0,1.0,Scotch Game,Normal,20,4,2026-05-22,-0.8660254037844386,0.5000000000000001,0,1,0,True,0.0,win,False,True,2.3833333333333333,1,0,0,3,12,18,78,False,not_triggered
uji580z7,2026-05-22 20:28:54+00:00,bat1skaf,bat1skaf,Rafaelht23,white,0-1,loss,,bullet,,Standard,60+0,60.0,0.0,1499.0,1443.0,1443.0,56.0,80,40,40,59.0,1.475,1.0,0.175,,0.0,1.0,Pirc Defense,Time forfeit,20,4,2026-05-22,-0.8660254037844386,0.5000000000000001,0,1,0,True,0.0,loss,True,False,4.7,2,0,1,0,13,18,78,False,not_triggered
nHCb6Heo,2026-05-22 20:31:06+00:00,bat1skaf,Drunk_Mattiaker,bat1skaf,black,0-1,win,,bullet,,Standard,60+0,60.0,0.0,1398.0,1492.0,1398.0,94.0,70,35,35,53.0,1.5142857142857142,1.0,0.0571428571428571,,0.0,1.0,Mieses Opening,Time forfeit,20,4,2026-05-22,-0.8660254037844386,0.5000000000000001,1,0,0,True,1.0,loss,True,False,2.2,0,1,2,0,14,18,78,True,previous_loss + short_break + required_loss_streak
lwscFhbV,2026-05-22 20:33:09+00:00,bat1skaf,Mohammed_Alu,bat1skaf,black,0-1,win,,bullet,,Standard,60+0,60.0,0.0,1504.0,1496.0,1504.0,-8.0,70,35,35,59.0,1.6857142857142855,1.0,0.2,1.8308571428571427,1.0,1.0,Vienna Game: Max Lange Defense,Time forfeit,20,4,2026-05-22,-0.8660254037844386,0.5000000000000001,1,0,0,True,1.0,win,False,True,2.05,0,2,0,1,15,18,78,False,not_triggered
H2am7icQ,2026-05-22 20:35:22+00:00,bat1skaf,bat1skaf,vicmex,white,1-0,win,,bullet,,Standard,60+0,60.0,0.0,1502.0,1442.0,1442.0,60.0,89,45,45,54.0,1.2,1.0,0.0888888888888888,,0.0,1.0,Italian Game: Anti-Fried Liver Defense,Time forfeit,20,4,2026-05-22,-0.8660254037844386,0.5000000000000001,1,0,0,True,1.0,win,False,True,2.216666666666667,0,3,0,2,16,18,78,False,not_triggered
VgXWWvNN,2026-05-22 20:37:39+00:00,bat1skaf,bat1skaf,eeeeeeef,white,0-1,loss,,bullet,,Standard,60+0,60.0,0.0,1507.0,1507.0,1507.0,0.0,60,30,30,51.0,1.7,1.0,0.0333333333333333,,0.0,1.0,Sicilian Defense: French Variation,Normal,20,4,2026-05-22,-0.8660254037844386,0.5000000000000001,0,1,0,True,0.0,win,False,True,2.283333333333333,1,0,0,3,17,18,78,False,not_triggered
bGlWNrV3,2026-05-22 20:40:14+00:00,bat1skaf,chessychevy,bat1skaf,black,1-0,loss,,blitz,,Standard,300+3,300.0,3.0,1318.0,1336.0,1318.0,18.0,45,23,22,320.0,14.545454545454543,12.0,0.0,0.7418181818181818,1.0,1.0,King's Gambit Accepted: Modern Defense,Normal,20,4,2026-05-22,-0.8660254037844386,0.5000000000000001,0,1,0,True,0.0,loss,True,False,2.5833333333333335,2,0,1,0,18,18,78,False,not_triggered
XNLt63Vg,2026-05-22 21:36:50+00:00,bat1skaf,OrlandiKill,bat1skaf,black,1-0,loss,,bullet,,Standard,60+0,60.0,0.0,1433.0,1501.0,1433.0,68.0,47,24,23,38.0,1.6521739130434785,1.0,0.0,,0.0,1.0,Ruy Lopez: Classical Variation,Normal,21,4,2026-05-22,-0.7071067811865477,0.7071067811865474,0,1,0,True,0.0,loss,True,False,56.6,3,0,2,0,1,5,79,False,not_triggered
JjxPUxmB,2026-05-22 21:38:42+00:00,bat1skaf,bat1skaf,ssaaww122,white,0-1,loss,,bullet,,Standard,60+0,60.0,0.0,1495.0,1436.0,1436.0,59.0,86,43,43,60.0,1.3953488372093024,1.0,0.4418604651162791,,0.0,1.0,"Latvian Gambit: Mayet Attack, Polerio-Svedenborg Variation",Time forfeit,21,4,2026-05-22,-0.7071067811865477,0.7071067811865474,0,1,0,True,0.0,loss,True,False,1.8666666666666667,4,0,3,0,2,5,79,True,previous_loss + short_break + required_loss_streak
nL9F1kgS,2026-05-22 21:40:56+00:00,bat1skaf,Dishydammie,bat1skaf,black,0-1,win,,bullet,,Standard,60+0,60.0,0.0,1523.0,1488.0,1523.0,-35.0,54,27,27,41.0,1.5185185185185186,1.0,0.0,,0.0,1.0,Italian Game: Classical Variation,Time forfeit,21,4,2026-05-22,-0.7071067811865477,0.7071067811865474,1,0,0,True,1.0,loss,True,False,2.2333333333333334,0,1,4,0,3,5,79,True,previous_loss + short_break + required_loss_streak
VCU6cLyM,2026-05-22 21:42:52+00:00,bat1skaf,bat1skaf,batupro56,white,1-0,win,,bullet,,Standard,60+0,60.0,0.0,1494.0,1572.0,1572.0,-78.0,97,49,49,58.0,1.2083333333333333,1.0,0.0204081632653061,,0.0,0.979591836734694,Caro-Kann Defense,Time forfeit,21,4,2026-05-22,-0.7071067811865477,0.7071067811865474,1,0,0,True,1.0,win,False,True,1.9333333333333333,0,2,0,1,4,5,79,False,not_triggered
IDzv6joX,2026-05-22 21:45:45+00:00,bat1skaf,mirzabeyyyy,bat1skaf,black,0-1,win,,bullet,,Standard,60+0,60.0,0.0,1494.0,1501.0,1494.0,7.0,74,37,37,60.0,1.6216216216216215,1.0,0.2702702702702703,,0.0,1.0,King's Gambit Accepted: MacLeod Defense,Time forfeit,21,4,2026-05-22,-0.7071067811865477,0.7071067811865474,1,0,0,True,1.0,win,False,True,2.8833333333333333,0,3,0,2,5,5,79,False,not_triggered
nvc7dXJY,2026-05-23 10:06:13+00:00,bat1skaf,bat1skaf,Danger_boy_82,white,1-0,win,,bullet,,Standard,60+0,60.0,0.0,1507.0,1528.0,1528.0,-21.0,99,50,50,48.0,0.96,1.0,0.0,,0.0,1.0,Caro-Kann Defense: Exchange Variation,Time forfeit,10,5,2026-05-23,0.49999999999999994,-0.8660254037844387,1,0,0,True,1.0,win,False,True,740.4666666666667,0,4,0,3,1,7,80,False,not_triggered
siCJCArN,2026-05-23 10:08:20+00:00,bat1skaf,Cheval_de_bois,bat1skaf,black,1-0,loss,,bullet,,Standard,60+0,60.0,0.0,1489.0,1513.0,1489.0,24.0,83,42,41,50.0,1.2195121951219512,1.0,0.0975609756097561,,0.0,1.0,Horwitz Defense,Normal,10,5,2026-05-23,0.49999999999999994,-0.8660254037844387,0,1,0,True,0.0,win,False,True,2.1166666666666667,1,0,0,4,2,7,80,False,not_triggered
NmUZbeCG,2026-05-23 10:10:21+00:00,bat1skaf,bat1skaf,Ranjith_K4,white,1-0,win,,bullet,,Standard,60+0,60.0,0.0,1507.0,1528.0,1528.0,-21.0,47,24,24,39.0,1.625,1.0,0.0,,0.0,1.0,Caro-Kann Defense,Time forfeit,10,5,2026-05-23,0.49999999999999994,-0.8660254037844387,1,0,0,True,1.0,loss,True,False,2.0166666666666666,0,1,1,0,3,7,80,False,not_triggered
X5OTgRQM,2026-05-23 10:12:31+00:00,bat1skaf,Cesarlopezvanega,bat1skaf,black,0-1,win,,blitz,,Standard,300+3,300.0,3.0,1325.0,1330.0,1325.0,5.0,48,24,24,332.0,13.833333333333334,9.0,0.0,0.3570833333333333,1.0,1.0,Scotch Game: Scotch Gambit,Normal,10,5,2026-05-23,0.49999999999999994,-0.8660254037844387,1,0,0,True,1.0,win,False,True,2.1666666666666665,0,2,0,1,4,7,80,False,not_triggered
5adm2hVa,2026-05-23 10:25:13+00:00,bat1skaf,bat1skaf,Karel77K,white,0-1,loss,,bullet,,Standard,60+0,60.0,0.0,1513.0,1566.0,1566.0,-53.0,48,24,24,53.0,2.208333333333333,1.5,0.125,0.6791304347826087,0.9583333333333334,1.0,French Defense: Exchange Variation,Normal,10,5,2026-05-23,0.49999999999999994,-0.8660254037844387,0,1,0,True,0.0,win,False,True,12.7,1,0,0,2,5,7,80,False,not_triggered
Z0yXozUL,2026-05-23 10:27:09+00:00,bat1skaf,Sacrinum,bat1skaf,black,0-1,win,,blitz,,Standard,300+3,300.0,3.0,1245.0,1336.0,1245.0,91.0,33,17,16,133.0,8.3125,3.5,0.0,0.4,1.0,1.0,Four Knights Game: Italian Variation,Normal,10,5,2026-05-23,0.49999999999999994,-0.8660254037844387,1,0,0,True,1.0,loss,True,False,1.9333333333333333,0,1,1,0,6,7,80,False,not_triggered
JK7Qzi3s,2026-05-23 10:32:15+00:00,bat1skaf,shreyan37,bat1skaf,black,1-0,loss,,blitz,,Standard,300+3,300.0,3.0,1367.0,1341.0,1367.0,-26.0,73,37,36,363.0,10.083333333333334,7.0,0.0,0.4380555555555555,1.0,1.0,Four Knights Game: Italian Variation,Normal,10,5,2026-05-23,0.49999999999999994,-0.8660254037844387,0,1,0,True,0.0,win,False,True,5.1,1,0,0,1,7,7,80,False,not_triggered
RbXTNhhk,2026-05-23 11:27:16+00:00,bat1skaf,bat1skaf,only_n1ki,white,1-0,win,,blitz,,Standard,300+3,300.0,3.0,1336.0,1336.0,1336.0,0.0,25,13,13,94.0,7.230769230769231,4.0,0.0,0.1233333333333333,0.9230769230769232,1.0,French Defense: Exchange Variation,Normal,11,5,2026-05-23,0.258819045102521,-0.9659258262890682,1,0,0,True,1.0,loss,True,False,55.016666666666666,0,1,1,0,1,23,81,False,not_triggered
JnSQAaMs,2026-05-23 11:29:38+00:00,bat1skaf,QuietLieet,bat1skaf,black,1/2-1/2,draw,,blitz,,Standard,300+3,300.0,3.0,1281.0,1341.0,1281.0,60.0,127,64,63,464.0,7.365079365079365,5.0,0.365079365079365,0.7380952380952381,1.0,1.0,French Defense: Advance Variation,Normal,11,5,2026-05-23,0.258819045102521,-0.9659258262890682,0,0,1,False,0.5,win,False,True,2.3666666666666667,0,0,0,1,2,23,81,False,not_triggered
eGpbnwmB,2026-05-23 11:47:53+00:00,bat1skaf,bat1skaf,Tufan_MCT,white,0-1,loss,,blitz,,Standard,300+3,300.0,3.0,1340.0,1341.0,1341.0,-1.0,40,20,20,281.0,14.05,9.0,0.0,1.03,0.95,1.0,French Defense: Exchange Variation,Normal,11,5,2026-05-23,0.258819045102521,-0.9659258262890682,0,1,0,True,0.0,draw,False,False,18.25,1,0,0,0,3,23,81,False,not_triggered
MKD1s0xp,2026-05-23 11:55:21+00:00,bat1skaf,williamgrazmann,bat1skaf,black,0-1,win,,blitz,,Standard,300+3,300.0,3.0,1326.0,1334.0,1326.0,8.0,24,12,12,108.0,9.0,6.0,0.0,0.3641666666666667,1.0,1.0,French Defense: Advance Variation,Normal,11,5,2026-05-23,0.258819045102521,-0.9659258262890682,1,0,0,True,1.0,loss,True,False,7.466666666666667,0,1,1,0,4,23,81,False,not_triggered
HOV0b67v,2026-05-23 12:01:07+00:00,bat1skaf,bat1skaf,Justunluck,white,0-1,loss,,blitz,,Standard,300+3,300.0,3.0,1340.0,1335.0,1335.0,5.0,66,33,33,387.0,11.727272727272728,9.0,0.2121212121212121,1.24125,0.9696969696969696,1.0,Owen Defense,Normal,12,5,2026-05-23,1.2246467991473532e-16,-1.0,0,1,0,True,0.0,win,False,True,5.766666666666667,1,0,0,1,5,23,81,False,not_triggered
dYLCNqx6,2026-05-23 12:20:58+00:00,bat1skaf,professorizac,bat1skaf,black,1-0,loss,,bullet,,Standard,60+0,60.0,0.0,1572.0,1508.0,1572.0,-64.0,24,12,12,16.0,1.3333333333333333,1.0,0.0,1.0066666666666666,1.0,1.0,King's Pawn Game: Napoleon Attack,Normal,12,5,2026-05-23,1.2246467991473532e-16,-1.0,0,1,0,True,0.0,loss,True,False,19.85,2,0,1,0,6,23,81,False,not_triggered
pudj0TyF,2026-05-23 12:21:44+00:00,bat1skaf,bat1skaf,joshie1,white,0-1,loss,,bullet,,Standard,60+0,60.0,0.0,1503.0,1597.0,1597.0,-94.0,92,46,46,56.0,1.2173913043478262,1.0,0.2391304347826087,0.548888888888889,0.9782608695652174,1.0,Modern Defense,Normal,12,5,2026-05-23,1.2246467991473532e-16,-1.0,0,1,0,True,0.0,loss,True,False,0.7666666666666667,3,0,2,0,7,23,81,True,previous_loss + short_break + required_loss_streak
uuENIC84,2026-05-23 12:23:49+00:00,bat1skaf,bat1skaf,Syfrrh100,white,0-1,loss,,bullet,,Standard,60+0,60.0,0.0,1499.0,1454.0,1454.0,45.0,102,51,51,60.0,1.1764705882352942,1.0,0.2352941176470588,0.6958,0.9803921568627452,1.0,Philidor Defense,Time forfeit,12,5,2026-05-23,1.2246467991473532e-16,-1.0,0,1,0,True,0.0,loss,True,False,2.0833333333333335,4,0,3,0,8,23,81,True,previous_loss + short_break + required_loss_streak
oMSv6RZi,2026-05-23 12:26:09+00:00,bat1skaf,Wanlance,bat1skaf,black,0-1,win,,bullet,,Standard,60+0,60.0,0.0,1493.0,1492.0,1493.0,-1.0,78,39,39,46.0,1.1794871794871795,1.0,0.0,0.2582051282051281,1.0,1.0,Van't Kruijs Opening,Time forfeit,12,5,2026-05-23,1.2246467991473532e-16,-1.0,1,0,0,True,1.0,loss,True,False,2.3333333333333335,0,1,4,0,9,23,81,True,previous_loss + short_break + required_loss_streak
voumFkhr,2026-05-23 12:28:13+00:00,bat1skaf,monta_1973,bat1skaf,black,0-1,win,,bullet,,Standard,60+0,60.0,0.0,1465.0,1498.0,1465.0,33.0,58,29,29,51.0,1.7586206896551724,2.0,0.0689655172413793,,0.0,1.0,English Opening: Agincourt Defense,Time forfeit,12,5,2026-05-23,1.2246467991473532e-16,-1.0,1,0,0,True,1.0,win,False,True,2.066666666666667,0,2,0,1,10,23,81,False,not_triggered
hngnIwWl,2026-05-23 12:30:35+00:00,bat1skaf,bat1skaf,Abaky,white,0-1,loss,,bullet,,Standard,60+0,60.0,0.0,1503.0,1508.0,1508.0,-5.0,108,54,54,58.0,1.0740740740740742,1.0,0.3703703703703703,,0.0,1.0,Petrov's Defense,Normal,12,5,2026-05-23,1.2246467991473532e-16,-1.0,0,1,0,True,0.0,win,False,True,2.3666666666666667,1,0,0,2,11,23,81,False,not_triggered
UoQ6VDlL,2026-05-23 12:32:51+00:00,bat1skaf,hash0x,bat1skaf,black,1-0,loss,,bullet,,Standard,60+0,60.0,0.0,1597.0,1498.0,1597.0,-99.0,57,29,28,41.0,1.4642857142857142,1.0,0.0,,0.0,1.0,Nimzo-Larsen Attack,Normal,12,5,2026-05-23,1.2246467991473532e-16,-1.0,0,1,0,True,0.0,loss,True,False,2.2666666666666666,2,0,1,0,12,23,81,False,not_triggered
JbnZGnxP,2026-05-23 12:34:55+00:00,bat1skaf,bat1skaf,Nevercrusade,white,0-1,loss,,bullet,,Standard,60+0,60.0,0.0,1494.0,1510.0,1510.0,-16.0,114,57,57,60.0,1.0526315789473684,1.0,0.1929824561403508,,0.0,1.0,Scandinavian Defense: Mieses-Kotroc Variation,Time forfeit,12,5,2026-05-23,1.2246467991473532e-16,-1.0,0,1,0,True,0.0,loss,True,False,2.066666666666667,3,0,2,0,13,23,81,True,previous_loss + short_break + required_loss_streak
Mf63WJfk,2026-05-23 12:36:48+00:00,bat1skaf,bat1skaf,Meemeemeemeem,white,1-0,win,,bullet,,Standard,60+0,60.0,0.0,1488.0,1506.0,1506.0,-18.0,75,38,38,48.0,1.263157894736842,1.0,0.0,,0.0,1.0,Ponziani Opening: Neumann Gambit,Time forfeit,12,5,2026-05-23,1.2246467991473532e-16,-1.0,1,0,0,True,1.0,loss,True,False,1.8833333333333333,0,1,3,0,14,23,81,True,previous_loss + short_break + required_loss_streak
nt5QI3dp,2026-05-23 12:38:48+00:00,bat1skaf,bat1skaf,lTheHoundl,white,1-0,win,,bullet,,Standard,60+0,60.0,0.0,1494.0,1438.0,1438.0,56.0,71,36,36,53.0,1.4722222222222223,1.0,0.1388888888888889,,0.0,1.0,Philidor Defense: Exchange Variation,Time forfeit,12,5,2026-05-23,1.2246467991473532e-16,-1.0,1,0,0,True,1.0,win,False,True,2.0,0,2,0,1,15,23,81,False,not_triggered
v5AQU2ql,2026-05-23 12:42:14+00:00,bat1skaf,onlyKx,bat1skaf,black,1-0,loss,,bullet,,Standard,60+0,60.0,0.0,1519.0,1499.0,1519.0,-20.0,43,22,21,35.0,1.6666666666666667,2.0,0.0,1.12,1.0,1.0,French Defense: Steinitz Attack,Normal,12,5,2026-05-23,1.2246467991473532e-16,-1.0,0,1,0,True,0.0,win,False,True,3.433333333333333,1,0,0,2,16,23,81,False,not_triggered
NBRNGDnT,2026-05-23 12:43:56+00:00,bat1skaf,xuen0718,bat1skaf,black,1-0,loss,,bullet,,Standard,60+0,60.0,0.0,1416.0,1493.0,1416.0,77.0,117,59,58,60.0,1.0344827586206895,1.0,0.5689655172413793,,0.0,1.0,Sicilian Defense: Marshall Counterattack,Time forfeit,12,5,2026-05-23,1.2246467991473532e-16,-1.0,0,1,0,True,0.0,loss,True,False,1.7,2,0,1,0,17,23,81,False,not_triggered
zbN5H2nW,2026-05-23 12:46:14+00:00,bat1skaf,bat1skaf,abutoto,white,1-0,win,,bullet,,Standard,60+0,60.0,0.0,1487.0,1465.0,1465.0,22.0,67,34,34,38.0,1.1176470588235294,1.0,0.0,,0.0,1.0,Scandinavian Defense: Main Line,Time forfeit,12,5,2026-05-23,1.2246467991473532e-16,-1.0,1,0,0,True,1.0,loss,True,False,2.3,0,1,2,0,18,23,81,True,previous_loss + short_break + required_loss_streak
r0zvOYyD,2026-05-23 12:48:20+00:00,bat1skaf,liberkuhn,bat1skaf,black,1-0,loss,,bullet,,Standard,60+0,60.0,0.0,1527.0,1492.0,1527.0,-35.0,105,53,52,44.0,0.8461538461538461,1.0,0.0,,0.0,1.0,Horwitz Defense,Normal,12,5,2026-05-23,1.2246467991473532e-16,-1.0,0,1,0,True,0.0,win,False,True,2.1,1,0,0,1,19,23,81,False,not_triggered
j2VRETsx,2026-05-23 12:50:21+00:00,bat1skaf,bat1skaf,magoo4ify,white,1-0,win,,bullet,,Standard,60+0,60.0,0.0,1487.0,1560.0,1560.0,-73.0,47,24,24,42.0,1.75,1.0,0.0,,0.0,1.0,St. George Defense,Time forfeit,12,5,2026-05-23,1.2246467991473532e-16,-1.0,1,0,0,True,1.0,loss,True,False,2.0166666666666666,0,1,1,0,20,23,81,False,not_triggered
lp0lVuwE,2026-05-23 12:54:48+00:00,bat1skaf,bat1skaf,fletox,white,0-1,loss,,bullet,,Standard,60+0,60.0,0.0,1494.0,1527.0,1527.0,-33.0,74,37,37,51.0,1.3783783783783785,1.0,0.054054054054054,1.0769444444444445,0.972972972972973,1.0,Sicilian Defense: Open,Normal,12,5,2026-05-23,1.2246467991473532e-16,-1.0,0,1,0,True,0.0,win,False,True,4.45,1,0,0,1,21,23,81,False,not_triggered
sXV1wccy,2026-05-23 12:56:57+00:00,bat1skaf,Trufaux,bat1skaf,black,1-0,loss,,bullet,,Standard,60+0,60.0,0.0,1445.0,1488.0,1445.0,43.0,71,36,35,46.0,1.3142857142857145,1.0,0.0,,0.0,1.0,French Defense: Exchange Variation,Normal,12,5,2026-05-23,1.2246467991473532e-16,-1.0,0,1,0,True,0.0,loss,True,False,2.15,2,0,1,0,22,23,81,False,not_triggered
yAulDFpr,2026-05-23 12:58:56+00:00,bat1skaf,bat1skaf,Bratgnu,white,0-1,loss,,bullet,,Standard,60+0,60.0,0.0,1482.0,1426.0,1426.0,56.0,68,34,34,34.0,1.0,1.0,0.0,,0.0,1.0,Caro-Kann Defense: Exchange Variation,Normal,12,5,2026-05-23,1.2246467991473532e-16,-1.0,0,1,0,True,0.0,loss,True,False,1.9833333333333334,3,0,2,0,23,23,81,True,previous_loss + short_break + required_loss_streak
ylcreniH,2026-05-23 14:01:13+00:00,bat1skaf,king_of_kubernetes,bat1skaf,black,1-0,loss,,bullet,,Standard,60+0,60.0,0.0,1466.0,1475.0,1466.0,9.0,41,21,20,31.0,1.55,1.0,0.0,,0.0,1.0,English Opening: Agincourt Defense,Normal,14,5,2026-05-23,-0.4999999999999997,-0.8660254037844388,0,1,0,True,0.0,loss,True,False,62.28333333333333,4,0,3,0,1,4,82,False,not_triggered
G61Hrx2k,2026-05-23 14:03:25+00:00,bat1skaf,bmc-rc,bat1skaf,black,1-0,loss,,blitz,,Standard,300+3,300.0,3.0,1392.0,1334.0,1392.0,-58.0,61,31,30,385.0,12.833333333333334,7.5,0.3,,0.0,1.0,Italian Game: Classical Variation,Time forfeit,14,5,2026-05-23,-0.4999999999999997,-0.8660254037844388,0,1,0,True,0.0,loss,True,False,2.2,5,0,4,0,2,4,82,True,previous_loss + short_break + required_loss_streak
rUcQxd0q,2026-05-23 14:22:31+00:00,bat1skaf,PatriKarp,bat1skaf,black,0-1,win,,bullet,,Standard,60+0,60.0,0.0,1473.0,1470.0,1473.0,-3.0,72,36,36,48.0,1.3333333333333333,1.0,0.0,,0.0,1.0,Horwitz Defense,Time forfeit,14,5,2026-05-23,-0.4999999999999997,-0.8660254037844388,1,0,0,True,1.0,loss,True,False,19.1,0,1,5,0,3,4,82,False,not_triggered
aWwzuVkN,2026-05-23 14:24:40+00:00,bat1skaf,bat1skaf,iso2021,white,1-0,win,,blitz,,Standard,300+3,300.0,3.0,1330.0,1357.0,1357.0,-27.0,105,53,53,429.0,8.09433962264151,7.0,0.1132075471698113,,0.0,1.0,Italian Game: Classical Variation,Normal,14,5,2026-05-23,-0.4999999999999997,-0.8660254037844388,1,0,0,True,1.0,win,False,True,2.15,0,2,0,1,4,4,82,False,not_triggered
KY9EXxYN,2026-05-24 19:30:30+00:00,bat1skaf,bat1skaf,smokke,white,0-1,loss,,bullet,,Standard,60+0,60.0,0.0,1476.0,1469.0,1469.0,7.0,56,28,28,46.0,1.6428571428571428,1.0,0.0,,0.0,1.0,Caro-Kann Defense: Exchange Variation,Normal,19,6,2026-05-24,-0.9659258262890684,0.2588190451025203,0,1,0,True,0.0,win,False,True,1745.8333333333333,1,0,0,2,1,3,83,False,not_triggered
gZJL6e6c,2026-05-24 19:33:22+00:00,bat1skaf,LarsOy,bat1skaf,black,1-0,loss,,blitz,,Standard,300+3,300.0,3.0,1351.0,1336.0,1351.0,-15.0,61,31,30,371.0,12.366666666666667,10.5,0.2,,0.0,1.0,"Rapport-Jobava System, with e6",Normal,19,6,2026-05-24,-0.9659258262890684,0.2588190451025203,0,1,0,True,0.0,loss,True,False,2.8666666666666667,2,0,1,0,2,3,83,False,not_triggered
HV4WPTRM,2026-05-24 19:43:25+00:00,bat1skaf,bat1skaf,lfcmoraes,white,1-0,win,,rapid,,Standard,600+0,600.0,0.0,1494.0,1536.0,1536.0,-42.0,77,39,39,369.0,9.461538461538462,7.0,0.0,0.6363157894736842,0.9743589743589745,1.0,"Caro-Kann Defense: Advance Variation, Botvinnik-Carls Defense",Normal,19,6,2026-05-24,-0.9659258262890684,0.2588190451025203,1,0,0,True,1.0,loss,True,False,10.05,0,1,2,0,3,3,83,False,not_triggered
aTDnZpdS,2026-05-24 20:26:51+00:00,bat1skaf,the-grizzly-bear,bat1skaf,black,0-1,win,,blitz,,Standard,300+3,300.0,3.0,1382.0,1330.0,1382.0,-52.0,32,16,16,146.0,9.125,4.5,0.0,,0.0,1.0,Queen's Gambit Declined: Tarrasch Defense,Normal,20,6,2026-05-24,-0.8660254037844386,0.5000000000000001,1,0,0,True,1.0,win,False,True,43.43333333333333,0,2,0,1,1,1,84,False,not_triggered
VJBzUQQQ,2026-05-24 21:28:16+00:00,bat1skaf,bat1skaf,fobby___bischer,white,0-1,loss,,rapid,,Standard,600+0,600.0,0.0,1560.0,1520.0,1520.0,40.0,54,27,27,373.0,13.814814814814817,11.0,0.0,0.5884615384615384,0.9629629629629628,1.0,Sicilian Defense: Old Sicilian,Normal,21,6,2026-05-24,-0.7071067811865477,0.7071067811865474,0,1,0,True,0.0,win,False,True,61.416666666666664,1,0,0,2,1,5,85,False,not_triggered
33j1Q8wG,2026-05-24 21:38:52+00:00,bat1skaf,bat1skaf,RsPel,white,1-0,win,,blitz,,Standard,300+3,300.0,3.0,1337.0,1311.0,1311.0,26.0,83,42,42,412.0,9.80952380952381,5.0,0.3571428571428571,0.4692682926829268,0.9761904761904762,1.0,Italian Game: Paris Defense,Normal,21,6,2026-05-24,-0.7071067811865477,0.7071067811865474,1,0,0,True,1.0,loss,True,False,10.6,0,1,1,0,2,5,85,False,not_triggered
b78DEHmS,2026-05-24 21:55:12+00:00,bat1skaf,Trauco00,bat1skaf,black,0-1,win,,blitz,,Standard,300+3,300.0,3.0,1277.0,1342.0,1277.0,65.0,78,39,39,309.0,7.923076923076923,5.0,0.0,0.2151282051282051,1.0,1.0,French Defense: Advance Variation,Normal,21,6,2026-05-24,-0.7071067811865477,0.7071067811865474,1,0,0,True,1.0,win,False,True,16.333333333333332,0,2,0,1,3,5,85,False,not_triggered
PG595XjP,2026-05-24 22:09:52+00:00,bat1skaf,Gerald_Asamoah,bat1skaf,black,0-1,win,,blitz,,Standard,300+3,300.0,3.0,1297.0,1347.0,1297.0,50.0,94,47,47,434.0,9.23404255319149,4.0,0.574468085106383,0.4997872340425532,1.0,1.0,King's Pawn Game: Wayward Queen Attack,Time forfeit,22,6,2026-05-24,-0.5000000000000004,0.8660254037844384,1,0,0,True,1.0,win,False,True,14.666666666666666,0,3,0,2,4,5,85,False,not_triggered
Uph5K69d,2026-05-24 22:27:42+00:00,bat1skaf,bat1skaf,Tau1788,white,0-1,loss,,blitz,,Standard,300+3,300.0,3.0,1352.0,1319.0,1319.0,33.0,102,51,51,334.0,6.549019607843137,4.0,0.0,0.4013999999999999,0.9803921568627452,1.0,"Italian Game: Two Knights Defense, Knight Attack, Normal Variation",Normal,22,6,2026-05-24,-0.5000000000000004,0.8660254037844384,0,1,0,True,0.0,win,False,True,17.833333333333332,1,0,0,3,5,5,85,False,not_triggered
4cRlEDCS,2026-05-25 15:22:02+00:00,bat1skaf,MusaPodgorica,bat1skaf,black,1-0,loss,,blitz,,Standard,300+3,300.0,3.0,1369.0,1346.0,1369.0,-23.0,51,26,25,312.0,12.48,10.0,0.0,,0.0,1.0,Hungarian Opening: Catalan Formation,Normal,15,0,2026-05-25,-0.7071067811865471,-0.7071067811865479,0,1,0,True,0.0,loss,True,False,1014.3333333333334,2,0,1,0,1,3,86,False,not_triggered
HyHmfKKC,2026-05-25 15:31:10+00:00,bat1skaf,Arunkumar2514,bat1skaf,black,1-0,loss,,rapid,,Standard,600+0,600.0,0.0,1387.0,1501.0,1387.0,114.0,105,53,52,597.0,11.48076923076923,8.0,0.2115384615384615,0.4042307692307692,1.0,1.0,Italian Game: Classical Variation,Time forfeit,15,0,2026-05-25,-0.7071067811865471,-0.7071067811865479,0,1,0,True,0.0,loss,True,False,9.133333333333333,3,0,2,0,2,3,86,False,not_triggered
W4795vA7,2026-05-25 15:49:07+00:00,bat1skaf,bat1skaf,LeoBritto,white,1/2-1/2,draw,,rapid,,Standard,600+0,600.0,0.0,1444.0,1435.0,1435.0,9.0,70,35,35,440.0,12.571428571428571,10.0,0.0,,0.0,1.0,King's Pawn Game: Damiano Defense,Normal,15,0,2026-05-25,-0.7071067811865471,-0.7071067811865479,0,0,1,False,0.5,loss,True,False,17.95,0,0,3,0,3,3,86,False,not_triggered
sbplTQFE,2026-05-25 16:52:59+00:00,bat1skaf,TK-591,bat1skaf,black,0-1,win,,rapid,,Standard,600+0,600.0,0.0,1570.0,1441.0,1570.0,-129.0,65,33,32,500.0,15.625,13.5,0.0,1.090625,1.0,1.0,Scotch Game: Haxo Gambit,Normal,16,0,2026-05-25,-0.8660254037844385,-0.5000000000000004,1,0,0,True,1.0,draw,False,False,63.86666666666667,0,1,0,0,1,2,87,False,not_triggered
5bdLGKsc,2026-05-25 17:06:46+00:00,bat1skaf,bat1skaf,arunavsahu,white,0-1,loss,,blitz,,Standard,300+3,300.0,3.0,1340.0,1346.0,1346.0,-6.0,46,23,23,258.0,11.217391304347826,10.0,0.0,,0.0,1.0,Italian Game: Hungarian Defense,Normal,17,0,2026-05-25,-0.9659258262890683,-0.25881904510252063,0,1,0,True,0.0,win,False,True,13.783333333333333,1,0,0,1,2,2,87,False,not_triggered
WLttVntp,2026-05-25 20:03:45+00:00,bat1skaf,bat1skaf,zoufik,white,1-0,win,,bullet,,Standard,60+0,60.0,0.0,1470.0,1433.0,1433.0,37.0,95,48,48,56.0,1.1666666666666667,1.0,0.3125,,0.0,1.0,King's Pawn Game,Time forfeit,20,0,2026-05-25,-0.8660254037844386,0.5000000000000001,1,0,0,True,1.0,loss,True,False,176.98333333333332,0,1,1,0,1,1,88,False,not_triggered
Rfb71YE3,2026-05-25 22:16:20+00:00,bat1skaf,Elkku48,bat1skaf,black,1-0,loss,,blitz,,Standard,300+3,300.0,3.0,1377.0,1335.0,1377.0,-42.0,23,12,11,104.0,9.454545454545457,5.0,0.0,,0.0,1.0,Vienna Game: Max Lange Defense,Normal,22,0,2026-05-25,-0.5000000000000004,0.8660254037844384,0,1,0,True,0.0,win,False,True,132.58333333333334,1,0,0,1,1,2,89,False,not_triggered
aOqngw8i,2026-05-25 22:22:15+00:00,bat1skaf,bat1skaf,christusik,white,0-1,loss,,blitz,,Standard,300+3,300.0,3.0,1330.0,1273.0,1273.0,57.0,68,34,34,362.0,10.647058823529411,7.0,0.0,,0.0,1.0,French Defense: Exchange Variation,Normal,22,0,2026-05-25,-0.5000000000000004,0.8660254037844384,0,1,0,True,0.0,loss,True,False,5.916666666666667,2,0,1,0,2,2,89,False,not_triggered
MgOxCtIi,2026-05-26 15:07:06+00:00,bat1skaf,SurajK888,bat1skaf,black,1-0,loss,,blitz,,Standard,300+3,300.0,3.0,1356.0,1323.0,1356.0,-33.0,36,18,18,104.0,5.777777777777778,3.5,0.0,,0.0,1.0,Horwitz Defense,Normal,15,1,2026-05-26,-0.7071067811865471,-0.7071067811865479,0,1,0,True,0.0,loss,True,False,1004.85,3,0,2,0,1,4,90,False,not_triggered
gZdHjqxq,2026-05-26 15:10:15+00:00,bat1skaf,FChico21,bat1skaf,black,0-1,win,,blitz,,Standard,300+3,300.0,3.0,1307.0,1318.0,1307.0,11.0,74,37,37,330.0,8.91891891891892,6.0,0.0,,0.0,1.0,Queen's Gambit Declined,Normal,15,1,2026-05-26,-0.7071067811865471,-0.7071067811865479,1,0,0,True,1.0,loss,True,False,3.15,0,1,3,0,2,4,90,True,previous_loss + short_break + required_loss_streak
V9EKwMVZ,2026-05-26 15:18:02+00:00,bat1skaf,bat1skaf,Erakmur,white,1-0,win,,blitz,,Standard,300+3,300.0,3.0,1324.0,1309.0,1309.0,15.0,59,30,30,349.0,11.633333333333333,6.5,0.0,0.9372413793103448,0.9666666666666668,1.0,Pirc Defense: Classical Variation,Time forfeit,15,1,2026-05-26,-0.7071067811865471,-0.7071067811865479,1,0,0,True,1.0,win,False,True,7.783333333333333,0,2,0,1,3,4,90,False,not_triggered
7H0dULhz,2026-05-26 15:30:51+00:00,bat1skaf,bat1skaf,dearraheelahmad,white,0-1,loss,,blitz,,Standard,300+3,300.0,3.0,1329.0,1331.0,1331.0,-2.0,56,28,28,252.0,9.0,7.5,0.0,,0.0,1.0,Philidor Defense,Normal,15,1,2026-05-26,-0.7071067811865471,-0.7071067811865479,0,1,0,True,0.0,win,False,True,12.816666666666666,1,0,0,2,4,4,90,False,not_triggered
Cr0tTHyZ,2026-05-27 09:45:38+00:00,bat1skaf,Pharmacy1337,bat1skaf,black,1-0,loss,,blitz,,Standard,300+3,300.0,3.0,1296.0,1323.0,1296.0,27.0,48,24,24,212.0,8.833333333333334,5.0,0.0,0.8425000000000001,1.0,1.0,English Opening: Agincourt Defense,Normal,9,2,2026-05-27,0.7071067811865476,-0.7071067811865475,0,1,0,True,0.0,loss,True,False,1094.7833333333333,2,0,1,0,1,3,91,False,not_triggered
8LQqRnZX,2026-05-27 09:52:59+00:00,bat1skaf,Asmode0,bat1skaf,black,1-0,loss,,blitz,,Standard,300+3,300.0,3.0,1372.0,1317.0,1372.0,-55.0,53,27,26,278.0,10.692307692307692,11.0,0.0,,0.0,1.0,Italian Game: Classical Variation,Normal,9,2,2026-05-27,0.7071067811865476,-0.7071067811865475,0,1,0,True,0.0,loss,True,False,7.35,3,0,2,0,2,3,91,False,not_triggered
d51poFGd,2026-05-27 10:01:49+00:00,bat1skaf,bat1skaf,Royalyu,white,1-0,win,,blitz,,Standard,300+3,300.0,3.0,1312.0,1272.0,1272.0,40.0,47,24,24,266.0,11.083333333333334,8.0,0.0,,0.0,1.0,Italian Game: Classical Variation,Normal,10,2,2026-05-27,0.49999999999999994,-0.8660254037844387,1,0,0,True,1.0,loss,True,False,8.833333333333334,0,1,3,0,3,3,91,False,not_triggered
GabsZY53,2026-05-29 11:18:56+00:00,bat1skaf,bat1skaf,dopravce,white,1-0,win,,blitz,,Standard,300+3,300.0,3.0,1317.0,1311.0,1311.0,6.0,75,38,38,392.0,10.31578947368421,6.5,0.0526315789473684,0.3194594594594594,0.9736842105263158,1.0,Caro-Kann Defense: Advance Variation,Time forfeit,11,4,2026-05-29,0.258819045102521,-0.9659258262890682,1,0,0,True,1.0,win,False,True,2957.116666666667,0,2,0,1,1,4,92,False,not_triggered
EGokjbAt,2026-05-29 11:34:14+00:00,bat1skaf,bat1skaf,bmc-rc,white,1-0,win,,blitz,,Standard,300+3,300.0,3.0,1323.0,1390.0,1390.0,-67.0,91,46,46,421.0,9.152173913043478,3.5,0.4565217391304347,0.8004444444444444,0.9782608695652174,1.0,French Defense: Exchange Variation,Normal,11,4,2026-05-29,0.258819045102521,-0.9659258262890682,1,0,0,True,1.0,win,False,True,15.3,0,3,0,2,2,4,92,False,not_triggered
z4En0K5B,2026-05-29 11:48:37+00:00,bat1skaf,vkolt,bat1skaf,black,1-0,loss,,blitz,,Standard,300+3,300.0,3.0,1346.0,1330.0,1346.0,-16.0,67,34,33,353.0,10.696969696969695,7.0,0.0,,0.0,1.0,Four Knights Game: Halloween Gambit,Normal,11,4,2026-05-29,0.258819045102521,-0.9659258262890682,0,1,0,True,0.0,win,False,True,14.383333333333333,1,0,0,3,3,4,92,False,not_triggered
31VmVvtZ,2026-05-29 11:58:20+00:00,bat1skaf,bat1skaf,Orcanius,white,0-1,loss,,blitz,,Standard,300+3,300.0,3.0,1324.0,1369.0,1369.0,-45.0,46,23,23,271.0,11.782608695652174,7.0,0.0,,0.0,1.0,Italian Game: Classical Variation,Normal,11,4,2026-05-29,0.258819045102521,-0.9659258262890682,0,1,0,True,0.0,loss,True,False,9.716666666666667,2,0,1,0,4,4,92,False,not_triggered
5bZjLCGH,2026-05-29 13:47:09+00:00,bat1skaf,sergeyvprokof,bat1skaf,black,0-1,win,,blitz,,Standard,300+3,300.0,3.0,1338.0,1319.0,1338.0,-19.0,58,29,29,382.0,13.172413793103448,6.0,0.1379310344827586,1.6272413793103448,1.0,1.0,Italian Game: Evans Gambit Accepted,Time forfeit,13,4,2026-05-29,-0.2588190451025208,-0.9659258262890683,1,0,0,True,1.0,loss,True,False,108.81666666666666,0,1,2,0,1,6,93,False,not_triggered
ID9fhXmC,2026-05-29 14:02:14+00:00,bat1skaf,Srknn01,bat1skaf,black,1-0,loss,,blitz,,Standard,300+3,300.0,3.0,1342.0,1326.0,1342.0,-16.0,59,30,29,376.0,12.96551724137931,9.0,0.1034482758620689,0.5882758620689654,1.0,1.0,Italian Game: Giuoco Piano,Normal,14,4,2026-05-29,-0.4999999999999997,-0.8660254037844388,0,1,0,True,0.0,win,False,True,15.083333333333334,1,0,0,1,2,6,93,False,not_triggered
uMrnsVhz,2026-05-29 14:13:55+00:00,bat1skaf,romanXak,bat1skaf,black,0-1,win,,blitz,,Standard,300+3,300.0,3.0,1302.0,1320.0,1302.0,18.0,48,24,24,227.0,9.458333333333334,7.5,0.0,0.2716666666666666,1.0,1.0,"French Defense: Classical Variation, Steinitz Variation",Normal,14,4,2026-05-29,-0.4999999999999997,-0.8660254037844388,1,0,0,True,1.0,loss,True,False,11.683333333333334,0,1,1,0,3,6,93,False,not_triggered
lejbrJWq,2026-05-29 14:26:55+00:00,bat1skaf,bat1skaf,finomartino,white,0-1,loss,,blitz,,Standard,300+3,300.0,3.0,1326.0,1331.0,1331.0,-5.0,105,53,53,396.0,7.471698113207547,3.0,0.1886792452830188,,0.0,1.0,Sicilian Defense: Old Sicilian,Normal,14,4,2026-05-29,-0.4999999999999997,-0.8660254037844388,0,1,0,True,0.0,win,False,True,13.0,1,0,0,1,4,6,93,False,not_triggered
n8uKASt3,2026-05-29 14:38:01+00:00,bat1skaf,bat1skaf,cbforce,white,1/2-1/2,draw,,blitz,,Standard,300+3,300.0,3.0,1320.0,1411.0,1411.0,-91.0,117,59,59,467.0,7.915254237288136,5.0,0.1525423728813559,,0.0,1.0,Scandinavian Defense: Valencian Variation,Normal,14,4,2026-05-29,-0.4999999999999997,-0.8660254037844388,0,0,1,False,0.5,loss,True,False,11.1,0,0,1,0,5,6,93,False,not_triggered
GMthodlc,2026-05-29 14:49:51+00:00,bat1skaf,DANIK1987,bat1skaf,black,0-1,win,,blitz,,Standard,300+3,300.0,3.0,1318.0,1322.0,1318.0,4.0,68,34,34,354.0,10.411764705882351,6.0,0.0,0.548235294117647,1.0,1.0,Danish Gambit,Normal,14,4,2026-05-29,-0.4999999999999997,-0.8660254037844388,1,0,0,True,1.0,draw,False,False,11.833333333333334,0,1,0,0,6,6,93,False,not_triggered
o2bvlBb9,2026-05-29 15:24:20+00:00,bat1skaf,bat1skaf,luigui_2025,white,1-0,win,,blitz,,Standard,300+3,300.0,3.0,1327.0,1336.0,1336.0,-9.0,55,28,28,369.0,13.178571428571429,6.5,0.2857142857142857,0.6107692307692307,0.9285714285714286,1.0,"Italian Game: Two Knights Defense, Traxler Counterattack",Normal,15,4,2026-05-29,-0.7071067811865471,-0.7071067811865479,1,0,0,True,1.0,win,False,True,34.483333333333334,0,2,0,1,1,4,94,False,not_triggered
b1hrDRg1,2026-05-29 15:39:41+00:00,bat1skaf,upiter-2023,bat1skaf,black,1-0,loss,,blitz,,Standard,300+3,300.0,3.0,1407.0,1333.0,1407.0,-74.0,35,18,17,201.0,11.823529411764708,9.0,0.0,0.441764705882353,1.0,1.0,Four Knights Game: Italian Variation,Normal,15,4,2026-05-29,-0.7071067811865471,-0.7071067811865479,0,1,0,True,0.0,win,False,True,15.35,1,0,0,2,2,4,94,False,not_triggered
9ZFgyN1f,2026-05-29 15:47:02+00:00,bat1skaf,ahmtkaya,bat1skaf,black,0-1,win,,blitz,,Standard,300+3,300.0,3.0,1314.0,1329.0,1314.0,15.0,42,21,21,171.0,8.142857142857142,4.0,0.0,0.5633333333333332,1.0,1.0,Horwitz Defense,Normal,15,4,2026-05-29,-0.7071067811865471,-0.7071067811865479,1,0,0,True,1.0,loss,True,False,7.35,0,1,1,0,3,4,94,False,not_triggered
i1CE7RDv,2026-05-29 15:53:35+00:00,bat1skaf,bat1skaf,derbananenbieger1,white,0-1,loss,,blitz,,Standard,300+3,300.0,3.0,1334.0,1320.0,1320.0,14.0,65,33,33,386.0,11.696969696969695,7.0,0.303030303030303,0.5246875,0.9696969696969696,1.0,Scandinavian Defense: Valencian Variation,Normal,15,4,2026-05-29,-0.7071067811865471,-0.7071067811865479,0,1,0,True,0.0,win,False,True,6.55,1,0,0,1,4,4,94,False,not_triggered
DyeqAypf,2026-05-29 16:26:27+00:00,bat1skaf,bat1skaf,JB1982,white,1-0,win,,blitz,,Standard,300+3,300.0,3.0,1328.0,1316.0,1316.0,12.0,23,12,12,92.0,7.666666666666667,5.0,0.0,,0.0,1.0,Philidor Defense: Steinitz Variation,Time forfeit,16,4,2026-05-29,-0.8660254037844385,-0.5000000000000004,1,0,0,True,1.0,loss,True,False,32.86666666666667,0,1,1,0,1,4,95,False,not_triggered
K4bLh4q0,2026-05-29 16:30:18+00:00,bat1skaf,andresdha,bat1skaf,black,1-0,loss,,blitz,,Standard,300+3,300.0,3.0,1382.0,1334.0,1382.0,-48.0,82,41,41,294.0,7.170731707317073,4.0,0.0,0.5400000000000001,1.0,1.0,Italian Game: Evans Gambit Accepted,Normal,16,4,2026-05-29,-0.8660254037844385,-0.5000000000000004,0,1,0,True,0.0,win,False,True,3.85,1,0,0,1,2,4,95,False,not_triggered
Y5MEDVc6,2026-05-29 16:41:01+00:00,bat1skaf,bat1skaf,MelonSmasher,white,0-1,loss,,blitz,,Standard,300+3,300.0,3.0,1329.0,1277.0,1277.0,52.0,36,18,18,131.0,7.277777777777778,6.0,0.0,,0.0,1.0,Caro-Kann Defense: Endgame Offer,Normal,16,4,2026-05-29,-0.8660254037844385,-0.5000000000000004,0,1,0,True,0.0,loss,True,False,10.716666666666667,2,0,1,0,3,4,95,False,not_triggered
78i0nM4t,2026-05-29 17:04:37+00:00,bat1skaf,ayufuk,bat1skaf,black,1-0,loss,,blitz,,Standard,300+3,300.0,3.0,1316.0,1322.0,1316.0,6.0,103,52,51,410.0,8.03921568627451,4.0,0.0,,0.0,1.0,Italian Game: Giuoco Piano,Time forfeit,17,4,2026-05-29,-0.9659258262890683,-0.25881904510252063,0,1,0,True,0.0,loss,True,False,23.6,3,0,2,0,4,4,95,False,not_triggered
GUSADvdy,2026-05-30 08:53:05+00:00,bat1skaf,palaciegos2024,bat1skaf,black,1-0,loss,,blitz,,Standard,300+3,300.0,3.0,1333.0,1317.0,1333.0,-16.0,81,41,40,406.0,10.15,8.0,0.15,0.96675,1.0,1.0,Horwitz Defense,Normal,8,5,2026-05-30,0.8660254037844387,-0.4999999999999998,0,1,0,True,0.0,loss,True,False,948.4666666666667,4,0,3,0,1,1,96,False,not_triggered
E2goZnyv,2026-05-30 15:46:36+00:00,bat1skaf,bat1skaf,Tucho85,white,0-1,loss,,blitz,,Standard,300+3,300.0,3.0,1311.0,1312.0,1312.0,-1.0,18,9,9,48.0,5.333333333333333,3.0,0.0,,0.0,1.0,"Italian Game: Two Knights Defense, Knight Attack, Normal Variation",Normal,15,5,2026-05-30,-0.7071067811865471,-0.7071067811865479,0,1,0,True,0.0,loss,True,False,413.51666666666665,5,0,4,0,1,4,97,False,not_triggered
SvkzVe7d,2026-05-30 15:48:50+00:00,bat1skaf,bat1skaf,Azizbek_89,white,0-1,loss,,blitz,,Standard,300+3,300.0,3.0,1305.0,1289.0,1289.0,16.0,46,23,23,296.0,12.869565217391305,9.0,0.0,,0.0,1.0,"Italian Game: Two Knights Defense, Knight Attack, Normal Variation",Normal,15,5,2026-05-30,-0.7071067811865471,-0.7071067811865479,0,1,0,True,0.0,loss,True,False,2.2333333333333334,6,0,5,0,2,4,97,True,previous_loss + short_break + required_loss_streak
x8SdcIdK,2026-05-30 16:04:43+00:00,bat1skaf,bat1skaf,mika_he1,white,1-0,win,,blitz,,Standard,300+3,300.0,3.0,1299.0,1241.0,1241.0,58.0,65,33,33,291.0,8.818181818181818,7.0,0.0,,0.0,1.0,Sicilian Defense: French Variation,Normal,16,5,2026-05-30,-0.8660254037844385,-0.5000000000000004,1,0,0,True,1.0,loss,True,False,15.883333333333333,0,1,6,0,3,4,97,False,not_triggered
FSc6gOBJ,2026-05-30 16:16:06+00:00,bat1skaf,Dilshoh2018,bat1skaf,black,1-0,loss,,blitz,,Standard,300+3,300.0,3.0,1323.0,1304.0,1323.0,-19.0,65,33,32,385.0,12.03125,12.5,0.21875,,0.0,1.0,French Defense: Knight Variation,Normal,16,5,2026-05-30,-0.8660254037844385,-0.5000000000000004,0,1,0,True,0.0,win,False,True,11.383333333333333,1,0,0,1,4,4,97,False,not_triggered
wfT8bFJe,2026-05-31 11:31:39+00:00,bat1skaf,Pegasus26,bat1skaf,black,1-0,loss,,blitz,,Standard,300+3,300.0,3.0,1283.0,1299.0,1283.0,16.0,60,30,30,385.0,12.833333333333334,5.0,0.2,,0.0,1.0,"Italian Game: Giuoco Pianissimo, Normal",Normal,11,6,2026-05-31,0.258819045102521,-0.9659258262890682,0,1,0,True,0.0,loss,True,False,1155.55,2,0,1,0,1,4,98,False,not_triggered
PX8tdaHb,2026-05-31 11:44:33+00:00,bat1skaf,bat1skaf,Sergey_Talkarin,white,1-0,win,,blitz,,Standard,300+3,300.0,3.0,1293.0,1251.0,1251.0,42.0,47,24,24,266.0,11.083333333333334,7.0,0.0,,0.0,1.0,Pirc Defense: Classical Variation,Normal,11,6,2026-05-31,0.258819045102521,-0.9659258262890682,1,0,0,True,1.0,loss,True,False,12.9,0,1,2,0,2,4,98,False,not_triggered
X9DpWvP1,2026-05-31 11:57:39+00:00,bat1skaf,bat1skaf,Bauernopfer_1962,white,0-1,loss,,blitz,,Standard,300+3,300.0,3.0,1298.0,1397.0,1397.0,-99.0,32,16,16,305.0,19.0625,12.5,0.0,1.6133333333333333,0.9375,1.0,Scandinavian Defense: Modern Variation,Normal,11,6,2026-05-31,0.258819045102521,-0.9659258262890682,0,1,0,True,0.0,win,False,True,13.1,1,0,0,1,3,4,98,False,not_triggered
f4rh38kt,2026-05-31 12:09:52+00:00,bat1skaf,phix10,bat1skaf,black,1-0,loss,,blitz,,Standard,300+3,300.0,3.0,1337.0,1293.0,1337.0,-44.0,51,26,25,370.0,14.8,10.0,0.2,,0.0,1.0,King's Gambit Accepted: MacLeod Defense,Time forfeit,12,6,2026-05-31,1.2246467991473532e-16,-1.0,0,1,0,True,0.0,loss,True,False,12.216666666666667,2,0,1,0,4,4,98,False,not_triggered
Nt9iMnjI,2026-05-31 13:16:34+00:00,bat1skaf,cafuringo,bat1skaf,black,1/2-1/2,draw,,blitz,,Standard,300+3,300.0,3.0,1258.0,1289.0,1258.0,31.0,102,51,51,433.0,8.490196078431373,3.0,0.5686274509803921,0.846078431372549,1.0,1.0,Four Knights Game: Scotch Variation Accepted,Normal,13,6,2026-05-31,-0.2588190451025208,-0.9659258262890683,0,0,1,False,0.5,loss,True,False,66.7,0,0,2,0,1,5,99,False,not_triggered
N87MpKSx,2026-05-31 13:34:17+00:00,bat1skaf,bat1skaf,Antonio555,white,1-0,win,,blitz,,Standard,300+3,300.0,3.0,1288.0,1251.0,1251.0,37.0,73,37,37,401.0,10.83783783783784,6.0,0.3243243243243243,1.1766666666666667,0.972972972972973,1.0,Italian Game: Classical Variation,Normal,13,6,2026-05-31,-0.2588190451025208,-0.9659258262890683,1,0,0,True,1.0,draw,False,False,17.716666666666665,0,1,0,0,2,5,99,False,not_triggered
R6ZVOkPP,2026-05-31 13:54:20+00:00,bat1skaf,mma0505,bat1skaf,black,0-1,win,,blitz,,Standard,300+3,300.0,3.0,1260.0,1293.0,1260.0,33.0,102,51,51,447.0,8.764705882352942,5.0,0.4705882352941176,0.4604,0.9803921568627452,1.0,Hungarian Opening: Catalan Formation,Normal,13,6,2026-05-31,-0.2588190451025208,-0.9659258262890683,1,0,0,True,1.0,win,False,True,20.05,0,2,0,1,3,5,99,False,not_triggered
2zyAE7NG,2026-05-31 14:19:48+00:00,bat1skaf,bat1skaf,BrainerTrainer,white,0-1,loss,,blitz,,Standard,300+3,300.0,3.0,1299.0,1294.0,1294.0,5.0,38,19,19,264.0,13.894736842105264,7.0,0.0,,0.0,1.0,French Defense: Exchange Variation,Normal,14,6,2026-05-31,-0.4999999999999997,-0.8660254037844388,0,1,0,True,0.0,win,False,True,25.466666666666665,1,0,0,2,4,5,99,False,not_triggered
NOU72ik7,2026-05-31 14:29:36+00:00,bat1skaf,bat1skaf,Medslimen,white,0-1,loss,,blitz,,Standard,300+3,300.0,3.0,1293.0,1330.0,1330.0,-37.0,70,35,35,398.0,11.371428571428572,8.0,0.3428571428571428,,0.0,1.0,"King's Pawn Game: Gunderam Defense, Gunderam Gambit",Time forfeit,14,6,2026-05-31,-0.4999999999999997,-0.8660254037844388,0,1,0,True,0.0,loss,True,False,9.8,2,0,1,0,5,5,99,False,not_triggered
iEnHUc9w,2026-05-31 15:38:38+00:00,bat1skaf,bat1skaf,escobar12,white,1-0,win,,blitz,,Standard,300+3,300.0,3.0,1287.0,1299.0,1299.0,-12.0,25,13,13,84.0,6.461538461538462,5.0,0.0,,0.0,1.0,Philidor Defense,Time forfeit,15,6,2026-05-31,-0.7071067811865471,-0.7071067811865479,1,0,0,True,1.0,loss,True,False,69.03333333333333,0,1,2,0,1,5,100,False,not_triggered
rXRUP5OS,2026-05-31 15:42:57+00:00,bat1skaf,JabSnakes,bat1skaf,black,0-1,win,,blitz,,Standard,300+3,300.0,3.0,1366.0,1293.0,1366.0,-73.0,70,35,35,286.0,8.17142857142857,5.0,0.0,,0.0,1.0,"Scotch Game: Scotch Gambit, Dubois Réti Defense",Normal,15,6,2026-05-31,-0.7071067811865471,-0.7071067811865479,1,0,0,True,1.0,win,False,True,4.316666666666666,0,2,0,1,2,5,100,False,not_triggered
E6qoRug0,2026-05-31 16:12:25+00:00,bat1skaf,ArgyriosMitsakos,bat1skaf,black,0-1,win,,blitz,,Standard,300+3,300.0,3.0,1300.0,1300.0,1300.0,0.0,42,21,21,307.0,14.61904761904762,11.0,0.0,0.1419047619047619,1.0,1.0,"Ruy Lopez: Berlin Defense, Beverwijk Variation",Normal,16,6,2026-05-31,-0.8660254037844385,-0.5000000000000004,1,0,0,True,1.0,win,False,True,29.466666666666665,0,3,0,2,3,5,100,False,not_triggered
Mz7KIayt,2026-05-31 16:24:53+00:00,bat1skaf,And5Pla,bat1skaf,black,0-1,win,,blitz,,Standard,300+3,300.0,3.0,1318.0,1306.0,1318.0,-12.0,62,31,31,370.0,11.935483870967742,8.0,0.0967741935483871,,0.0,1.0,Scotch Game,Time forfeit,16,6,2026-05-31,-0.8660254037844385,-0.5000000000000004,1,0,0,True,1.0,win,False,True,12.466666666666667,0,4,0,3,4,5,100,False,not_triggered
v99qjI2T,2026-05-31 16:40:59+00:00,bat1skaf,bat1skaf,phil019,white,0-1,loss,,blitz,,Standard,300+3,300.0,3.0,1312.0,1304.0,1304.0,8.0,55,28,28,206.0,7.357142857142857,7.0,0.0,,0.0,1.0,Italian Game: Classical Variation,Normal,16,6,2026-05-31,-0.8660254037844385,-0.5000000000000004,0,1,0,True,0.0,win,False,True,16.1,1,0,0,4,5,5,100,False,not_triggered
vX0sR4CZ,2026-06-01 14:36:10+00:00,bat1skaf,bat1skaf,Llumog,white,1-0,win,,blitz,,Standard,300+3,300.0,3.0,1306.0,1313.0,1313.0,-7.0,32,16,16,200.0,12.5,8.0,0.0,,0.0,1.0,Sicilian Defense: Old Sicilian,Normal,14,0,2026-06-01,-0.4999999999999997,-0.8660254037844388,1,0,0,True,1.0,loss,True,False,1315.1833333333334,0,1,1,0,1,4,101,False,not_triggered
aaju0T6F,2026-06-01 14:41:57+00:00,bat1skaf,PhineasFinn,bat1skaf,black,1-0,loss,,blitz,,Standard,300+3,300.0,3.0,1317.0,1312.0,1317.0,-5.0,42,21,21,297.0,14.142857142857142,10.0,0.0,0.9066666666666666,1.0,1.0,Italian Game: Evans Gambit Accepted,Normal,14,0,2026-06-01,-0.4999999999999997,-0.8660254037844388,0,1,0,True,0.0,win,False,True,5.783333333333333,1,0,0,1,2,4,101,False,not_triggered
BmzoqX7L,2026-06-01 14:52:25+00:00,bat1skaf,migmi,bat1skaf,black,1-0,loss,,blitz,,Standard,300+3,300.0,3.0,1288.0,1306.0,1288.0,18.0,15,8,7,35.0,5.0,3.0,0.0,,0.0,1.0,Horwitz Defense,Normal,14,0,2026-06-01,-0.4999999999999997,-0.8660254037844388,0,1,0,True,0.0,loss,True,False,10.466666666666667,2,0,1,0,3,4,101,False,not_triggered
jrLIRjWj,2026-06-01 14:53:30+00:00,bat1skaf,bat1skaf,OnkelHeini,white,0-1,loss,,blitz,,Standard,300+3,300.0,3.0,1301.0,1328.0,1328.0,-27.0,27,14,14,100.0,7.142857142857143,4.0,0.0,,0.0,1.0,Sicilian Defense: Old Sicilian,Normal,14,0,2026-06-01,-0.4999999999999997,-0.8660254037844388,0,1,0,True,0.0,loss,True,False,1.0833333333333333,3,0,2,0,4,4,101,True,previous_loss + short_break + required_loss_streak
DY2fFQg4,2026-06-01 17:15:25+00:00,bat1skaf,darknex,bat1skaf,black,0-1,win,,blitz,,Standard,300+3,300.0,3.0,1295.0,1295.0,1295.0,0.0,28,14,14,113.0,8.071428571428571,4.0,0.0,,0.0,1.0,Horwitz Defense,Normal,17,0,2026-06-01,-0.9659258262890683,-0.25881904510252063,1,0,0,True,1.0,loss,True,False,141.91666666666666,0,1,3,0,1,4,102,False,not_triggered
NuywuZGT,2026-06-01 17:18:36+00:00,bat1skaf,Trismegistus64,bat1skaf,black,1-0,loss,,blitz,,Standard,300+3,300.0,3.0,1356.0,1301.0,1356.0,-55.0,29,15,14,182.0,13.0,7.5,0.0,,0.0,1.0,Bishop's Opening,Normal,17,0,2026-06-01,-0.9659258262890683,-0.25881904510252063,0,1,0,True,0.0,win,False,True,3.183333333333333,1,0,0,1,2,4,102,False,not_triggered
5ekg7VbI,2026-06-01 17:23:28+00:00,bat1skaf,bat1skaf,Jabujoints,white,0-1,loss,,blitz,,Standard,300+3,300.0,3.0,1296.0,1348.0,1348.0,-52.0,84,42,42,421.0,10.023809523809524,5.0,0.3809523809523809,,0.0,1.0,"Caro-Kann Defense: Advance Variation, Short Variation",Time forfeit,17,0,2026-06-01,-0.9659258262890683,-0.25881904510252063,0,1,0,True,0.0,loss,True,False,4.866666666666666,2,0,1,0,3,4,102,False,not_triggered
K2dAGw0S,2026-06-01 17:40:18+00:00,bat1skaf,bat1skaf,Irislap,white,1-0,win,,blitz,,Standard,300+3,300.0,3.0,1291.0,1300.0,1300.0,-9.0,153,77,77,459.0,5.961038961038961,2.0,0.3506493506493506,0.2989333333333334,0.974025974025974,1.0,Italian Game: Classical Variation,Normal,17,0,2026-06-01,-0.9659258262890683,-0.25881904510252063,1,0,0,True,1.0,loss,True,False,16.833333333333332,0,1,2,0,4,4,102,False,not_triggered
nAcmwjAV,2026-06-01 19:16:48+00:00,bat1skaf,GILLESLAMBERT,bat1skaf,black,0-1,win,,blitz,,Standard,300+3,300.0,3.0,1275.0,1297.0,1275.0,22.0,176,88,88,550.0,6.25,4.0,0.6477272727272727,,0.0,1.0,English Opening: The Whale,Time forfeit,19,0,2026-06-01,-0.9659258262890684,0.2588190451025203,1,0,0,True,1.0,win,False,True,96.5,0,2,0,1,1,1,103,False,not_triggered
loeLF86S,2026-06-02 08:53:04+00:00,bat1skaf,bat1skaf,DuckyOCE,white,1-0,win,,blitz,,Standard,300+3,300.0,3.0,1303.0,1308.0,1308.0,-5.0,27,14,14,132.0,9.428571428571429,8.0,0.0,,0.0,1.0,King's Pawn Game: Busch-Gass Gambit,Normal,8,1,2026-06-02,0.8660254037844387,-0.4999999999999998,1,0,0,True,1.0,win,False,True,816.2666666666667,0,3,0,2,1,4,104,False,not_triggered
YXUVwDbJ,2026-06-02 09:00:59+00:00,bat1skaf,mentalist27,bat1skaf,black,0-1,win,,blitz,,Standard,300+3,300.0,3.0,1403.0,1308.0,1403.0,-95.0,30,15,15,243.0,16.2,12.0,0.0,0.8126666666666668,1.0,1.0,"French Defense: Classical Variation, Normal Variation",Time forfeit,9,1,2026-06-02,0.7071067811865476,-0.7071067811865475,1,0,0,True,1.0,win,False,True,7.916666666666667,0,4,0,3,2,4,104,False,not_triggered
VaLizHqD,2026-06-02 09:14:34+00:00,bat1skaf,bat1skaf,yashg3500,white,1-0,win,,blitz,,Standard,300+3,300.0,3.0,1316.0,1340.0,1340.0,-24.0,29,15,15,196.0,13.066666666666666,7.0,0.0,,0.0,1.0,French Defense: Exchange Variation,Time forfeit,9,1,2026-06-02,0.7071067811865476,-0.7071067811865475,1,0,0,True,1.0,win,False,True,13.583333333333334,0,5,0,4,3,4,104,False,not_triggered
7K2Xl7WH,2026-06-02 09:26:16+00:00,bat1skaf,Marasko,bat1skaf,black,0-1,win,,blitz,,Standard,300+3,300.0,3.0,1338.0,1322.0,1338.0,-16.0,66,33,33,378.0,11.454545454545457,8.0,0.1515151515151515,,0.0,1.0,"Queen's Pawn Game: London System, with e6",Normal,9,1,2026-06-02,0.7071067811865476,-0.7071067811865475,1,0,0,True,1.0,win,False,True,11.7,0,6,0,5,4,4,104,False,not_triggered
kb3sApsi,2026-06-02 13:25:32+00:00,bat1skaf,berlineratze030,bat1skaf,black,0-1,win,,blitz,,Standard,300+3,300.0,3.0,1347.0,1328.0,1347.0,-19.0,30,15,15,191.0,12.733333333333333,10.0,0.0,0.3873333333333333,1.0,1.0,Horwitz Defense,Time forfeit,13,1,2026-06-02,-0.2588190451025208,-0.9659258262890683,1,0,0,True,1.0,win,False,True,239.26666666666668,0,7,0,6,1,1,105,False,not_triggered
FRLEA9gz,2026-06-02 15:45:15+00:00,bat1skaf,bat1skaf,Tuksiboy,white,1-0,win,,blitz,,Standard,300+3,300.0,3.0,1334.0,1323.0,1323.0,11.0,33,17,17,240.0,14.117647058823527,11.0,0.0,,0.0,1.0,"Sicilian Defense: O'Kelly Variation, Yerevan System",Normal,15,1,2026-06-02,-0.7071067811865471,-0.7071067811865479,1,0,0,True,1.0,win,False,True,139.71666666666667,0,8,0,7,1,2,106,False,not_triggered
jN7Df12j,2026-06-02 15:55:16+00:00,bat1skaf,bat1skaf,CasperLucius,white,1-0,win,,rapid,,Standard,600+0,600.0,0.0,1491.0,1425.0,1425.0,66.0,103,52,52,550.0,10.576923076923077,7.0,0.0769230769230769,,0.0,1.0,Caro-Kann Defense,Time forfeit,15,1,2026-06-02,-0.7071067811865471,-0.7071067811865479,1,0,0,True,1.0,win,False,True,10.016666666666667,0,9,0,8,2,2,106,False,not_triggered
BX64tm4L,2026-06-03 14:48:22+00:00,bat1skaf,bat1skaf,maashnin,white,1-0,win,,blitz,,Standard,300+3,300.0,3.0,1339.0,1308.0,1308.0,31.0,81,41,41,411.0,10.024390243902438,7.0,0.3414634146341463,0.7717499999999999,0.975609756097561,1.0,Four Knights Game: Italian Variation,Time forfeit,14,2,2026-06-03,-0.4999999999999997,-0.8660254037844388,1,0,0,True,1.0,win,False,True,1373.1,0,10,0,9,1,3,107,False,not_triggered
GNQhWD8b,2026-06-03 15:04:13+00:00,bat1skaf,benibeniben,bat1skaf,black,1-0,loss,,blitz,,Standard,300+3,300.0,3.0,1296.0,1344.0,1296.0,48.0,66,33,33,390.0,11.818181818181818,6.0,0.2727272727272727,,0.0,1.0,Danish Gambit,Normal,15,2,2026-06-03,-0.7071067811865471,-0.7071067811865479,0,1,0,True,0.0,win,False,True,15.85,1,0,0,10,2,3,107,False,not_triggered
hjIuLDdJ,2026-06-03 15:15:31+00:00,bat1skaf,SimKage,bat1skaf,black,0-1,win,,blitz,,Standard,300+3,300.0,3.0,1500.0,1338.0,1500.0,-162.0,47,24,23,257.0,11.173913043478262,7.0,0.0,,0.0,1.0,Tarrasch Defense,Normal,15,2,2026-06-03,-0.7071067811865471,-0.7071067811865479,1,0,0,True,1.0,loss,True,False,11.3,0,1,1,0,3,3,107,False,not_triggered
PXR6eza8,2026-06-03 18:22:21+00:00,bat1skaf,bat1skaf,fztpython,white,1-0,win,,blitz,,Standard,300+3,300.0,3.0,1342.0,1429.0,1429.0,-87.0,55,28,28,347.0,12.392857142857142,8.0,0.0,,0.0,1.0,Italian Game: Classical Variation,Normal,18,2,2026-06-03,-1.0,-1.8369701987210297e-16,1,0,0,True,1.0,win,False,True,186.83333333333334,0,2,0,1,1,2,108,False,not_triggered
EXc2FySd,2026-06-03 18:32:58+00:00,bat1skaf,halilkose1,bat1skaf,black,0-1,win,,rapid,,Standard,600+0,600.0,0.0,1516.0,1519.0,1516.0,3.0,26,13,13,208.0,16.0,10.0,0.0,,0.0,1.0,Nimzo-Larsen Attack,Normal,18,2,2026-06-03,-1.0,-1.8369701987210297e-16,1,0,0,True,1.0,win,False,True,10.616666666666667,0,3,0,2,2,2,108,False,not_triggered
DExfc2rO,2026-06-05 16:57:35+00:00,bat1skaf,bat1skaf,Belina86,white,0-1,loss,,blitz,,Standard,300+3,300.0,3.0,1349.0,1389.0,1389.0,-40.0,60,30,30,377.0,12.566666666666666,7.5,0.2,0.67,0.9666666666666668,1.0,Sicilian Defense: Old Sicilian,Normal,16,4,2026-06-05,-0.8660254037844385,-0.5000000000000004,0,1,0,True,0.0,win,False,True,2784.616666666667,1,0,0,3,1,2,109,False,not_triggered
grPLgUto,2026-06-05 17:10:39+00:00,bat1skaf,bat1skaf,Stronzio,white,1-0,win,,blitz,,Standard,300+3,300.0,3.0,1343.0,1343.0,1343.0,0.0,47,24,24,265.0,11.041666666666666,8.0,0.0,,0.0,1.0,Philidor Defense,Normal,17,4,2026-06-05,-0.9659258262890683,-0.25881904510252063,1,0,0,True,1.0,loss,True,False,13.066666666666666,0,1,1,0,2,2,109,False,not_triggered
Oewrhaqf,2026-06-06 18:49:28+00:00,bat1skaf,hassnsami,bat1skaf,black,1-0,loss,,blitz,,Standard,300+3,300.0,3.0,1385.0,1349.0,1385.0,-36.0,189,95,94,501.0,5.329787234042553,2.0,0.4574468085106383,3.206914893617022,1.0,1.0,Four Knights Game: Italian Variation,Normal,18,5,2026-06-06,-1.0,-1.8369701987210297e-16,0,1,0,True,0.0,win,False,True,1538.8166666666666,1,0,0,1,1,1,110,False,not_triggered
gOeILHsm,2026-06-07 11:42:27+00:00,bat1skaf,bad_stover,bat1skaf,black,0-1,win,,blitz,,Standard,300+3,300.0,3.0,1430.0,1344.0,1430.0,-86.0,10,5,5,40.0,8.0,5.0,0.0,,0.0,1.0,"Rapport-Jobava System, with e6",Normal,11,6,2026-06-07,0.258819045102521,-0.9659258262890682,1,0,0,True,1.0,loss,True,False,1012.9833333333333,0,1,1,0,1,1,111,False,not_triggered
QHlJF4Ck,2026-06-10 17:43:32+00:00,bat1skaf,bat1skaf,HuseyinBUTUN,white,0-1,loss,,blitz,,Standard,300+3,300.0,3.0,1351.0,1391.0,1391.0,-40.0,78,39,39,414.0,10.615384615384617,6.0,0.3846153846153846,1.063157894736842,0.9743589743589745,1.0,Italian Game: Anti-Fried Liver Defense,Time forfeit,17,2,2026-06-10,-0.9659258262890683,-0.25881904510252063,0,1,0,True,0.0,win,False,True,4681.083333333333,1,0,0,1,1,1,112,False,not_triggered
v9fPn192,2026-06-10 20:00:16+00:00,bat1skaf,potaje,bat1skaf,black,0-1,win,,blitz,,Standard,300+3,300.0,3.0,1287.0,1346.0,1287.0,59.0,24,12,12,226.0,18.83333333333333,18.0,0.0,0.3833333333333334,1.0,1.0,Ruy Lopez: Classical Variation,Normal,20,2,2026-06-10,-0.8660254037844386,0.5000000000000001,1,0,0,True,1.0,loss,True,False,136.73333333333332,0,1,1,0,1,2,113,False,not_triggered
jHZg254O,2026-06-10 20:07:10+00:00,bat1skaf,Ujarhards,bat1skaf,black,1-0,loss,,blitz,,Standard,300+3,300.0,3.0,1325.0,1351.0,1325.0,26.0,102,51,51,431.0,8.450980392156863,3.0,0.5882352941176471,1.316470588235294,1.0,1.0,Center Game: Normal Variation,Normal,20,2,2026-06-10,-0.8660254037844386,0.5000000000000001,0,1,0,True,0.0,win,False,True,6.9,1,0,0,1,2,2,113,False,not_triggered
6VJQpX5W,2026-06-10 20:43:32+00:00,bat1skaf,bat1skaf,Chamann85,white,0-1,loss,,blitz,,Standard,300+3,300.0,3.0,1345.0,1257.0,1257.0,88.0,56,28,28,224.0,8.0,5.0,0.0,,0.0,1.0,Scandinavian Defense: Modern Variation,Normal,20,2,2026-06-10,-0.8660254037844386,0.5000000000000001,0,1,0,True,0.0,loss,True,False,36.36666666666667,2,0,1,0,1,1,114,False,not_triggered
F2ARGGRD,2026-06-17 10:49:39+00:00,bat1skaf,bat1skaf,HpPort,white,1-0,win,,blitz,,Standard,300+3,300.0,3.0,1337.0,1380.0,1380.0,-43.0,111,56,56,438.0,7.821428571428571,4.0,0.6071428571428571,1.2561818181818185,0.9821428571428572,1.0,Philidor Defense,Normal,10,2,2026-06-17,0.49999999999999994,-0.8660254037844387,1,0,0,True,1.0,loss,True,False,9486.116666666667,0,1,2,0,1,1,115,False,not_triggered
qXVRDvaf,2026-06-17 12:35:51+00:00,bat1skaf,ManojAddy,bat1skaf,black,1-0,loss,,blitz,,Standard,300+3,300.0,3.0,1282.0,1344.0,1282.0,62.0,57,29,28,365.0,13.035714285714286,11.0,0.1428571428571428,,0.0,1.0,Italian Game: Giuoco Piano,Normal,12,2,2026-06-17,1.2246467991473532e-16,-1.0,0,1,0,True,0.0,win,False,True,106.2,1,0,0,1,1,3,116,False,not_triggered
uohs5zJT,2026-06-17 12:46:41+00:00,bat1skaf,Hooskerdoo,bat1skaf,black,0-1,win,,blitz,,Standard,300+3,300.0,3.0,1353.0,1337.0,1353.0,-16.0,36,18,18,308.0,17.11111111111111,17.0,0.0,,0.0,1.0,French Defense: Steiner Variation,Normal,12,2,2026-06-17,1.2246467991473532e-16,-1.0,1,0,0,True,1.0,loss,True,False,10.833333333333334,0,1,1,0,2,3,116,False,not_triggered
ThrdCUgM,2026-06-17 12:55:21+00:00,bat1skaf,bat1skaf,frvr43,white,0-1,loss,,blitz,,Standard,300+3,300.0,3.0,1344.0,1369.0,1369.0,-25.0,58,29,29,383.0,13.20689655172414,7.0,0.2068965517241379,,0.0,1.0,Philidor Defense,Normal,12,2,2026-06-17,1.2246467991473532e-16,-1.0,0,1,0,True,0.0,win,False,True,8.666666666666666,1,0,0,1,3,3,116,False,not_triggered
lpEJRpGp,2026-07-15 19:04:32+00:00,bat1skaf,thankschess123,bat1skaf,black,1-0,loss,,blitz,,Standard,300+3,300.0,3.0,1348.0,1338.0,1348.0,-10.0,22,11,11,158.0,14.363636363636363,9.0,0.0,,0.0,1.0,Danish Gambit Declined: Sörensen Defense,Normal,19,2,2026-07-15,-0.9659258262890684,0.2588190451025203,0,1,0,True,0.0,loss,True,False,40689.183333333334,2,0,1,0,1,2,117,False,not_triggered
uOzOOIVr,2026-07-15 19:10:56+00:00,bat1skaf,bat1skaf,gelomora,white,0-1,loss,,blitz,,Standard,300+3,300.0,3.0,1328.0,1332.0,1332.0,-4.0,94,47,47,417.0,8.872340425531915,5.0,0.4468085106382978,,0.0,1.0,Italian Game: Anti-Fried Liver Defense,Normal,19,2,2026-07-15,-0.9659258262890684,0.2588190451025203,0,1,0,True,0.0,loss,True,False,6.4,3,0,2,0,2,2,117,False,not_triggered
DerJpRcx,2026-07-26 18:35:54+00:00,bat1skaf,Fahrenoliyabocah,bat1skaf,black,0-1,win,,blitz,,Standard,180+2,180.0,2.0,1328.0,1318.0,1328.0,-10.0,37,19,18,73.0,4.055555555555555,2.0,0.0,,0.0,1.0,Horwitz Defense,Normal,18,6,2026-07-26,-1.0,-1.8369701987210297e-16,1,0,0,True,1.0,loss,True,False,15804.966666666667,0,1,3,0,1,1,118,False,not_triggered
tN9aUrn9,2026-08-05 22:38:02+00:00,bat1skaf,GT-78,bat1skaf,black,0-1,win,,blitz,,Standard,300+3,300.0,3.0,1321.0,1330.0,1321.0,9.0,50,25,25,318.0,12.72,11.0,0.0,,0.0,1.0,Horwitz Defense,Normal,22,2,2026-08-05,-0.5000000000000004,0.8660254037844384,1,0,0,True,1.0,win,False,True,14642.133333333333,0,2,0,1,1,1,119,False,not_triggered
3h0INZoe,2026-08-06 09:45:26+00:00,bat1skaf,bat1skaf,Mahenderkumar,white,1-0,win,,blitz,,Standard,300+3,300.0,3.0,1342.0,1303.0,1303.0,39.0,105,53,53,446.0,8.415094339622641,5.0,0.4150943396226415,,0.0,1.0,Zukertort Opening: Tennison Gambit,Normal,9,3,2026-08-06,0.7071067811865476,-0.7071067811865475,1,0,0,True,1.0,win,False,True,667.4,0,3,0,2,1,1,120,False,not_triggered
WQXlD9mC,2026-08-06 14:58:26+00:00,bat1skaf,bat1skaf,Bborislav,white,1/2-1/2,draw,,blitz,,Standard,300+3,300.0,3.0,1353.0,1319.0,1319.0,34.0,112,56,56,455.0,8.125,3.0,0.625,1.003272727272727,0.9821428571428572,1.0,Philidor Defense,Normal,14,3,2026-08-06,-0.4999999999999997,-0.8660254037844388,0,0,1,False,0.5,win,False,True,313.0,0,0,0,3,1,1,121,False,not_triggered
4bwUxi0G,2026-08-06 16:07:05+00:00,bat1skaf,bat1skaf,jbarz16,white,0-1,loss,,blitz,,Standard,300+3,300.0,3.0,1351.0,1365.0,1365.0,-14.0,148,74,74,479.0,6.472972972972973,3.0,0.5,1.9435616438356167,0.9864864864864864,1.0,Caro-Kann Defense,Normal,16,3,2026-08-06,-0.8660254037844385,-0.5000000000000004,0,1,0,True,0.0,draw,False,False,68.65,1,0,0,0,1,2,122,False,not_triggered
0bmweQzr,2026-08-06 16:22:56+00:00,bat1skaf,kami_1989,bat1skaf,black,0-1,win,,blitz,,Standard,300+3,300.0,3.0,1341.0,1340.0,1341.0,-1.0,88,44,44,418.0,9.5,3.0,0.6590909090909091,1.1363636363636365,1.0,1.0,Italian Game: Classical Variation,Normal,16,3,2026-08-06,-0.8660254037844385,-0.5000000000000004,1,0,0,True,1.0,loss,True,False,15.85,0,1,1,0,2,2,122,False,not_triggered
xcXZmlJ0,2026-08-06 17:34:42+00:00,bat1skaf,pencilcase69,bat1skaf,black,1-0,loss,,blitz,,Standard,300+3,300.0,3.0,1432.0,1351.0,1432.0,-81.0,53,27,26,363.0,13.961538461538462,5.5,0.2307692307692307,1.3923076923076922,1.0,1.0,Scotch Game,Normal,17,3,2026-08-06,-0.9659258262890683,-0.25881904510252063,0,1,0,True,0.0,win,False,True,71.76666666666667,1,0,0,1,1,6,123,False,not_triggered
fmmIPU6k,2026-08-06 18:01:34+00:00,bat1skaf,bat1skaf,bjk-1903-34,white,1-0,win,,blitz,,Standard,300+3,300.0,3.0,1343.0,1336.0,1336.0,7.0,63,32,32,373.0,11.65625,6.0,0.125,0.7846666666666667,0.9375,1.0,Italian Game: Hungarian Defense,Normal,18,3,2026-08-06,-1.0,-1.8369701987210297e-16,1,0,0,True,1.0,loss,True,False,26.866666666666667,0,1,1,0,2,6,123,False,not_triggered
4nWdYKN9,2026-08-06 18:13:30+00:00,bat1skaf,AndriiR,bat1skaf,black,0-1,win,,blitz,,Standard,300+3,300.0,3.0,1392.0,1353.0,1392.0,-39.0,22,11,11,204.0,18.545454545454547,10.0,0.0,0.3981818181818182,1.0,1.0,Queen's Gambit Declined: Normal Defense,Normal,18,3,2026-08-06,-1.0,-1.8369701987210297e-16,1,0,0,True,1.0,win,False,True,11.933333333333334,0,2,0,1,3,6,123,False,not_triggered
2Uq1pTSh,2026-08-06 18:21:19+00:00,bat1skaf,bat1skaf,Tima_bugov,white,1-0,win,,blitz,,Standard,300+3,300.0,3.0,1365.0,1255.0,1255.0,110.0,97,49,49,412.0,8.408163265306122,4.0,0.4693877551020408,,0.0,1.0,Scandinavian Defense: Anderssen Counterattack,Normal,18,3,2026-08-06,-1.0,-1.8369701987210297e-16,1,0,0,True,1.0,win,False,True,7.816666666666666,0,3,0,2,4,6,123,False,not_triggered
KIzI51Sz,2026-08-06 18:33:42+00:00,bat1skaf,awk34,bat1skaf,black,0-1,win,,blitz,,Standard,300+3,300.0,3.0,1363.0,1371.0,1363.0,8.0,34,17,17,241.0,14.176470588235292,9.0,0.0,0.2476470588235294,1.0,1.0,Horwitz Defense,Normal,18,3,2026-08-06,-1.0,-1.8369701987210297e-16,1,0,0,True,1.0,win,False,True,12.383333333333333,0,4,0,3,5,6,123,False,not_triggered
x8bnsIQQ,2026-08-06 18:43:11+00:00,bat1skaf,valrig,bat1skaf,black,1-0,loss,,blitz,,Standard,300+3,300.0,3.0,1394.0,1381.0,1394.0,-13.0,81,41,40,415.0,10.375,5.5,0.4,0.5822499999999999,1.0,1.0,Danish Gambit,Time forfeit,18,3,2026-08-06,-1.0,-1.8369701987210297e-16,0,1,0,True,0.0,win,False,True,9.483333333333333,1,0,0,4,6,6,123,False,not_triggered
HbLfrJtw,2026-08-07 16:29:00+00:00,bat1skaf,bat1skaf,Mr3sibling,white,1-0,win,,blitz,,Standard,300+3,300.0,3.0,1372.0,1355.0,1355.0,17.0,73,37,37,393.0,10.62162162162162,4.0,0.3243243243243243,0.5517142857142858,0.945945945945946,1.0,Italian Game: Classical Variation,Normal,16,4,2026-08-07,-0.8660254037844385,-0.5000000000000004,1,0,0,True,1.0,loss,True,False,1305.8166666666666,0,1,1,0,1,1,124,False,not_triggered
rL5EUldu,2026-08-07 21:22:21+00:00,bat1skaf,thebeach100,bat1skaf,black,0-1,win,,blitz,,Standard,300+3,300.0,3.0,1334.0,1381.0,1334.0,47.0,56,28,28,312.0,11.142857142857142,7.0,0.0,0.6667857142857143,1.0,1.0,King's Pawn Game: Wayward Queen Attack,Normal,21,4,2026-08-07,-0.7071067811865477,0.7071067811865474,1,0,0,True,1.0,win,False,True,293.35,0,2,0,1,1,1,125,False,not_triggered
KcrsUN83,2026-08-07 21:58:22+00:00,bat1skaf,bat1skaf,mIke_bear,white,1/2-1/2,draw,,blitz,,Standard,300+3,300.0,3.0,1389.0,1435.0,1435.0,-46.0,82,41,41,404.0,9.853658536585366,4.0,0.4878048780487805,0.1922499999999999,0.975609756097561,1.0,French Defense: Exchange Variation,Normal,21,4,2026-08-07,-0.7071067811865477,0.7071067811865474,0,0,1,False,0.5,win,False,True,36.016666666666666,0,0,0,2,1,1,126,False,not_triggered
Uifw1jTU,2026-08-08 08:42:07+00:00,bat1skaf,nwadinigwevictor,bat1skaf,black,1-0,loss,,blitz,,Standard,300+3,300.0,3.0,1393.0,1390.0,1393.0,-3.0,103,52,51,417.0,8.176470588235293,4.0,0.0,0.8276470588235294,1.0,1.0,Bishop's Opening,Normal,8,5,2026-08-08,0.8660254037844387,-0.4999999999999998,0,1,0,True,0.0,draw,False,False,643.75,1,0,0,0,1,4,127,False,not_triggered
Jse2uu4H,2026-08-08 08:54:31+00:00,bat1skaf,bat1skaf,Valeriii1971,white,1/2-1/2,draw,,blitz,,Standard,300+3,300.0,3.0,1381.0,1440.0,1440.0,-59.0,93,47,47,428.0,9.106382978723405,5.0,0.425531914893617,0.3360869565217391,0.9787234042553192,1.0,Italian Game: Classical Variation,Normal,8,5,2026-08-08,0.8660254037844387,-0.4999999999999998,0,0,1,False,0.5,loss,True,False,12.4,0,0,1,0,2,4,127,False,not_triggered
waemGOx5,2026-08-08 09:18:16+00:00,bat1skaf,JJDubb,bat1skaf,black,1-0,loss,,blitz,,Standard,300+3,300.0,3.0,1380.0,1383.0,1380.0,3.0,51,26,25,365.0,14.6,8.0,0.12,,0.0,1.0,Ruy Lopez: Classical Variation,Normal,9,5,2026-08-08,0.7071067811865476,-0.7071067811865475,0,1,0,True,0.0,draw,False,False,23.75,1,0,0,0,3,4,127,False,not_triggered
ZPowQp2h,2026-08-08 09:32:14+00:00,bat1skaf,bat1skaf,OnkelGaute,white,0-1,loss,,blitz,,Standard,300+3,300.0,3.0,1375.0,1370.0,1370.0,5.0,72,36,36,399.0,11.083333333333334,5.5,0.4722222222222222,,0.0,1.0,Sicilian Defense: Old Sicilian,Time forfeit,9,5,2026-08-08,0.7071067811865476,-0.7071067811865475,0,1,0,True,0.0,loss,True,False,13.966666666666667,2,0,1,0,4,4,127,False,not_triggered
J41gZ9iM,2026-08-08 10:22:37+00:00,bat1skaf,bat1skaf,Hoangminh1A12,white,1-0,win,,blitz,,Standard,300+3,300.0,3.0,1366.0,1400.0,1400.0,-34.0,81,41,41,409.0,9.975609756097562,4.0,0.4390243902439024,0.4415,0.975609756097561,1.0,French Defense: Exchange Variation,Normal,10,5,2026-08-08,0.49999999999999994,-0.8660254037844387,1,0,0,True,1.0,loss,True,False,50.38333333333333,0,1,2,0,1,1,128,False,not_triggered
BI0tvaWb,2026-08-08 11:33:30+00:00,bat1skaf,Dmitriy138,bat1skaf,black,0-1,win,,blitz,,Standard,300+3,300.0,3.0,1385.0,1375.0,1385.0,-10.0,48,24,24,293.0,12.208333333333334,13.5,0.0,0.4804166666666666,1.0,1.0,Ruy Lopez: Classical Variation,Normal,11,5,2026-08-08,0.258819045102521,-0.9659258262890682,1,0,0,True,1.0,win,False,True,70.88333333333334,0,2,0,1,1,9,129,False,not_triggered
4ZIasCK7,2026-08-08 11:42:44+00:00,bat1skaf,alexandrlebedev1980,bat1skaf,black,1-0,loss,,blitz,,Standard,300+3,300.0,3.0,1385.0,1383.0,1385.0,-2.0,45,23,22,326.0,14.818181818181818,9.5,0.0,0.5122727272727272,1.0,1.0,Four Knights Game: Italian Variation,Normal,11,5,2026-08-08,0.258819045102521,-0.9659258262890682,0,1,0,True,0.0,win,False,True,9.233333333333333,1,0,0,2,2,9,129,False,not_triggered
0d9KUTgH,2026-08-08 11:52:36+00:00,bat1skaf,bat1skaf,zedaghonemshebl,white,0-1,loss,,blitz,,Standard,300+3,300.0,3.0,1376.0,1354.0,1354.0,22.0,94,47,47,434.0,9.23404255319149,4.0,0.4042553191489361,,0.0,1.0,Four Knights Game: Italian Variation,Time forfeit,11,5,2026-08-08,0.258819045102521,-0.9659258262890682,0,1,0,True,0.0,loss,True,False,9.866666666666667,2,0,1,0,3,9,129,False,not_triggered
PxkKpKBA,2026-08-08 12:04:39+00:00,bat1skaf,Ahmed-yassine,bat1skaf,black,0-1,win,,blitz,,Standard,300+3,300.0,3.0,1260.0,1368.0,1260.0,108.0,23,12,11,96.0,8.727272727272727,3.0,0.0,,0.0,1.0,"French Defense: Advance Variation, Nimzowitsch System",Normal,12,5,2026-08-08,1.2246467991473532e-16,-1.0,1,0,0,True,1.0,loss,True,False,12.05,0,1,2,0,4,9,129,False,not_triggered
CvfIuSTX,2026-08-08 12:09:35+00:00,bat1skaf,bat1skaf,nonsoio,white,1/2-1/2,draw,,blitz,,Standard,300+3,300.0,3.0,1373.0,1465.0,1465.0,-92.0,109,55,55,448.0,8.145454545454545,5.0,0.5272727272727272,,0.0,1.0,Sicilian Defense: French Variation,Normal,12,5,2026-08-08,1.2246467991473532e-16,-1.0,0,0,1,False,0.5,win,False,True,4.933333333333334,0,0,0,1,5,9,129,False,not_triggered
yuqgjhCk,2026-08-08 12:22:20+00:00,bat1skaf,bat1skaf,Larsenov,white,1-0,win,,blitz,,Standard,300+3,300.0,3.0,1374.0,1364.0,1364.0,10.0,69,35,35,373.0,10.657142857142857,6.0,0.2571428571428571,,0.0,1.0,Modern Defense,Normal,12,5,2026-08-08,1.2246467991473532e-16,-1.0,1,0,0,True,1.0,draw,False,False,12.75,0,1,0,0,6,9,129,False,not_triggered
ZhfX6uyO,2026-08-08 12:34:30+00:00,bat1skaf,kretyn2,bat1skaf,black,0-1,win,,blitz,,Standard,300+3,300.0,3.0,1433.0,1381.0,1433.0,-52.0,12,6,6,42.0,7.0,5.5,0.0,,0.0,1.0,"Queen's Pawn Game: London System, with e6",Normal,12,5,2026-08-08,1.2246467991473532e-16,-1.0,1,0,0,True,1.0,win,False,True,12.166666666666666,0,2,0,1,7,9,129,False,not_triggered
KylOAwBh,2026-08-08 12:36:11+00:00,bat1skaf,Civilero,bat1skaf,black,1-0,loss,,blitz,,Standard,300+3,300.0,3.0,1427.0,1389.0,1427.0,-38.0,62,31,31,387.0,12.483870967741936,8.0,0.2903225806451613,0.8138709677419355,1.0,1.0,Queen's Gambit Declined,Normal,12,5,2026-08-08,1.2246467991473532e-16,-1.0,0,1,0,True,0.0,win,False,True,1.6833333333333333,1,0,0,2,8,9,129,False,not_triggered
45HFPJfi,2026-08-08 12:47:41+00:00,bat1skaf,bat1skaf,Federic11,white,1-0,win,,blitz,,Standard,300+3,300.0,3.0,1383.0,1396.0,1396.0,-13.0,119,60,60,427.0,7.116666666666666,4.0,0.1333333333333333,,0.0,1.0,Sicilian Defense: Modern Variations,Normal,12,5,2026-08-08,1.2246467991473532e-16,-1.0,1,0,0,True,1.0,loss,True,False,11.5,0,1,1,0,9,9,129,False,not_triggered
qgZRxWGn,2026-08-08 14:50:54+00:00,bat1skaf,bat1skaf,YosbaniArostegui,white,1-0,win,,blitz,,Standard,300+3,300.0,3.0,1390.0,1421.0,1421.0,-31.0,49,25,25,313.0,12.52,8.0,0.0,0.405,0.96,1.0,Italian Game: Anti-Fried Liver Defense,Normal,14,5,2026-08-08,-0.4999999999999997,-0.8660254037844388,1,0,0,True,1.0,win,False,True,123.21666666666667,0,2,0,1,1,3,130,False,not_triggered
ppuVgMb6,2026-08-08 15:03:14+00:00,bat1skaf,Jwen2772,bat1skaf,black,0-1,win,,blitz,,Standard,300+3,300.0,3.0,1385.0,1397.0,1385.0,12.0,100,50,50,433.0,8.66,5.0,0.48,0.5657999999999999,1.0,1.0,"French Defense: Classical Variation, Normal Variation",Normal,15,5,2026-08-08,-0.7071067811865471,-0.7071067811865479,1,0,0,True,1.0,win,False,True,12.333333333333334,0,3,0,2,2,3,130,False,not_triggered
20srmVtx,2026-08-08 15:30:54+00:00,bat1skaf,plaketka,bat1skaf,black,1/2-1/2,draw,,rapid,,Standard,600+5,600.0,5.0,1569.0,1551.0,1569.0,-18.0,165,83,82,987.0,12.03658536585366,6.0,0.5975609756097561,0.4740243902439024,1.0,1.0,English Opening: Agincourt Defense,Normal,15,5,2026-08-08,-0.7071067811865471,-0.7071067811865479,0,0,1,False,0.5,win,False,True,27.666666666666668,0,0,0,3,3,3,130,False,not_triggered
9S8BeJ58,2026-08-08 21:13:22+00:00,bat1skaf,bat1skaf,Isvara_das,white,0-1,loss,,blitz,,Standard,300+3,300.0,3.0,1403.0,1374.0,1374.0,29.0,192,96,96,505.0,5.260416666666667,2.0,0.4479166666666667,2.1264210526315788,0.9895833333333334,1.0,Italian Game: Classical Variation,Normal,21,5,2026-08-08,-0.7071067811865477,0.7071067811865474,0,1,0,True,0.0,draw,False,False,342.46666666666664,1,0,0,0,1,1,131,False,not_triggered
c9trgDIH,2026-08-09 13:43:34+00:00,bat1skaf,bat1skaf,JCMAURYA,white,1-0,win,,blitz,,Standard,300+3,300.0,3.0,1396.0,1511.0,1511.0,-115.0,55,28,28,374.0,13.357142857142858,9.5,0.1071428571428571,0.4903703703703704,0.9642857142857144,1.0,Modern Defense,Normal,13,6,2026-08-09,-0.2588190451025208,-0.9659258262890683,1,0,0,True,1.0,loss,True,False,990.2,0,1,1,0,1,1,132,False,not_triggered
MmWiXlLR,2026-08-09 15:31:00+00:00,bat1skaf,Malek-978,bat1skaf,black,1-0,loss,,blitz,,Standard,300+3,300.0,3.0,1383.0,1404.0,1383.0,21.0,61,31,30,371.0,12.366666666666667,9.0,0.2,0.2043333333333333,1.0,1.0,"Italian Game: Giuoco Pianissimo, Normal",Time forfeit,15,6,2026-08-09,-0.7071067811865471,-0.7071067811865479,0,1,0,True,0.0,win,False,True,107.43333333333334,1,0,0,1,1,1,133,False,not_triggered
nRsNTCer,2026-08-09 18:27:17+00:00,bat1skaf,MarkMcLeod,bat1skaf,black,0-1,win,,blitz,,Standard,300+3,300.0,3.0,1379.0,1398.0,1379.0,19.0,100,50,50,404.0,8.08,3.0,0.48,1.6934,1.0,1.0,King's Gambit,Normal,18,6,2026-08-09,-1.0,-1.8369701987210297e-16,1,0,0,True,1.0,loss,True,False,176.28333333333333,0,1,1,0,1,2,134,False,not_triggered
DM0wpwb0,2026-08-09 18:39:31+00:00,bat1skaf,bat1skaf,Joschka1234,white,0-1,loss,,blitz,,Standard,300+3,300.0,3.0,1404.0,1346.0,1346.0,58.0,106,53,53,441.0,8.320754716981131,3.0,0.4150943396226415,0.9571153846153846,0.981132075471698,1.0,"Italian Game: Two Knights Defense, Knight Attack, Normal Variation",Normal,18,6,2026-08-09,-1.0,-1.8369701987210297e-16,0,1,0,True,0.0,win,False,True,12.233333333333333,1,0,0,1,2,2,134,False,not_triggered
KWSIMETM,2026-08-09 20:56:36+00:00,bat1skaf,Ousontlesladys,bat1skaf,black,0-1,win,,blitz,,Standard,300+3,300.0,3.0,1374.0,1397.0,1374.0,23.0,58,29,29,292.0,10.06896551724138,7.0,0.0,0.4079310344827586,1.0,1.0,Horwitz Defense,Normal,20,6,2026-08-09,-0.8660254037844386,0.5000000000000001,1,0,0,True,1.0,loss,True,False,137.08333333333334,0,1,1,0,1,3,135,False,not_triggered
sUyyha6z,2026-08-09 21:09:59+00:00,bat1skaf,C_o_a_A,bat1skaf,black,1-0,loss,,blitz,,Standard,300+3,300.0,3.0,1453.0,1403.0,1453.0,-50.0,117,59,58,434.0,7.482758620689655,2.0,0.5172413793103449,1.7224137931034482,1.0,1.0,"Queen's Gambit Declined: Tarrasch Defense, Pseudo-Tarrasch",Normal,21,6,2026-08-09,-0.7071067811865477,0.7071067811865474,0,1,0,True,0.0,win,False,True,13.383333333333333,1,0,0,1,2,3,135,False,not_triggered
4kSMkLTx,2026-08-09 21:31:17+00:00,bat1skaf,Alexe984,bat1skaf,black,1-0,loss,,blitz,,Standard,300+3,300.0,3.0,1477.0,1398.0,1477.0,-79.0,77,39,38,401.0,10.552631578947368,4.0,0.5,0.5534210526315789,1.0,1.0,French Defense: Exchange Variation,Normal,21,6,2026-08-09,-0.7071067811865477,0.7071067811865474,0,1,0,True,0.0,loss,True,False,21.3,2,0,1,0,3,3,135,False,not_triggered
fnN1wvTK,2026-08-10 18:46:15+00:00,bat1skaf,bat1skaf,Posch79,white,1-0,win,,blitz,,Standard,300+3,300.0,3.0,1394.0,1444.0,1444.0,-50.0,91,46,46,365.0,7.934782608695652,3.0,0.0,0.5511111111111112,0.9782608695652174,1.0,French Defense: Exchange Variation,Normal,18,0,2026-08-10,-1.0,-1.8369701987210297e-16,1,0,0,True,1.0,loss,True,False,1274.9666666666667,0,1,2,0,1,1,136,False,not_triggered
YqnmvsKq,2026-08-11 19:12:53+00:00,bat1skaf,bat1skaf,pamla_tista_03,white,0-1,loss,,blitz,,Standard,300+3,300.0,3.0,1400.0,1353.0,1353.0,47.0,78,39,39,407.0,10.435897435897436,5.0,0.3333333333333333,0.75,0.9743589743589745,1.0,French Defense: Exchange Variation,Normal,19,1,2026-08-11,-0.9659258262890684,0.2588190451025203,0,1,0,True,0.0,win,False,True,1466.6333333333334,1,0,0,1,1,1,137,False,not_triggered
WiFRosYF,2026-08-12 20:34:12+00:00,bat1skaf,bat1skaf,negociant,white,1-0,win,,blitz,,Standard,300+3,300.0,3.0,1394.0,1384.0,1384.0,10.0,41,21,21,219.0,10.428571428571429,7.0,0.0,0.3125,0.9523809523809524,1.0,Italian Game: Anti-Fried Liver Defense,Time forfeit,20,2,2026-08-12,-0.8660254037844386,0.5000000000000001,1,0,0,True,1.0,loss,True,False,1521.3166666666666,0,1,1,0,1,1,138,False,not_triggered
bNx9JCwt,2026-08-12 22:36:17+00:00,bat1skaf,BingoPlayer999,bat1skaf,black,0-1,win,,blitz,,Standard,300+3,300.0,3.0,1362.0,1399.0,1362.0,37.0,110,55,55,459.0,8.345454545454546,5.0,0.6181818181818182,0.9455555555555556,0.9818181818181818,1.0,King's Gambit,Normal,22,2,2026-08-12,-0.5000000000000004,0.8660254037844384,1,0,0,True,1.0,win,False,True,122.08333333333333,0,2,0,1,1,1,139,False,not_triggered
yjyUyv3w,2026-08-13 07:04:14+00:00,bat1skaf,ali2635,bat1skaf,black,1-0,loss,,blitz,,Standard,300+3,300.0,3.0,1429.0,1405.0,1429.0,-24.0,81,41,40,407.0,10.175,5.0,0.425,0.58875,1.0,1.0,French Defense: Advance Variation,Normal,7,3,2026-08-13,0.9659258262890683,-0.25881904510252063,0,1,0,True,0.0,win,False,True,507.95,1,0,0,2,1,1,140,False,not_triggered
gKgwZU4B,2026-08-13 13:53:14+00:00,bat1skaf,bat1skaf,Schackfredrik,white,0-1,loss,,blitz,,Standard,300+3,300.0,3.0,1400.0,1417.0,1417.0,-17.0,52,26,26,374.0,14.96,12.0,0.1153846153846153,0.5576,0.9615384615384616,0.9615384615384616,"Sicilian Defense: O'Kelly Variation, Venice System",Time forfeit,13,3,2026-08-13,-0.2588190451025208,-0.9659258262890683,0,1,0,True,0.0,loss,True,False,409.0,2,0,1,0,1,1,141,False,not_triggered
TYLC1Mnd,2026-08-16 22:55:52+00:00,bat1skaf,bat1skaf,MrFxit9,white,0-1,loss,,blitz,,Standard,300+3,300.0,3.0,1394.0,1436.0,1436.0,-42.0,35,18,18,250.0,13.88888888888889,9.5,0.0,,0.0,1.0,Borg Defense,Normal,22,6,2026-08-16,-0.5000000000000004,0.8660254037844384,0,1,0,True,0.0,loss,True,False,4862.633333333333,3,0,2,0,1,1,142,False,not_triggered
Ekm1ZMuD,2026-08-17 19:47:54+00:00,bat1skaf,m7610a,bat1skaf,black,1-0,loss,,blitz,,Standard,300+3,300.0,3.0,1361.0,1388.0,1361.0,27.0,63,32,31,387.0,12.483870967741936,6.0,0.4193548387096774,0.6093548387096774,1.0,1.0,Italian Game: Giuoco Piano,Time forfeit,19,0,2026-08-17,-0.9659258262890684,0.2588190451025203,0,1,0,True,0.0,loss,True,False,1252.0333333333333,4,0,3,0,1,3,143,False,not_triggered
pLbdFqsa,2026-08-17 20:00:35+00:00,bat1skaf,bat1skaf,pincon-cuin_2021,white,0-1,loss,,blitz,,Standard,300+3,300.0,3.0,1382.0,1401.0,1401.0,-19.0,74,37,37,324.0,8.756756756756756,6.0,0.0,0.6127777777777779,0.972972972972973,1.0,French Defense: Exchange Variation,Normal,20,0,2026-08-17,-0.8660254037844386,0.5000000000000001,0,1,0,True,0.0,loss,True,False,12.683333333333334,5,0,4,0,2,3,143,False,not_triggered
WvTH0KUV,2026-08-17 20:29:31+00:00,bat1skaf,imthegoat10,bat1skaf,black,1-0,loss,,blitz,,Standard,300+3,300.0,3.0,1350.0,1376.0,1350.0,26.0,53,27,26,341.0,13.115384615384617,10.0,0.0,0.5319230769230769,1.0,1.0,French Defense: Steiner Variation,Normal,20,0,2026-08-17,-0.8660254037844386,0.5000000000000001,0,1,0,True,0.0,loss,True,False,28.933333333333334,6,0,5,0,3,3,143,False,not_triggered
wVIBYh9P,2026-08-18 21:30:14+00:00,bat1skaf,Guner5354Geyve,bat1skaf,black,0-1,win,,blitz,,Standard,300+3,300.0,3.0,1387.0,1370.0,1387.0,-17.0,96,48,48,437.0,9.104166666666666,7.0,0.25,0.473125,1.0,1.0,French Defense: Exchange Variation,Time forfeit,21,1,2026-08-18,-0.7071067811865477,0.7071067811865474,1,0,0,True,1.0,loss,True,False,1500.7166666666667,0,1,6,0,1,1,144,False,not_triggered
xW4vMLHW,2026-08-19 20:41:47+00:00,bat1skaf,bat1skaf,MadhavJP,white,0-1,loss,,blitz,,Standard,300+3,300.0,3.0,1376.0,1295.0,1295.0,81.0,60,30,30,356.0,11.866666666666667,10.5,0.0,,0.0,1.0,Italian Game: Anti-Fried Liver Defense,Normal,20,2,2026-08-19,-0.8660254037844386,0.5000000000000001,0,1,0,True,0.0,win,False,True,1391.55,1,0,0,1,1,1,145,False,not_triggered
Yo0Hfgz9,2026-08-20 15:06:57+00:00,bat1skaf,Alymeny,bat1skaf,black,0-1,win,,blitz,,Standard,300+3,300.0,3.0,1379.0,1369.0,1379.0,-10.0,68,34,34,396.0,11.647058823529411,8.0,0.2058823529411764,0.8854545454545455,0.9705882352941176,1.0,French Defense: Advance Variation,Normal,15,3,2026-08-20,-0.7071067811865471,-0.7071067811865479,1,0,0,True,1.0,loss,True,False,1105.1666666666667,0,1,1,0,1,1,146,False,not_triggered
LhORIl18,2026-08-20 21:34:02+00:00,bat1skaf,bat1skaf,hossein_21,white,1-0,win,,blitz,,Standard,300+3,300.0,3.0,1375.0,1361.0,1361.0,14.0,149,75,75,469.0,6.337837837837838,3.0,0.3466666666666667,0.2133783783783783,0.9866666666666668,0.9866666666666668,Scandinavian Defense: Valencian Variation,Normal,21,3,2026-08-20,-0.7071067811865477,0.7071067811865474,1,0,0,True,1.0,win,False,True,387.0833333333333,0,2,0,1,1,1,147,False,not_triggered
IfWa8Rv0,2026-08-21 13:36:18+00:00,bat1skaf,bat1skaf,YMoto7,white,0-1,loss,,blitz,,Standard,300+3,300.0,3.0,1381.0,1400.0,1400.0,-19.0,62,31,31,384.0,12.387096774193548,9.0,0.1612903225806451,0.49,0.967741935483871,1.0,Czech Defense,Time forfeit,13,4,2026-08-21,-0.2588190451025208,-0.9659258262890683,0,1,0,True,0.0,win,False,True,962.2666666666667,1,0,0,2,1,1,148,False,not_triggered
BgrmnnlB,2026-08-22 16:34:04+00:00,bat1skaf,schachma,bat1skaf,black,0-1,win,,blitz,,Standard,300+3,300.0,3.0,1379.0,1375.0,1379.0,-4.0,66,33,33,296.0,8.969696969696969,7.0,0.0,0.4965624999999999,0.9696969696969696,1.0,Vienna Game: Max Lange Defense,Normal,16,5,2026-08-22,-0.8660254037844385,-0.5000000000000004,1,0,0,True,1.0,loss,True,False,1617.7666666666667,0,1,1,0,1,2,149,False,not_triggered
QSLKS8h4,2026-08-22 16:44:53+00:00,bat1skaf,bat1skaf,rain1212,white,1/2-1/2,draw,,blitz,,Standard,300+3,300.0,3.0,1381.0,1371.0,1371.0,10.0,111,56,56,419.0,7.482142857142857,5.0,0.0,,0.0,1.0,French Defense: Exchange Variation,Normal,16,5,2026-08-22,-0.8660254037844385,-0.5000000000000004,0,0,1,False,0.5,win,False,True,10.816666666666666,0,0,0,1,2,2,149,False,not_triggered
XZAXkX4e,2026-08-22 21:42:15+00:00,bat1skaf,Vladrumos,bat1skaf,black,0-1,win,,blitz,,Standard,300+3,300.0,3.0,1374.0,1381.0,1374.0,7.0,148,74,74,482.0,6.513513513513513,3.0,0.581081081081081,1.5332432432432437,1.0,1.0,French Defense: Exchange Variation,Normal,21,5,2026-08-22,-0.7071067811865477,0.7071067811865474,1,0,0,True,1.0,draw,False,False,297.3666666666667,0,1,0,0,1,1,150,False,not_triggered
05f1gRcl,2026-08-22 22:16:49+00:00,bat1skaf,bat1skaf,marfema,white,0-1,loss,,blitz,,Standard,300+3,300.0,3.0,1387.0,1394.0,1394.0,-7.0,118,59,59,449.0,7.610169491525424,3.0,0.5084745762711864,0.4672413793103449,0.9830508474576272,1.0,Philidor Defense,Normal,22,5,2026-08-22,-0.5000000000000004,0.8660254037844384,0,1,0,True,0.0,win,False,True,34.56666666666667,1,0,0,1,1,1,151,False,not_triggered
1nEEJmT9,2026-08-23 10:19:48+00:00,bat1skaf,Doykalson,bat1skaf,black,0-1,win,,blitz,,Standard,300+3,300.0,3.0,1436.0,1381.0,1436.0,-55.0,76,38,38,391.0,10.289473684210526,10.0,0.1052631578947368,0.3694736842105263,1.0,1.0,French Defense: Exchange Variation,Time forfeit,10,6,2026-08-23,0.49999999999999994,-0.8660254037844387,1,0,0,True,1.0,loss,True,False,722.9833333333333,0,1,1,0,1,3,152,False,not_triggered
qloMrAk4,2026-08-23 10:44:20+00:00,bat1skaf,ForTheMating,bat1skaf,black,1/2-1/2,draw,,blitz,,Standard,300+3,300.0,3.0,1440.0,1388.0,1440.0,-52.0,45,23,22,349.0,15.863636363636363,4.5,0.2272727272727272,0.5245454545454545,1.0,1.0,French Defense: Exchange Variation,Normal,10,6,2026-08-23,0.49999999999999994,-0.8660254037844387,0,0,1,False,0.5,win,False,True,24.533333333333335,0,0,0,1,2,3,152,False,not_triggered
ySGK3zJ1,2026-08-23 11:09:50+00:00,bat1skaf,bat1skaf,Ezdakov_700,white,1-0,win,,blitz,,Standard,300+3,300.0,3.0,1389.0,1392.0,1392.0,-3.0,65,33,33,383.0,11.606060606060606,7.0,0.3333333333333333,0.82875,0.9696969696969696,1.0,Petrov's Defense,Normal,11,6,2026-08-23,0.258819045102521,-0.9659258262890682,1,0,0,True,1.0,draw,False,False,25.5,0,1,0,0,3,3,152,False,not_triggered
fZFpoA8b,2026-08-23 12:58:06+00:00,bat1skaf,bat1skaf,ogipek,white,1-0,win,,blitz,,Standard,300+3,300.0,3.0,1395.0,1409.0,1409.0,-14.0,53,27,27,359.0,13.296296296296296,9.0,0.2222222222222222,0.6776923076923077,0.9629629629629628,1.0,Sicilian Defense: Hyperaccelerated Dragon,Normal,12,6,2026-08-23,1.2246467991473532e-16,-1.0,1,0,0,True,1.0,win,False,True,108.26666666666667,0,2,0,1,1,1,153,False,not_triggered
qR0bj5kz,2026-08-23 13:47:12+00:00,bat1skaf,flibit,bat1skaf,black,1-0,loss,,blitz,,Standard,300+3,300.0,3.0,1429.0,1400.0,1429.0,-29.0,51,26,25,274.0,10.96,8.0,0.0,0.4568,1.0,1.0,French Defense: Exchange Variation,Normal,13,6,2026-08-23,-0.2588190451025208,-0.9659258262890683,0,1,0,True,0.0,win,False,True,49.1,1,0,0,2,1,2,154,False,not_triggered
uGDFzB8v,2026-08-23 13:55:34+00:00,bat1skaf,valdemarll,bat1skaf,black,0-1,win,,blitz,,Standard,300+3,300.0,3.0,1498.0,1395.0,1498.0,-103.0,54,27,27,234.0,8.666666666666666,4.0,0.0,,0.0,1.0,French Defense: Exchange Variation,Normal,13,6,2026-08-23,-0.2588190451025208,-0.9659258262890683,1,0,0,True,1.0,loss,True,False,8.366666666666667,0,1,1,0,2,2,154,False,not_triggered
uE2eHjqd,2026-08-24 10:54:51+00:00,bat1skaf,YIL1985DIRAY,bat1skaf,black,1-0,loss,,blitz,,Standard,300+3,300.0,3.0,1382.0,1403.0,1382.0,21.0,43,22,21,335.0,15.952380952380953,9.0,0.0952380952380952,1.164285714285714,1.0,1.0,French Defense: Advance Variation,Normal,10,0,2026-08-24,0.49999999999999994,-0.8660254037844387,0,1,0,True,0.0,win,False,True,1259.2833333333333,1,0,0,1,1,4,155,False,not_triggered
JP1VoNb7,2026-08-24 11:04:41+00:00,bat1skaf,bat1skaf,byMart,white,1-0,win,,blitz,,Standard,300+3,300.0,3.0,1397.0,1401.0,1401.0,-4.0,69,35,35,385.0,11.0,5.0,0.5142857142857142,0.9361764705882354,0.9714285714285714,1.0,Caro-Kann Defense,Normal,11,0,2026-08-24,0.258819045102521,-0.9659258262890682,1,0,0,True,1.0,loss,True,False,9.833333333333334,0,1,1,0,2,4,155,False,not_triggered
4hwc4B4b,2026-08-24 11:15:25+00:00,bat1skaf,bat1skaf,SlavicChesslet,white,0-1,loss,,blitz,,Standard,300+3,300.0,3.0,1402.0,1376.0,1376.0,26.0,102,51,51,410.0,8.03921568627451,3.0,0.5686274509803921,1.1088,0.9803921568627452,1.0,Scandinavian Defense: Modern Variation,Normal,11,0,2026-08-24,0.258819045102521,-0.9659258262890682,0,1,0,True,0.0,win,False,True,10.733333333333333,1,0,0,1,3,4,155,False,not_triggered
hQCnFQUQ,2026-08-24 11:30:50+00:00,bat1skaf,bat1skaf,Inkeroinen,white,0-1,loss,,blitz,,Standard,300+3,300.0,3.0,1396.0,1426.0,1426.0,-30.0,44,22,22,264.0,12.0,9.5,0.0,1.0233333333333332,0.9545454545454546,1.0,Caro-Kann Defense,Normal,11,0,2026-08-24,0.258819045102521,-0.9659258262890682,0,1,0,True,0.0,loss,True,False,15.416666666666666,2,0,1,0,4,4,155,False,not_triggered
QEvjWaT2,2026-08-24 16:33:29+00:00,bat1skaf,ariyaboys,bat1skaf,black,1-0,loss,,blitz,,Standard,300+3,300.0,3.0,1411.0,1391.0,1411.0,-20.0,41,21,20,170.0,8.5,7.5,0.0,,0.0,1.0,Van't Kruijs Opening,Normal,16,0,2026-08-24,-0.8660254037844385,-0.5000000000000004,0,1,0,True,0.0,loss,True,False,302.65,3,0,2,0,1,1,156,False,not_triggered
8Xt2xN5T,2026-08-25 15:33:29+00:00,bat1skaf,bat1skaf,aadvaark,white,1-0,win,,blitz,,Standard,300+3,300.0,3.0,1386.0,1306.0,1306.0,80.0,43,22,22,251.0,11.409090909090908,8.0,0.0,0.2757142857142858,0.9545454545454546,1.0,Italian Game: Classical Variation,Normal,15,1,2026-08-25,-0.7071067811865471,-0.7071067811865479,1,0,0,True,1.0,loss,True,False,1380.0,0,1,3,0,1,5,157,False,not_triggered
chz9brNR,2026-08-25 15:41:31+00:00,bat1skaf,bat1skaf,azize4e,white,0-1,loss,,blitz,,Standard,300+3,300.0,3.0,1390.0,1453.0,1453.0,-63.0,46,23,23,356.0,15.478260869565217,9.0,0.1739130434782608,0.9427272727272727,0.9565217391304348,1.0,"Italian Game: Two Knights Defense, Knight Attack, Normal Variation",Normal,15,1,2026-08-25,-0.7071067811865471,-0.7071067811865479,0,1,0,True,0.0,win,False,True,8.033333333333333,1,0,0,1,2,5,157,False,not_triggered
gH384vLq,2026-08-25 15:52:11+00:00,bat1skaf,Nimran,bat1skaf,black,1-0,loss,,blitz,,Standard,300+3,300.0,3.0,1365.0,1385.0,1365.0,20.0,71,36,35,394.0,11.257142857142858,11.0,0.2571428571428571,0.5599999999999999,1.0,1.0,French Defense: Exchange Variation,Normal,15,1,2026-08-25,-0.7071067811865471,-0.7071067811865479,0,1,0,True,0.0,loss,True,False,10.666666666666666,2,0,1,0,3,5,157,False,not_triggered
zLPuMrZW,2026-08-25 16:05:40+00:00,bat1skaf,Milchbubi5,bat1skaf,black,0-1,win,,blitz,,Standard,300+3,300.0,3.0,1434.0,1379.0,1434.0,-55.0,122,61,61,425.0,6.967213114754099,4.0,0.0,0.4121666666666667,0.9836065573770492,1.0,French Defense: Queen's Knight,Normal,16,1,2026-08-25,-0.8660254037844385,-0.5000000000000004,1,0,0,True,1.0,loss,True,False,13.483333333333333,0,1,2,0,4,5,157,False,not_triggered
9ulmXQK1,2026-08-25 16:22:12+00:00,bat1skaf,bat1skaf,Gordian94,white,0-1,loss,,blitz,,Standard,300+3,300.0,3.0,1386.0,1449.0,1449.0,-63.0,52,26,26,373.0,14.346153846153848,9.0,0.1923076923076923,0.3339999999999999,0.9615384615384616,1.0,Pirc Defense: Classical Variation,Time forfeit,16,1,2026-08-25,-0.8660254037844385,-0.5000000000000004,0,1,0,True,0.0,win,False,True,16.533333333333335,1,0,0,1,5,5,157,False,not_triggered
8ziIl0be,2026-08-25 16:59:15+00:00,bat1skaf,EvgenyZinoffkin,bat1skaf,black,0-1,win,,blitz,,Standard,300+3,300.0,3.0,1372.0,1381.0,1372.0,9.0,62,31,31,288.0,9.290322580645162,8.0,0.0,0.3109999999999999,0.967741935483871,1.0,Saragossa Opening,Normal,16,1,2026-08-25,-0.8660254037844385,-0.5000000000000004,1,0,0,True,1.0,loss,True,False,37.05,0,1,1,0,1,5,158,False,not_triggered
b9HVEvhC,2026-08-25 17:08:25+00:00,bat1skaf,bat1skaf,Leporello2,white,1-0,win,,blitz,,Standard,300+3,300.0,3.0,1387.0,1372.0,1372.0,15.0,103,52,52,441.0,8.48076923076923,4.0,0.5,0.4664705882352941,0.9807692307692308,1.0,Philidor Defense,Normal,17,1,2026-08-25,-0.9659258262890683,-0.25881904510252063,1,0,0,True,1.0,win,False,True,9.166666666666666,0,2,0,1,2,5,158,False,not_triggered
379AALag,2026-08-25 17:24:02+00:00,bat1skaf,Rarri_tet,bat1skaf,black,0-1,win,,blitz,,Standard,300+3,300.0,3.0,1456.0,1392.0,1456.0,-64.0,12,6,6,47.0,7.833333333333333,3.0,0.0,,0.0,1.0,French Defense: Two Knights Variation,Time forfeit,17,1,2026-08-25,-0.9659258262890683,-0.25881904510252063,1,0,0,True,1.0,win,False,True,15.616666666666667,0,3,0,2,3,5,158,False,not_triggered
WV7wBrRE,2026-08-25 17:26:50+00:00,bat1skaf,HamleUstasi11,bat1skaf,black,1-0,loss,,blitz,,Standard,300+3,300.0,3.0,1361.0,1399.0,1361.0,38.0,39,20,19,213.0,11.210526315789474,6.0,0.0,,0.0,1.0,French Defense: Exchange Variation,Normal,17,1,2026-08-25,-0.9659258262890683,-0.25881904510252063,0,1,0,True,0.0,win,False,True,2.8,1,0,0,3,4,5,158,False,not_triggered
x0H2vdZe,2026-08-25 17:32:30+00:00,bat1skaf,bat1skaf,sushen1111,white,1-0,win,,blitz,,Standard,300+3,300.0,3.0,1393.0,1388.0,1388.0,5.0,33,17,17,207.0,12.176470588235292,8.0,0.0,0.37,0.8823529411764706,1.0,Italian Game: Anti-Fried Liver Defense,Normal,17,1,2026-08-25,-0.9659258262890683,-0.25881904510252063,1,0,0,True,1.0,loss,True,False,5.666666666666667,0,1,1,0,5,5,158,False,not_triggered
QBo0WPCK,2026-08-25 19:10:51+00:00,bat1skaf,bat1skaf,npanz,white,1-0,win,,blitz,,Standard,300+3,300.0,3.0,1399.0,1348.0,1348.0,51.0,35,18,18,133.0,7.388888888888889,5.5,0.0,,0.0,1.0,Scandinavian Defense: Valencian Variation,Normal,19,1,2026-08-25,-0.9659258262890684,0.2588190451025203,1,0,0,True,1.0,win,False,True,98.35,0,2,0,1,1,6,159,False,not_triggered
L1gpTbnz,2026-08-25 19:14:22+00:00,bat1skaf,NeferPaco,bat1skaf,black,0-1,win,,blitz,,Standard,300+3,300.0,3.0,1390.0,1403.0,1390.0,13.0,58,29,29,308.0,10.620689655172416,8.0,0.0,0.3882758620689654,1.0,1.0,French Defense: Knight Variation,Normal,19,1,2026-08-25,-0.9659258262890684,0.2588190451025203,1,0,0,True,1.0,win,False,True,3.5166666666666666,0,3,0,2,2,6,159,False,not_triggered
ycZHh4Vi,2026-08-25 19:26:17+00:00,bat1skaf,Rocketknight1,bat1skaf,black,0-1,win,,blitz,,Standard,300+3,300.0,3.0,1354.0,1409.0,1354.0,55.0,17,9,8,87.0,10.875,3.5,0.0,,0.0,1.0,French Defense: Exchange Variation,Normal,19,1,2026-08-25,-0.9659258262890684,0.2588190451025203,1,0,0,True,1.0,win,False,True,11.916666666666666,0,4,0,3,3,6,159,False,not_triggered
VZKzJSvz,2026-08-25 19:28:56+00:00,bat1skaf,Alizkhan,bat1skaf,black,0-1,win,,blitz,,Standard,300+3,300.0,3.0,1403.0,1414.0,1403.0,11.0,40,20,20,309.0,15.45,9.5,0.0,0.1521052631578947,0.95,1.0,Polish Opening,Normal,19,1,2026-08-25,-0.9659258262890684,0.2588190451025203,1,0,0,True,1.0,win,False,True,2.65,0,5,0,4,4,6,159,False,not_triggered
4W1V2zw6,2026-08-25 19:39:04+00:00,bat1skaf,Krishnp92,bat1skaf,black,0-1,win,,blitz,,Standard,300+3,300.0,3.0,1512.0,1420.0,1512.0,-92.0,39,20,19,298.0,15.68421052631579,12.0,0.0,0.3052631578947369,1.0,1.0,Horwitz Defense,Normal,19,1,2026-08-25,-0.9659258262890684,0.2588190451025203,1,0,0,True,1.0,win,False,True,10.133333333333333,0,6,0,5,5,6,159,False,not_triggered
D79xSoty,2026-08-25 19:47:26+00:00,bat1skaf,bat1skaf,Givil81,white,0-1,loss,,blitz,,Standard,300+3,300.0,3.0,1427.0,1390.0,1390.0,37.0,19,10,10,170.0,17.0,19.0,0.0,,0.0,1.0,Italian Game: Blackburne-Kostić Gambit,Normal,19,1,2026-08-25,-0.9659258262890684,0.2588190451025203,0,1,0,True,0.0,win,False,True,8.366666666666667,1,0,0,6,6,6,159,False,not_triggered
OFBUySwZ,2026-08-26 09:43:29+00:00,bat1skaf,bat1skaf,Jobdena,white,1-0,win,,blitz,,Standard,300+3,300.0,3.0,1420.0,1351.0,1351.0,69.0,27,14,14,129.0,9.214285714285714,6.5,0.0,0.2746153846153846,0.9285714285714286,1.0,Sicilian Defense: Hyperaccelerated Dragon,Normal,9,2,2026-08-26,0.7071067811865476,-0.7071067811865475,1,0,0,True,1.0,loss,True,False,836.05,0,1,1,0,1,4,160,False,not_triggered
9PFGWBTi,2026-08-26 10:07:00+00:00,bat1skaf,Dineshdexorcist,bat1skaf,black,0-1,win,,blitz,,Standard,300+3,300.0,3.0,1356.0,1425.0,1356.0,69.0,36,18,18,247.0,13.72222222222222,7.0,0.0,0.5883333333333334,1.0,1.0,Horwitz Defense,Time forfeit,10,2,2026-08-26,0.49999999999999994,-0.8660254037844387,1,0,0,True,1.0,win,False,True,23.516666666666666,0,2,0,1,2,4,160,False,not_triggered
aZ3JlFEJ,2026-08-26 10:16:15+00:00,bat1skaf,bat1skaf,mahdi-abdi2024,white,0-1,loss,,blitz,,Standard,300+3,300.0,3.0,1430.0,1413.0,1413.0,17.0,108,54,54,444.0,8.222222222222221,5.5,0.5555555555555556,0.6718867924528302,0.9814814814814816,1.0,Four Knights Game: Italian Variation,Normal,10,2,2026-08-26,0.49999999999999994,-0.8660254037844387,0,1,0,True,0.0,win,False,True,9.25,1,0,0,2,3,4,160,False,not_triggered
SvWxy88j,2026-08-26 10:32:10+00:00,bat1skaf,bat1skaf,Fo_Norouzi,white,0-1,loss,,blitz,,Standard,300+3,300.0,3.0,1424.0,1438.0,1438.0,-14.0,56,28,28,374.0,13.357142857142858,8.5,0.1785714285714285,0.8433333333333333,0.9642857142857144,1.0,"Italian Game: Two Knights Defense, Knight Attack",Time forfeit,10,2,2026-08-26,0.49999999999999994,-0.8660254037844387,0,1,0,True,0.0,loss,True,False,15.916666666666666,2,0,1,0,4,4,160,False,not_triggered
LvaU9kak,2026-08-26 12:24:06+00:00,bat1skaf,Shao137,bat1skaf,black,1-0,loss,,blitz,,Standard,300+3,300.0,3.0,1406.0,1418.0,1406.0,12.0,59,30,29,360.0,12.413793103448276,11.0,0.0344827586206896,0.7375862068965517,1.0,1.0,English Opening: Agincourt Defense,Normal,12,2,2026-08-26,1.2246467991473532e-16,-1.0,0,1,0,True,0.0,loss,True,False,111.93333333333334,3,0,2,0,1,1,161,False,not_triggered
cb0sstzK,2026-08-26 13:07:01+00:00,bat1skaf,bat1skaf,KeyFMinor,white,1/2-1/2,draw,,blitz,,Standard,300+3,300.0,3.0,1412.0,1438.0,1438.0,-26.0,121,61,61,472.0,7.737704918032787,4.0,0.4918032786885246,0.1998333333333333,0.9836065573770492,1.0,Philidor Defense,Normal,13,2,2026-08-26,-0.2588190451025208,-0.9659258262890683,0,0,1,False,0.5,loss,True,False,42.916666666666664,0,0,3,0,1,1,162,False,not_triggered
jpJP1hVY,2026-08-26 15:23:58+00:00,bat1skaf,OGachet,bat1skaf,black,1-0,loss,,blitz,,Standard,300+3,300.0,3.0,1425.0,1413.0,1425.0,-12.0,56,28,28,361.0,12.892857142857142,9.5,0.0714285714285714,,0.0,1.0,"French Defense: Advance Variation, Nimzowitsch System",Normal,15,2,2026-08-26,-0.7071067811865471,-0.7071067811865479,0,1,0,True,0.0,draw,False,False,136.95,1,0,0,0,1,5,163,False,not_triggered
rlwd4ikS,2026-08-26 15:35:36+00:00,bat1skaf,bat1skaf,algo12366,white,1-0,win,,blitz,,Standard,300+3,300.0,3.0,1407.0,1376.0,1376.0,31.0,22,11,11,19.0,1.7272727272727273,1.0,0.0,0.0959999999999999,0.9090909090909092,1.0,Caro-Kann Defense,Normal,15,2,2026-08-26,-0.7071067811865471,-0.7071067811865479,1,0,0,True,1.0,loss,True,False,11.633333333333333,0,1,1,0,2,5,163,False,not_triggered
X4PwwK2g,2026-08-26 15:39:26+00:00,bat1skaf,bat1skaf,Cnelok,white,0-1,loss,,blitz,,Standard,300+3,300.0,3.0,1412.0,1349.0,1349.0,63.0,32,16,16,156.0,9.75,4.5,0.0,0.6886666666666666,0.9375,1.0,French Defense: St. George Defense,Normal,15,2,2026-08-26,-0.7071067811865471,-0.7071067811865479,0,1,0,True,0.0,win,False,True,3.8333333333333335,1,0,0,1,3,5,163,False,not_triggered
Bfui9w4O,2026-08-26 15:43:35+00:00,bat1skaf,romario_2011,bat1skaf,black,0-1,win,,blitz,,Standard,300+3,300.0,3.0,1486.0,1405.0,1486.0,-81.0,78,39,39,398.0,10.205128205128204,8.0,0.1025641025641025,0.5115384615384616,1.0,1.0,French Defense,Normal,15,2,2026-08-26,-0.7071067811865471,-0.7071067811865479,1,0,0,True,1.0,loss,True,False,4.15,0,1,1,0,4,5,163,False,not_triggered
i1VbgdeX,2026-08-26 16:01:23+00:00,bat1skaf,vlatkanshahista,bat1skaf,black,0-1,win,,blitz,,Standard,300+3,300.0,3.0,1364.0,1413.0,1364.0,49.0,64,32,32,329.0,10.28125,9.5,0.0,0.1524999999999999,1.0,1.0,French Defense: Steinitz Attack,Normal,16,2,2026-08-26,-0.8660254037844385,-0.5000000000000004,1,0,0,True,1.0,win,False,True,17.8,0,2,0,1,5,5,163,False,not_triggered
E66QxVRJ,2026-08-26 22:15:46+00:00,bat1skaf,tandre1987,bat1skaf,black,1-0,loss,,blitz,,Standard,300+3,300.0,3.0,1522.0,1418.0,1522.0,-104.0,101,51,50,434.0,8.68,5.0,0.28,0.5554000000000001,1.0,1.0,Horwitz Defense,Normal,22,2,2026-08-26,-0.5000000000000004,0.8660254037844384,0,1,0,True,0.0,win,False,True,374.3833333333333,1,0,0,2,1,1,164,False,not_triggered
6TWqIc5L,2026-08-26 23:36:42+00:00,bat1skaf,bat1skaf,M4point5,white,1-0,win,,blitz,,Standard,300+3,300.0,3.0,1414.0,1318.0,1318.0,96.0,47,24,24,205.0,8.541666666666666,5.5,0.0,0.1813043478260869,0.9583333333333334,1.0,Scandinavian Defense: Main Line,Normal,23,2,2026-08-26,-0.25881904510252157,0.9659258262890681,1,0,0,True,1.0,loss,True,False,80.93333333333334,0,1,1,0,1,1,165,False,not_triggered
Ftp7WkLI,2026-08-27 09:15:09+00:00,bat1skaf,bat1skaf,rakhmathidayat,white,0-1,loss,,blitz,,Standard,300+3,300.0,3.0,1418.0,1445.0,1445.0,-27.0,50,25,25,320.0,12.8,7.0,0.0,0.5670833333333334,0.96,1.0,French Defense: Exchange Variation,Normal,9,3,2026-08-27,0.7071067811865476,-0.7071067811865475,0,1,0,True,0.0,win,False,True,578.45,1,0,0,1,1,1,166,False,not_triggered
ryx4xKXd,2026-08-27 15:00:33+00:00,bat1skaf,emilgochess,bat1skaf,black,1-0,loss,,blitz,,Standard,300+3,300.0,3.0,1430.0,1412.0,1430.0,-18.0,87,44,43,417.0,9.928571428571429,7.5,0.3023255813953488,1.0334883720930232,1.0,0.9767441860465116,"French Defense: Advance Variation, Nimzowitsch System",Normal,15,3,2026-08-27,-0.7071067811865471,-0.7071067811865479,0,1,0,True,0.0,loss,True,False,345.4,2,0,1,0,1,3,167,False,not_triggered
o2zO0hWh,2026-08-27 15:12:59+00:00,bat1skaf,bat1skaf,SerjMinosyants,white,1-0,win,,blitz,,Standard,300+3,300.0,3.0,1407.0,1380.0,1380.0,27.0,56,28,28,234.0,8.357142857142858,5.0,0.0,0.587037037037037,0.9642857142857144,1.0,Italian Game: Paris Defense,Normal,15,3,2026-08-27,-0.7071067811865471,-0.7071067811865479,1,0,0,True,1.0,loss,True,False,12.433333333333334,0,1,2,0,2,3,167,False,not_triggered
5hBZw8uY,2026-08-27 15:22:41+00:00,bat1skaf,AhmedSizar,bat1skaf,black,1-0,loss,,blitz,,Standard,300+3,300.0,3.0,1412.0,1412.0,1412.0,0.0,49,25,24,330.0,13.75,11.0,0.0,0.5079166666666666,1.0,1.0,Queen's Gambit Declined: Queen's Knight Variation,Normal,15,3,2026-08-27,-0.7071067811865471,-0.7071067811865479,0,1,0,True,0.0,win,False,True,9.7,1,0,0,1,3,3,167,False,not_triggered
bn67qpOu,2026-08-27 17:07:55+00:00,bat1skaf,bat1skaf,WhatWillItTakes,white,0-1,loss,,blitz,,Standard,300+3,300.0,3.0,1407.0,1396.0,1396.0,11.0,76,38,38,355.0,9.342105263157896,6.5,0.0,0.8091891891891891,0.9736842105263158,1.0,Philidor Defense,Normal,17,3,2026-08-27,-0.9659258262890683,-0.25881904510252063,0,1,0,True,0.0,loss,True,False,105.23333333333333,2,0,1,0,1,3,168,False,not_triggered
7Hngufku,2026-08-27 17:22:14+00:00,bat1skaf,nmcb,bat1skaf,black,1-0,loss,,blitz,,Standard,300+3,300.0,3.0,1402.0,1401.0,1402.0,-1.0,66,33,33,382.0,11.575757575757576,7.0,0.1212121212121212,0.7848484848484848,1.0,1.0,French Defense: Exchange Variation,Normal,17,3,2026-08-27,-0.9659258262890683,-0.25881904510252063,0,1,0,True,0.0,loss,True,False,14.316666666666666,3,0,2,0,2,3,168,False,not_triggered
QDwz9OdY,2026-08-27 17:34:41+00:00,bat1skaf,bat1skaf,omari_chess,white,0-1,loss,,blitz,,Standard,300+3,300.0,3.0,1395.0,1460.0,1460.0,-65.0,60,30,30,372.0,12.4,6.5,0.1666666666666666,0.8075862068965518,0.9666666666666668,1.0,Italian Game,Normal,17,3,2026-08-27,-0.9659258262890683,-0.25881904510252063,0,1,0,True,0.0,loss,True,False,12.45,4,0,3,0,3,3,168,False,not_triggered
aOYNQ2L5,2026-08-27 18:09:11+00:00,bat1skaf,Grigory_Bar,bat1skaf,black,1-0,loss,,blitz,,Standard,300+3,300.0,3.0,1485.0,1390.0,1485.0,-95.0,85,43,42,422.0,10.047619047619047,6.5,0.3333333333333333,0.6980952380952382,1.0,1.0,French Defense: Wing Gambit,Normal,18,3,2026-08-27,-1.0,-1.8369701987210297e-16,0,1,0,True,0.0,loss,True,False,34.5,5,0,4,0,1,1,169,False,not_triggered
sx235aaF,2026-09-05 19:32:00+00:00,bat1skaf,bat1skaf,pelkowsky,white,1-0,win,,blitz,,Standard,300+3,300.0,3.0,1386.0,1441.0,1441.0,-55.0,61,31,31,351.0,11.32258064516129,10.0,0.0,,0.0,1.0,Sicilian Defense: French Variation,Normal,19,5,2026-09-05,-0.9659258262890684,0.2588190451025203,1,0,0,True,1.0,loss,True,False,13042.816666666668,0,1,5,0,1,3,170,False,not_triggered
XzHinrNA,2026-09-05 19:41:54+00:00,bat1skaf,vanta7black,bat1skaf,black,0-1,win,,blitz,,Standard,300+3,300.0,3.0,1447.0,1394.0,1447.0,-53.0,36,18,18,205.0,11.38888888888889,8.5,0.0,,0.0,1.0,French Defense: La Bourdonnais Variation,Normal,19,5,2026-09-05,-0.9659258262890684,0.2588190451025203,1,0,0,True,1.0,win,False,True,9.9,0,2,0,1,2,3,170,False,not_triggered
L70zn6Kr,2026-09-05 19:48:44+00:00,bat1skaf,bat1skaf,MaxiPro1008,white,0-1,loss,,blitz,,Standard,300+3,300.0,3.0,1402.0,1410.0,1410.0,-8.0,46,23,23,340.0,14.782608695652174,8.0,0.1304347826086956,,0.0,1.0,Pirc Defense: Classical Variation,Normal,19,5,2026-09-05,-0.9659258262890684,0.2588190451025203,0,1,0,True,0.0,win,False,True,6.833333333333333,1,0,0,2,3,3,170,False,not_triggered
LgEZDl0y,2026-09-05 20:34:25+00:00,bat1skaf,Javad2481362,bat1skaf,black,1-0,loss,,bullet,,Standard,60+0,60.0,0.0,1476.0,1475.0,1476.0,-1.0,53,27,26,59.0,2.269230769230769,1.5,0.1153846153846153,,0.0,1.0,French Defense,Time forfeit,20,5,2026-09-05,-0.8660254037844386,0.5000000000000001,0,1,0,True,0.0,loss,True,False,45.68333333333333,2,0,1,0,1,4,171,False,not_triggered
92rKaTKq,2026-09-05 20:36:27+00:00,bat1skaf,vestalia5,bat1skaf,black,1-0,loss,,bullet,,Standard,60+0,60.0,0.0,1385.0,1456.0,1385.0,71.0,29,15,14,28.0,2.0,1.0,0.0,,0.0,1.0,"French Defense: Advance Variation, Nimzowitsch System",Normal,20,5,2026-09-05,-0.8660254037844386,0.5000000000000001,0,1,0,True,0.0,loss,True,False,2.033333333333333,3,0,2,0,2,4,171,True,previous_loss + short_break + required_loss_streak
2Ve5uFOZ,2026-09-05 20:37:49+00:00,bat1skaf,bat1skaf,Luis_Carosini,white,0-1,loss,,bullet,,Standard,60+0,60.0,0.0,1433.0,1456.0,1456.0,-23.0,94,47,47,52.0,1.1063829787234043,1.0,0.1914893617021276,,0.0,1.0,Italian Game: Paris Defense,Time forfeit,20,5,2026-09-05,-0.8660254037844386,0.5000000000000001,0,1,0,True,0.0,loss,True,False,1.3666666666666667,4,0,3,0,3,4,171,True,previous_loss + short_break + required_loss_streak
jazcSMzd,2026-09-05 20:42:53+00:00,bat1skaf,bat1skaf,Sanskarplays,white,0-1,loss,,bullet,,Standard,60+0,60.0,0.0,1416.0,1419.0,1419.0,-3.0,42,21,21,52.0,2.4761904761904763,2.0,0.0952380952380952,,0.0,1.0,Italian Game: Classical Variation,Normal,20,5,2026-09-05,-0.8660254037844386,0.5000000000000001,0,1,0,True,0.0,loss,True,False,5.066666666666666,5,0,4,0,4,4,171,False,not_triggered
fr6NLyEE,2026-09-05 22:12:46+00:00,bat1skaf,Newtyy,bat1skaf,black,0-1,win,,blitz,,Standard,300+3,300.0,3.0,1356.0,1396.0,1356.0,40.0,65,33,32,355.0,11.09375,9.5,0.0,,0.0,1.0,"Queen's Pawn Game: London System, with e6",Normal,22,5,2026-09-05,-0.5000000000000004,0.8660254037844384,1,0,0,True,1.0,loss,True,False,89.88333333333334,0,1,5,0,1,3,172,False,not_triggered
PLsqir7c,2026-09-05 22:24:12+00:00,bat1skaf,bat1skaf,edamigo,white,0-1,loss,,blitz,,Standard,300+3,300.0,3.0,1402.0,1425.0,1425.0,-23.0,52,26,26,325.0,12.5,7.0,0.0,1.196,0.9615384615384616,1.0,Four Knights Game: Italian Variation,Normal,22,5,2026-09-05,-0.5000000000000004,0.8660254037844384,0,1,0,True,0.0,win,False,True,11.433333333333334,1,0,0,1,2,3,172,False,not_triggered
sMC6T0QU,2026-09-05 22:36:53+00:00,bat1skaf,D1G1TALSCALE,bat1skaf,black,1-0,loss,,blitz,,Standard,180+2,180.0,2.0,1373.0,1395.0,1373.0,22.0,99,50,49,272.0,5.551020408163265,4.0,0.4693877551020408,,0.0,1.0,"Queen's Gambit Declined: Tarrasch Defense, Pseudo-Tarrasch",Normal,22,5,2026-09-05,-0.5000000000000004,0.8660254037844384,0,1,0,True,0.0,loss,True,False,12.683333333333334,2,0,1,0,3,3,172,False,not_triggered
e7jnblRL,2026-09-06 16:50:29+00:00,bat1skaf,bat1skaf,Ethanmala2014Aug,white,1-0,win,,bullet,,Standard,60+0,60.0,0.0,1399.0,1368.0,1368.0,31.0,57,29,29,40.0,1.3793103448275863,1.0,0.0,0.6057142857142858,0.9655172413793104,1.0,Caro-Kann Defense,Time forfeit,16,6,2026-09-06,-0.8660254037844385,-0.5000000000000004,1,0,0,True,1.0,loss,True,False,1093.6,0,1,2,0,1,2,173,False,not_triggered
AqTwnJcG,2026-09-06 16:52:42+00:00,bat1skaf,Omrizio,bat1skaf,black,1-0,loss,,bullet,,Standard,60+0,60.0,0.0,1376.0,1413.0,1376.0,37.0,81,41,40,59.0,1.475,1.0,0.275,,0.0,1.0,Horwitz Defense,Time forfeit,16,6,2026-09-06,-0.8660254037844385,-0.5000000000000004,0,1,0,True,0.0,win,False,True,2.216666666666667,1,0,0,1,2,2,173,False,not_triggered
OEzhKXRH,2026-09-06 19:57:01+00:00,bat1skaf,bat1skaf,chupachups,white,1-0,win,,blitz,,Standard,300+3,300.0,3.0,1389.0,1383.0,1383.0,6.0,47,24,24,253.0,10.541666666666666,6.5,0.0,,0.0,1.0,Philidor Defense,Normal,19,6,2026-09-06,-0.9659258262890684,0.2588190451025203,1,0,0,True,1.0,loss,True,False,184.31666666666666,0,1,1,0,1,2,174,False,not_triggered
9Ho1924k,2026-09-06 20:04:33+00:00,bat1skaf,Sai1993,bat1skaf,black,1/2-1/2,draw,,blitz,,Standard,300+3,300.0,3.0,1483.0,1395.0,1483.0,-88.0,106,53,53,431.0,8.132075471698114,3.0,0.2641509433962264,0.6418867924528302,1.0,1.0,French Defense: Exchange Variation,Normal,20,6,2026-09-06,-0.8660254037844386,0.5000000000000001,0,0,1,False,0.5,win,False,True,7.533333333333333,0,0,0,1,2,2,174,False,not_triggered
j9Ny4r9Q,2026-09-11 11:08:11+00:00,bat1skaf,bat1skaf,patd,white,0-1,loss,,blitz,,Standard,180+2,180.0,2.0,1397.0,1380.0,1380.0,17.0,62,31,31,223.0,7.193548387096774,6.0,0.032258064516129,0.966,0.967741935483871,1.0,Sicilian Defense: French Variation,Normal,11,4,2026-09-11,0.258819045102521,-0.9659258262890682,0,1,0,True,0.0,draw,False,False,6663.633333333333,1,0,0,0,1,1,175,False,not_triggered
