scenario,simulation_id,tilt_n,control_n,difference_pp
raw_elo,1,798,6702,8.523995754830228
raw_elo,2,783,6717,12.54414230034504
raw_elo,3,738,6762,12.409375202891336
raw_elo,4,794,6706,12.04492987594853
raw_elo,5,759,6741,9.2364991999287
raw_elo,6,786,6714,11.971111975205051
raw_elo,7,767,6733,13.71498956955864
raw_elo,8,767,6733,12.782591571103508
raw_elo,9,769,6731,14.560640662857004
raw_elo,10,772,6728,12.198191149199383
raw_elo,11,760,6740,11.615258472590973
raw_elo,12,757,6743,8.130276889718402
raw_elo,13,814,6686,11.359832897374028
raw_elo,14,778,6722,14.495662861998621
raw_elo,15,788,6712,11.411110035514843
raw_elo,16,801,6699,8.648112832537475
raw_elo,17,777,6723,12.36428625986859
raw_elo,18,777,6723,11.967216786493895
raw_elo,19,859,6641,10.34261884974264
raw_elo,20,795,6705,16.891646616858726
raw_elo,21,762,6738,12.997618396542821
raw_elo,22,756,6744,9.208891148392928
raw_elo,23,821,6679,11.365563232988524
raw_elo,24,785,6715,9.14636402009002
raw_elo,25,805,6695,13.825094280982842
raw_elo,26,818,6682,14.3566740262677
raw_elo,27,762,6738,12.982777197373924
raw_elo,28,768,6732,11.648887774806893
raw_elo,29,785,6715,15.701324632086166
raw_elo,30,741,6759,8.660757017334214
raw_elo,31,786,6714,13.945907719314999
raw_elo,32,803,6697,9.716456375050186
raw_elo,33,781,6719,11.50604121284282
raw_elo,34,815,6685,13.270897669445835
raw_elo,35,801,6699,10.321290057826282
raw_elo,36,745,6755,11.018236553584465
raw_elo,37,815,6685,12.893714065461086
raw_elo,38,741,6759,13.332530684832877
raw_elo,39,731,6769,9.619939941056627
raw_elo,40,799,6701,11.079698003342864
raw_elo,41,838,6662,13.326357089580842
raw_elo,42,778,6722,14.590276030285393
raw_elo,43,715,6785,9.038139458183675
raw_elo,44,759,6741,11.834077701611228
raw_elo,45,809,6691,13.44859495228079
raw_elo,46,776,6724,12.101596374274026
raw_elo,47,751,6749,13.295494386010532
raw_elo,48,809,6691,12.44758239348504
raw_elo,49,840,6660,11.190476190476195
raw_elo,50,772,6728,11.641781619463632
raw_elo,51,779,6721,11.098946665548691
raw_elo,52,847,6653,12.137284029663409
raw_elo,53,769,6731,8.902542995850766
raw_elo,54,782,6718,12.11472175755633
raw_elo,55,797,6703,11.409150119302753
raw_elo,56,796,6704,13.280003837804777
raw_elo,57,810,6690,11.161490339367768
raw_elo,58,794,6706,10.657924292017146
raw_elo,59,787,6713,11.211533463773659
raw_elo,60,776,6724,12.88981767112114
raw_elo,61,831,6669,15.30006014140538
raw_elo,62,850,6650,9.32242370632464
raw_elo,63,784,6716,10.315375405671501
raw_elo,64,763,6737,12.149879064208125
raw_elo,65,785,6715,12.21535586741348
raw_elo,66,799,6701,10.607928616934432
raw_elo,67,803,6697,12.714806410409224
raw_elo,68,746,6754,12.922220255140232
raw_elo,69,786,6714,16.710098756841692
raw_elo,70,757,6743,10.970562750039136
raw_elo,71,764,6736,10.94338772058549
raw_elo,72,784,6716,10.863791615514579
raw_elo,73,800,6700,14.080223880597014
raw_elo,74,718,6782,8.172501517617087
raw_elo,75,808,6692,14.7366739064821
raw_elo,76,798,6702,10.009917362789245
raw_elo,77,759,6741,6.928576412526027
raw_elo,78,730,6770,9.546549037858398
raw_elo,79,777,6723,14.274745198439975
raw_elo,80,721,6779,12.009655338066755
raw_elo,81,819,6681,16.02976677067382
raw_elo,82,784,6716,16.87213598959536
raw_elo,83,764,6736,10.452239121513223
raw_elo,84,747,6753,8.215774396267134
raw_elo,85,752,6748,9.87132515229099
raw_elo,86,759,6741,11.117736838988362
raw_elo,87,766,6734,12.495260014842257
raw_elo,88,809,6691,13.234075106701088
raw_elo,89,739,6761,9.775619503644538
raw_elo,90,798,6702,13.286012704096855
raw_elo,91,834,6666,11.929646202030275
raw_elo,92,793,6707,11.008411719437877
raw_elo,93,793,6707,12.15016740147079
raw_elo,94,805,6695,13.06008470212776
raw_elo,95,801,6699,13.066515042493343
raw_elo,96,761,6739,13.163964675777667
raw_elo,97,773,6727,15.438220713153978
raw_elo,98,755,6745,11.52681161910466
raw_elo,99,793,6707,12.996246604637157
raw_elo,100,790,6710,12.66237808673999
raw_elo,101,725,6775,14.970861432752258
raw_elo,102,802,6698,10.475341952672812
raw_elo,103,751,6749,11.964133760310498
raw_elo,104,860,6640,13.453348276828242
raw_elo,105,729,6771,12.503882145655066
raw_elo,106,763,6737,8.937109302883412
raw_elo,107,760,6740,7.3820865219428375
raw_elo,108,797,6703,10.836118811199169
raw_elo,109,763,6737,11.523927155663715
raw_elo,110,797,6703,11.645172455038482
raw_elo,111,730,6770,11.664474616053905
raw_elo,112,761,6739,12.297043568737804
raw_elo,113,815,6685,15.521151190055566
raw_elo,114,741,6759,13.957518330634876
raw_elo,115,788,6712,10.544868498272658
raw_elo,116,801,6699,14.620271458706169
raw_elo,117,721,6779,9.802218198937362
raw_elo,118,776,6724,8.151367313270818
raw_elo,119,794,6706,12.591829115022374
raw_elo,120,832,6668,9.813734368510913
raw_elo,121,764,6736,13.574790762457873
raw_elo,122,812,6688,11.571567044570674
raw_elo,123,804,6696,14.437222489702028
raw_elo,124,786,6714,9.712074803248083
raw_elo,125,760,6740,11.450101514914884
raw_elo,126,798,6702,12.668309089644437
raw_elo,127,784,6716,9.75404456005154
raw_elo,128,791,6709,11.103280515125919
raw_elo,129,773,6727,10.739636817205328
raw_elo,130,795,6705,12.93121157120144
raw_elo,131,750,6750,7.8962962962962955
raw_elo,132,751,6749,10.705082510620995
raw_elo,133,756,6744,11.267158108795122
raw_elo,134,743,6757,13.565155799747869
raw_elo,135,828,6672,13.748566364299863
raw_elo,136,751,6749,10.27657300514413
raw_elo,137,744,6756,11.0546897381539
raw_elo,138,804,6696,13.706333921788904
raw_elo,139,805,6695,10.410568747419735
raw_elo,140,762,6738,13.063994783376925
raw_elo,141,768,6732,13.096962269756386
raw_elo,142,834,6666,13.443070925797617
raw_elo,143,811,6689,13.711507878938479
raw_elo,144,806,6694,13.845405055154764
raw_elo,145,806,6694,11.622533715982836
raw_elo,146,807,6693,12.499604258346814
raw_elo,147,781,6719,11.991506875889824
raw_elo,148,749,6751,11.23575817972079
raw_elo,149,815,6685,10.011792723384922
raw_elo,150,754,6746,13.27274400155392
raw_elo,151,713,6787,9.522804817641845
raw_elo,152,786,6714,10.969445183472153
raw_elo,153,815,6685,13.121125493848968
raw_elo,154,760,6740,11.504372950179603
raw_elo,155,781,6719,12.161357924162164
raw_elo,156,807,6693,15.335669458797602
raw_elo,157,748,6752,11.820462782269303
raw_elo,158,749,6751,11.176903228894142
raw_elo,159,754,6746,7.962199428917893
raw_elo,160,782,6718,9.975985423746108
raw_elo,161,747,6753,8.719849039278687
raw_elo,162,790,6710,10.748740779867571
raw_elo,163,785,6715,12.225410360870947
raw_elo,164,763,6737,14.331197738044498
raw_elo,165,743,6757,11.12828309647878
raw_elo,166,706,6794,9.723168501452289
raw_elo,167,730,6770,15.26355193136521
raw_elo,168,770,6730,11.606105632851543
raw_elo,169,797,6703,12.218203763142066
raw_elo,170,771,6729,13.460641060558487
raw_elo,171,800,6700,12.699626865671643
raw_elo,172,792,6708,11.722095733723636
raw_elo,173,754,6746,11.779492474565927
raw_elo,174,750,6750,13.214814814814812
raw_elo,175,742,6758,11.38086117760801
raw_elo,176,787,6713,11.377173876627323
raw_elo,177,811,6689,14.511134923653113
raw_elo,178,805,6695,10.722751288390796
raw_elo,179,764,6736,9.423928318264913
raw_elo,180,785,6715,10.691720693760049
raw_elo,181,711,6789,14.254754371212302
raw_elo,182,748,6752,13.259846161644322
raw_elo,183,763,6737,12.733499068445203
raw_elo,184,786,6714,9.227386320483344
raw_elo,185,739,6761,10.568333587183837
raw_elo,186,723,6777,8.905334555431265
raw_elo,187,759,6741,11.348054176172829
raw_elo,188,724,6776,9.88433339638764
raw_elo,189,728,6772,10.729620350116509
raw_elo,190,757,6743,12.833427140352605
raw_elo,191,809,6691,15.694125588696433
raw_elo,192,767,6733,11.209863423473593
raw_elo,193,818,6682,10.636721359943035
raw_elo,194,816,6684,11.21334530221424
raw_elo,195,791,6709,11.222523323294054
raw_elo,196,786,6714,9.763579349973961
raw_elo,197,749,6751,12.451184109796126
raw_elo,198,812,6688,11.571567044570674
raw_elo,199,807,6693,13.941770156580391
raw_elo,200,773,6727,12.230972057344164
raw_elo,201,735,6765,9.677964312110653
raw_elo,202,758,6742,10.15177569976417
raw_elo,203,832,6668,13.960477135342158
raw_elo,204,779,6721,12.600285847493126
raw_elo,205,805,6695,9.674690020827631
raw_elo,206,718,6782,11.706803771083374
raw_elo,207,781,6719,13.033557254171912
raw_elo,208,779,6721,10.550171430186722
raw_elo,209,826,6674,12.421372809522119
raw_elo,210,778,6722,15.162735414313127
raw_elo,211,776,6724,9.341058648202777
raw_elo,212,752,6748,12.000167110191828
raw_elo,213,808,6692,15.758952613731186
raw_elo,214,753,6747,12.687946893321921
raw_elo,215,786,6714,12.370755422757963
raw_elo,216,807,6693,11.698123268109557
raw_elo,217,706,6794,9.54825162345379
raw_elo,218,806,6694,11.637472467103244
raw_elo,219,738,6762,11.271019542493566
raw_elo,220,765,6735,11.254057673551976
raw_elo,221,750,6750,13.022222222222224
raw_elo,222,779,6721,9.002457952284516
raw_elo,223,788,6712,14.657133522503829
raw_elo,224,717,6783,7.433794922946058
raw_elo,225,844,6656,10.661655805687204
raw_elo,226,819,6681,12.484860845884644
raw_elo,227,793,6707,12.612371069280536
raw_elo,228,763,6737,12.330198191517239
raw_elo,229,825,6675,12.0
raw_elo,230,727,6773,10.864767481368187
raw_elo,231,777,6723,9.987554967474649
raw_elo,232,734,6766,11.453363950703993
raw_elo,233,817,6683,13.556657669737293
raw_elo,234,751,6749,8.990255300435102
raw_elo,235,733,6767,14.395940011422903
raw_elo,236,809,6691,12.33330235862834
raw_elo,237,724,6776,7.337238351803893
raw_elo,238,834,6666,14.102489385629212
raw_elo,239,846,6654,15.208896904117825
raw_elo,240,797,6703,8.218833455534341
raw_elo,241,771,6729,10.77339328639092
raw_elo,242,804,6696,12.760347010467378
raw_elo,243,804,6696,11.556464986893488
raw_elo,244,800,6700,8.785447761194026
raw_elo,245,772,6728,12.425375663070731
raw_elo,246,789,6711,13.449798384469513
raw_elo,247,801,6699,12.462646054277204
raw_elo,248,751,6749,10.809590768391192
raw_elo,249,781,6719,12.0628546067023
raw_elo,250,775,6725,10.01223168245593
raw_elo,251,805,6695,16.132554655138026
raw_elo,252,775,6725,13.46588319942439
raw_elo,253,773,6727,16.267859955372828
raw_elo,254,791,6709,10.611950398157537
raw_elo,255,763,6737,13.054995874779268
raw_elo,256,819,6681,13.157590301730405
raw_elo,257,796,6704,10.724340677132682
raw_elo,258,757,6743,12.197100138682886
raw_elo,259,782,6718,12.798764094477638
raw_elo,260,758,6742,15.659133584688274
raw_elo,261,721,6779,10.581323287897131
raw_elo,262,825,6675,12.426285325161729
raw_elo,263,750,6750,9.125925925925927
raw_elo,264,769,6731,8.731778648139088
raw_elo,265,720,6780,3.9380530973451346
raw_elo,266,795,6705,14.449087557863043
raw_elo,267,768,6732,9.203013591800357
raw_elo,268,854,6646,13.211094909441757
raw_elo,269,770,6730,10.176955288396595
raw_elo,270,817,6683,15.312441678231048
raw_elo,271,802,6698,14.100163148414424
raw_elo,272,759,6741,13.045999555548521
raw_elo,273,785,6715,9.38463654428957
raw_elo,274,767,6733,11.270879520608279
raw_elo,275,729,6771,9.783918709237472
raw_elo,276,778,6722,11.459628018041512
raw_elo,277,781,6719,9.657003025608763
raw_elo,278,762,6738,11.736817626202779
raw_elo,279,801,6699,11.670141387305277
raw_elo,280,721,6779,7.6836170444787575
raw_elo,281,742,6758,12.704200432511254
raw_elo,282,754,6746,12.785138024615822
raw_elo,283,807,6693,9.530014435544654
raw_elo,284,755,6745,8.388553699330876
raw_elo,285,774,6726,10.983986704377552
raw_elo,286,770,6730,13.747322514038707
raw_elo,287,763,6737,7.770200012411649
raw_elo,288,845,6655,13.849354713944672
raw_elo,289,877,6623,14.403814770096474
raw_elo,290,795,6705,15.977375374614834
raw_elo,291,774,6726,11.402356238777212
raw_elo,292,799,6701,15.58054866000797
raw_elo,293,766,6734,11.234327030671675
raw_elo,294,823,6677,15.783712645156994
raw_elo,295,792,6708,14.057163766466097
raw_elo,296,791,6709,10.21005238731526
raw_elo,297,762,6738,12.985114394093438
raw_elo,298,721,6779,12.561391864694327
raw_elo,299,788,6712,12.657532837617907
raw_elo,300,711,6789,8.211222795872947
raw_elo,301,776,6724,12.711429132143975
raw_elo,302,760,6740,13.160627830704358
raw_elo,303,795,6705,13.931028660672828
raw_elo,304,728,6772,12.372130232437383
raw_elo,305,747,6753,9.400433066487778
raw_elo,306,826,6674,9.504411974914756
raw_elo,307,773,6727,13.25386237730941
raw_elo,308,748,6752,13.201792457612083
raw_elo,309,781,6719,10.624866246825416
raw_elo,310,806,6694,10.443632718756323
raw_elo,311,845,6655,11.892112972850416
raw_elo,312,742,6758,13.920329225460254
raw_elo,313,785,6715,13.26586072629487
raw_elo,314,774,6726,8.639964778586856
raw_elo,315,778,6722,13.506660782344587
raw_elo,316,719,6781,13.811744711712903
raw_elo,317,793,6707,11.13199568838038
raw_elo,318,786,6714,10.268164732687996
raw_elo,319,748,6752,8.67233634082672
raw_elo,320,782,6718,13.229754927975307
raw_elo,321,802,6698,14.508518193915032
raw_elo,322,804,6696,13.735979600206855
raw_elo,323,752,6748,12.312158685315744
raw_elo,324,796,6704,13.711906789316513
raw_elo,325,840,6660,12.276919776919776
raw_elo,326,764,6736,13.20365061994006
raw_elo,327,769,6731,11.343397076469547
raw_elo,328,749,6751,11.235560414429035
raw_elo,329,729,6771,13.510656983638158
raw_elo,330,805,6695,14.78103154759972
raw_elo,331,798,6702,11.492809911977798
raw_elo,332,768,6732,7.036588309566255
raw_elo,333,765,6735,13.577303230126503
raw_elo,334,762,6738,10.658084480312624
raw_elo,335,718,6782,9.185259358501819
raw_elo,336,752,6748,9.313713125402012
raw_elo,337,797,6703,11.594295406221782
raw_elo,338,752,6748,13.923510827479223
raw_elo,339,775,6725,13.94747571651277
raw_elo,340,768,6732,14.052055481283421
raw_elo,341,776,6724,10.535502922290974
raw_elo,342,804,6696,11.247971611476665
raw_elo,343,804,6696,10.640792453503096
raw_elo,344,792,6708,10.335013823385914
raw_elo,345,766,6734,9.699890117644689
raw_elo,346,751,6749,9.684681796326682
raw_elo,347,789,6711,10.833754014888447
raw_elo,348,807,6693,14.259918674395989
raw_elo,349,794,6706,12.368148828711606
raw_elo,350,782,6718,11.403611627806049
raw_elo,351,769,6731,9.846373909201434
raw_elo,352,761,6739,11.675950626893993
raw_elo,353,746,6754,10.062788727720484
raw_elo,354,755,6745,10.713356472049446
raw_elo,355,725,6775,11.51393307036519
raw_elo,356,798,6702,11.498755842156866
raw_elo,357,792,6708,12.26667389458087
raw_elo,358,850,6650,10.751879699248123
raw_elo,359,769,6731,11.005365195950112
raw_elo,360,758,6742,8.715420758620207
raw_elo,361,714,6786,10.08415744724061
raw_elo,362,819,6681,13.085931182024579
raw_elo,363,719,6781,10.716353617517981
raw_elo,364,764,6736,11.99050813943366
raw_elo,365,816,6684,11.18914352096314
raw_elo,366,770,6730,13.487582254298447
raw_elo,367,758,6742,12.953454460637015
raw_elo,368,766,6734,6.264186029199081
raw_elo,369,753,6747,13.187741106125372
raw_elo,370,758,6742,8.085454939656811
raw_elo,371,784,6716,11.24051913797085
raw_elo,372,783,6717,14.39168758630957
raw_elo,373,779,6721,9.923201644721324
raw_elo,374,820,6680,11.420330071564189
raw_elo,375,834,6666,10.95498039012534
raw_elo,376,778,6722,15.602491607574864
raw_elo,377,813,6687,9.39185300332142
raw_elo,378,813,6687,11.69074544042883
raw_elo,379,775,6725,11.413358915937167
raw_elo,380,800,6700,14.666044776119403
raw_elo,381,783,6717,13.750779317303785
raw_elo,382,763,6737,17.006745285468977
raw_elo,383,800,6700,11.833955223880599
raw_elo,384,778,6722,10.552160002569927
raw_elo,385,801,6699,9.044337211714199
raw_elo,386,738,6762,10.962865174348286
raw_elo,387,832,6668,13.327358566748188
raw_elo,388,776,6724,10.277694303219121
raw_elo,389,778,6722,11.9565192450221
raw_elo,390,769,6731,7.646548904501987
raw_elo,391,775,6725,9.780069552704163
raw_elo,392,741,6759,11.975395828503965
raw_elo,393,821,6679,10.160484467924352
raw_elo,394,710,6790,7.657491339791328
raw_elo,395,769,6731,11.911793713422297
raw_elo,396,751,6749,13.695356356980637
raw_elo,397,742,6758,12.86653174953275
raw_elo,398,779,6721,10.885105389789517
raw_elo,399,836,6664,11.192826412861795
raw_elo,400,786,6714,10.961372726921304
raw_elo,401,834,6666,10.745499010332688
raw_elo,402,764,6736,10.914940120132815
raw_elo,403,838,6662,10.939722244712108
raw_elo,404,739,6761,12.243126472191163
raw_elo,405,777,6723,8.961227435123021
raw_elo,406,743,6757,10.343373533572981
raw_elo,407,741,6759,12.818715846258073
raw_elo,408,786,6714,11.146925531019836
raw_elo,409,864,6636,14.098184984260936
raw_elo,410,742,6758,14.114289224152026
raw_elo,411,785,6715,10.137490455345244
raw_elo,412,776,6724,11.100412739103504
raw_elo,413,749,6751,9.692476948972006
raw_elo,414,832,6668,13.342355567348068
raw_elo,415,765,6735,12.103585309402154
raw_elo,416,813,6687,14.736971057462927
raw_elo,417,744,6756,12.038761244485185
raw_elo,418,774,6726,13.462855009024333
raw_elo,419,782,6718,7.329128371386872
raw_elo,420,749,6751,12.214973245322502
raw_elo,421,750,6750,12.177777777777777
raw_elo,422,760,6740,12.699515851944398
raw_elo,423,791,6709,13.573197050813302
raw_elo,424,837,6663,12.40381134355078
raw_elo,425,785,6715,10.422051590933885
raw_elo,426,786,6714,10.130364488467759
raw_elo,427,795,6705,12.150605715250517
raw_elo,428,806,6694,11.53620033791974
raw_elo,429,762,6738,13.324124778258462
raw_elo,430,774,6726,11.329055130270827
raw_elo,431,771,6729,7.871325287549736
raw_elo,432,800,6700,13.490671641791046
raw_elo,433,774,6726,10.98963411682537
raw_elo,434,787,6713,11.533141994775448
raw_elo,435,793,6707,9.239184898576724
raw_elo,436,784,6716,13.87244594085401
raw_elo,437,768,6732,13.260360962566843
raw_elo,438,786,6714,13.824252388196479
raw_elo,439,792,6708,8.738322401113102
raw_elo,440,781,6719,13.840545063123876
raw_elo,441,769,6731,12.160685793020631
raw_elo,442,765,6735,10.927405854695255
raw_elo,443,786,6714,12.684216869387654
raw_elo,444,746,6754,11.208411101434478
raw_elo,445,735,6765,11.490716020332748
raw_elo,446,787,6713,13.52938248171397
raw_elo,447,828,6672,10.742492962152017
raw_elo,448,758,6742,10.643553700701858
raw_elo,449,719,6781,12.482209659280747
raw_elo,450,794,6706,10.93479203179828
raw_elo,451,776,6724,12.413987133333743
raw_elo,452,775,6725,9.421753207818684
raw_elo,453,808,6692,12.289019547501672
raw_elo,454,772,6728,13.404271376907579
raw_elo,455,808,6692,14.493365804004188
raw_elo,456,803,6697,13.939830310071743
raw_elo,457,790,6710,13.39225414552246
raw_elo,458,760,6740,11.0010932375449
raw_elo,459,785,6715,11.487448482577744
raw_elo,460,797,6703,13.951074548353882
raw_elo,461,687,6813,4.753370931631479
raw_elo,462,779,6721,10.263674544121383
raw_elo,463,772,6728,11.563229685853877
raw_elo,464,735,6765,10.97636393803641
raw_elo,465,780,6720,12.040979853479856
raw_elo,466,808,6692,15.970081018860999
raw_elo,467,741,6759,11.262056948510097
raw_elo,468,786,6714,10.866436090020398
raw_elo,469,805,6695,16.325245037781976
raw_elo,470,816,6684,11.834671031787941
raw_elo,471,770,6730,9.554041797726786
raw_elo,472,744,6756,8.412116350579652
raw_elo,473,731,6769,8.862079258484856
raw_elo,474,731,6769,9.59807313416216
raw_elo,475,767,6733,11.716446132816799
raw_elo,476,807,6693,14.57367931984646
raw_elo,477,775,6725,8.867250269816523
raw_elo,478,792,6708,10.74790842232703
raw_elo,479,751,6749,11.697032987478146
raw_elo,480,759,6741,10.232938310955376
raw_elo,481,800,6700,12.520522388059701
raw_elo,482,781,6719,16.061891107431503
raw_elo,483,778,6722,13.218652791088465
raw_elo,484,769,6731,10.57050438560479
raw_elo,485,788,6712,11.934681727703394
raw_elo,486,843,6657,11.239820871936907
raw_elo,487,791,6709,12.136743310823306
raw_elo,488,775,6725,9.929248111284327
raw_elo,489,776,6724,14.009978105815762
raw_elo,490,838,6662,12.2936413484666
raw_elo,491,806,6694,12.976918702797441
raw_elo,492,774,6726,12.122689459162295
raw_elo,493,759,6741,11.608040701904981
raw_elo,494,777,6723,10.972533060886475
raw_elo,495,727,6773,13.502354095911612
raw_elo,496,795,6705,10.963375684155729
raw_elo,497,764,6736,13.373636691497431
raw_elo,498,792,6708,14.264966299850018
raw_elo,499,747,6753,11.543523419905
raw_elo,500,708,6792,11.04315146433491
raw_elo,501,814,6686,10.14092301857782
raw_elo,502,757,6743,7.822956866468111
raw_elo,503,791,6709,13.95855031045905
raw_elo,504,731,6769,13.367591330801337
raw_elo,505,728,6772,9.630719251215414
raw_elo,506,772,6728,13.372465544965594
raw_elo,507,797,6703,7.015005360059945
raw_elo,508,794,6706,14.798995748759896
raw_elo,509,776,6724,11.472291897925263
raw_elo,510,745,6755,13.179697862383815
raw_elo,511,797,6703,11.421392058201246
raw_elo,512,828,6672,11.950222430751051
raw_elo,513,784,6716,12.24353052716024
raw_elo,514,763,6737,8.60076909444158
raw_elo,515,723,6777,9.09715984685815
raw_elo,516,763,6737,12.105018139882429
raw_elo,517,762,6738,11.836031626946008
raw_elo,518,791,6709,10.188514060871496
raw_elo,519,811,6689,10.2775062357379
raw_elo,520,745,6755,14.192320875910964
raw_elo,521,785,6715,8.9330380221104
raw_elo,522,796,6704,11.077688562142452
raw_elo,523,748,6752,11.254498568061432
raw_elo,524,745,6755,11.89961201993055
raw_elo,525,782,6718,10.770316643685057
raw_elo,526,791,6709,9.24448337130021
raw_elo,527,776,6724,8.959213649214693
raw_elo,528,755,6745,10.541337954530949
raw_elo,529,778,6722,11.973766835522238
raw_elo,530,799,6701,13.788370368198272
raw_elo,531,803,6697,15.14514314786774
raw_elo,532,734,6766,7.185591364419469
raw_elo,533,738,6762,9.76054614139753
raw_elo,534,800,6700,11.817164179104477
raw_elo,535,742,6758,12.095916669392132
raw_elo,536,768,6732,11.809733363042184
raw_elo,537,763,6737,9.810341007223078
raw_elo,538,795,6705,14.538010214849523
raw_elo,539,786,6714,14.685049128288385
raw_elo,540,817,6683,10.697780645496868
raw_elo,541,737,6763,7.6146026417587445
raw_elo,542,810,6690,14.987543597409065
raw_elo,543,724,6776,13.232924784908711
raw_elo,544,720,6780,9.445673549655853
raw_elo,545,792,6708,10.259572468874795
raw_elo,546,799,6701,12.786128907963784
raw_elo,547,808,6692,12.925067910257848
raw_elo,548,808,6692,11.676717582098917
raw_elo,549,795,6705,10.06598849070674
raw_elo,550,791,6709,13.269003521695389
raw_elo,551,765,6735,11.063947479511477
raw_elo,552,790,6710,12.11888547227829
raw_elo,553,785,6715,11.472556449815274
raw_elo,554,752,6748,12.562902798622755
raw_elo,555,805,6695,11.7832441935439
raw_elo,556,741,6759,9.949307356273508
raw_elo,557,769,6731,9.924153891539616
raw_elo,558,791,6709,14.391898423518873
raw_elo,559,833,6667,11.82509902115939
raw_elo,560,744,6756,9.071745067705649
raw_elo,561,813,6687,11.21181871307273
raw_elo,562,754,6746,10.439195326280393
raw_elo,563,760,6740,12.061533656098705
raw_elo,564,738,6762,12.212315113390709
raw_elo,565,782,6718,10.942850029199718
raw_elo,566,781,6719,12.685108200243967
raw_elo,567,753,6747,10.591574711971735
raw_elo,568,770,6730,12.541054784739774
raw_elo,569,781,6719,12.759752714558198
raw_elo,570,818,6682,11.365351134932444
raw_elo,571,770,6730,12.404044692306204
raw_elo,572,827,6673,12.660143359576237
raw_elo,573,751,6749,10.838435599967566
raw_elo,574,753,6747,8.258060096947323
raw_elo,575,782,6718,12.653983762369908
raw_elo,576,764,6736,11.672066010869159
raw_elo,577,715,6785,6.779042622815651
raw_elo,578,730,6770,14.339653183869206
raw_elo,579,780,6720,12.750686813186812
raw_elo,580,800,6700,12.434701492537314
raw_elo,581,745,6755,7.114789442570507
raw_elo,582,781,6719,15.52563973321589
raw_elo,583,809,6691,11.454661437545294
raw_elo,584,781,6719,7.471559525331778
raw_elo,585,751,6749,12.925069137825618
raw_elo,586,734,6766,10.621145477346666
raw_elo,587,746,6754,11.354883730900012
raw_elo,588,778,6722,12.734267023295336
raw_elo,589,749,6751,9.960092941776516
raw_elo,590,743,6757,12.217009985756262
raw_elo,591,774,6726,13.233155151707937
raw_elo,592,809,6691,9.617941485149045
raw_elo,593,794,6706,11.193329632247822
raw_elo,594,743,6757,11.300299514924056
raw_elo,595,766,6734,12.350520836160522
raw_elo,596,785,6715,15.530872511868571
raw_elo,597,754,6746,9.361790973882943
raw_elo,598,770,6730,13.220123116111226
raw_elo,599,746,6754,8.903154202732411
raw_elo,600,771,6729,10.345082814208551
raw_elo,601,758,6742,10.87073588241786
raw_elo,602,812,6688,12.792487684729064
raw_elo,603,767,6733,13.20672218853955
raw_elo,604,759,6741,14.184745229036167
raw_elo,605,754,6746,11.811498866407522
raw_elo,606,836,6664,12.000996570877154
raw_elo,607,771,6729,11.31376879098715
raw_elo,608,777,6723,12.368823212196705
raw_elo,609,775,6725,12.43938122076988
raw_elo,610,793,6707,12.95960197426001
raw_elo,611,795,6705,13.062907151801667
raw_elo,612,834,6666,14.971820923099505
raw_elo,613,741,6759,9.605426383056209
raw_elo,614,778,6722,9.203138373097126
raw_elo,615,789,6711,11.79494762868748
raw_elo,616,771,6729,9.684431113832742
raw_elo,617,785,6715,15.577161123257655
raw_elo,618,785,6715,11.704189214184424
raw_elo,619,761,6739,8.674709883961384
raw_elo,620,787,6713,10.847014772111457
raw_elo,621,791,6709,10.336474637631316
raw_elo,622,821,6679,14.400508875875612
raw_elo,623,788,6712,9.11247678224621
raw_elo,624,811,6689,11.297676827019126
raw_elo,625,778,6722,13.589380379355209
raw_elo,626,738,6762,11.352536772927625
raw_elo,627,818,6682,10.132758225762895
raw_elo,628,759,6741,11.793092004388223
raw_elo,629,808,6692,13.66534890189557
raw_elo,630,789,6711,8.619694242413429
raw_elo,631,712,6788,6.9491435646514335
raw_elo,632,766,6734,10.16268326973288
raw_elo,633,720,6780,9.634955752212388
raw_elo,634,786,6714,13.062144271853048
raw_elo,635,773,6727,13.964577879376638
raw_elo,636,812,6688,10.04887807292526
raw_elo,637,787,6713,11.796054271605232
raw_elo,638,729,6771,9.330095122444849
raw_elo,639,749,6751,7.98724572080406
raw_elo,640,756,6744,9.535107044003844
raw_elo,641,824,6676,13.58997888393143
raw_elo,642,778,6722,11.467964990833156
raw_elo,643,769,6731,13.672565593775593
raw_elo,644,744,6756,11.02986115090051
raw_elo,645,790,6710,13.58580618385557
raw_elo,646,750,6750,11.481481481481481
raw_elo,647,759,6741,10.33326238527376
raw_elo,648,815,6685,10.392004808861522
raw_elo,649,778,6722,12.512304683466557
raw_elo,650,794,6706,11.441800680769354
raw_elo,651,769,6731,11.956363613882854
raw_elo,652,752,6748,13.360775139048291
raw_elo,653,760,6740,9.101593003279712
raw_elo,654,780,6720,9.10943223443223
raw_elo,655,780,6720,13.6996336996337
raw_elo,656,806,6694,16.32679463331853
raw_elo,657,718,6782,9.45884115662548
raw_elo,658,746,6754,13.575273832367035
raw_elo,659,770,6730,8.351633507651336
raw_elo,660,746,6754,14.496423924339148
raw_elo,661,769,6731,12.23129827077673
raw_elo,662,740,6760,13.265632496401725
raw_elo,663,807,6693,14.43482259943113
raw_elo,664,721,6779,11.047436001570487
raw_elo,665,737,6763,7.6172108152528395
raw_elo,666,824,6676,11.901638676726373
raw_elo,667,754,6746,9.00523819597191
raw_elo,668,778,6722,9.940425063234793
raw_elo,669,799,6701,12.438115171198739
raw_elo,670,779,6721,9.394844087439614
raw_elo,671,722,6778,11.072403874683367
raw_elo,672,795,6705,13.736580698718221
raw_elo,673,794,6706,15.253192561869856
raw_elo,674,767,6733,11.605896815602613
raw_elo,675,765,6735,11.111693378167898
raw_elo,676,756,6744,12.308177521700653
raw_elo,677,792,6708,13.818642597712365
raw_elo,678,783,6717,11.903975559240381
raw_elo,679,790,6710,11.232620875700356
raw_elo,680,797,6703,13.415910889167215
raw_elo,681,785,6715,14.142878146179056
raw_elo,682,736,6764,12.768685881778213
raw_elo,683,786,6714,10.257590951572082
raw_elo,684,761,6739,10.65223533596093
raw_elo,685,760,6740,12.636264251132278
raw_elo,686,808,6692,13.021237120723434
raw_elo,687,786,6714,9.149163079539846
raw_elo,688,783,6717,14.296087527671824
raw_elo,689,763,6737,13.054995874779268
raw_elo,690,789,6711,12.719653845652646
raw_elo,691,747,6753,12.422561562702755
raw_elo,692,778,6722,13.544750804823819
raw_elo,693,788,6712,9.650417768312531
raw_elo,694,759,6741,10.635993651028192
raw_elo,695,777,6723,10.482944217883977
raw_elo,696,785,6715,10.602368497185216
raw_elo,697,787,6713,11.483228411334112
raw_elo,698,741,6759,12.4950208838358
raw_elo,699,763,6737,12.56769262524145
raw_elo,700,708,6792,9.998303088379151
raw_elo,701,820,6680,10.162479918212359
raw_elo,702,827,6673,14.250174546997762
raw_elo,703,800,6700,13.76865671641791
raw_elo,704,771,6729,12.887767853064124
raw_elo,705,797,6703,14.500389439661749
raw_elo,706,753,6747,6.400601831594621
raw_elo,707,805,6695,10.743903626976653
raw_elo,708,804,6696,13.800174753472783
raw_elo,709,743,6757,9.418835080752707
raw_elo,710,755,6745,11.302460984099088
raw_elo,711,763,6737,11.321508284194149
raw_elo,712,745,6755,13.987054083726196
raw_elo,713,737,6763,9.78034965976377
raw_elo,714,786,6714,13.338313243149214
raw_elo,715,758,6742,8.278276060985789
raw_elo,716,753,6747,9.546341091835414
raw_elo,717,798,6702,14.419778183148107
raw_elo,718,812,6688,12.082665519598368
raw_elo,719,781,6719,11.607383956555639
raw_elo,720,779,6721,13.642122223773551
raw_elo,721,780,6720,10.286172161172164
raw_elo,722,763,6737,8.361076358701414
raw_elo,723,805,6695,10.897258081724098
raw_elo,724,750,6750,13.037037037037036
raw_elo,725,785,6715,11.177940820769173
raw_elo,726,745,6755,10.49910829164576
raw_elo,727,756,6744,8.721920955017037
raw_elo,728,765,6735,14.153456482815846
raw_elo,729,757,6743,14.511727118156292
raw_elo,730,784,6716,11.431579779022982
raw_elo,731,744,6756,10.669846635726426
raw_elo,732,790,6710,10.06338546284593
raw_elo,733,810,6690,11.9769694956541
raw_elo,734,814,6686,17.204345726631097
raw_elo,735,767,6733,12.160405529518448
raw_elo,736,826,6674,13.99641991871895
raw_elo,737,755,6745,12.378853111699122
raw_elo,738,806,6694,12.865267292438471
raw_elo,739,725,6775,8.022394706705688
raw_elo,740,829,6671,11.873259462169855
raw_elo,741,793,6707,13.700052889351078
raw_elo,742,806,6694,10.622897732201197
raw_elo,743,813,6687,10.191167860534595
raw_elo,744,725,6775,8.558340755821353
raw_elo,745,768,6732,11.16565470885324
raw_elo,746,789,6711,11.131602221651871
raw_elo,747,749,6751,12.318463822498533
raw_elo,748,757,6743,9.792375321067832
raw_elo,749,778,6722,15.363281677245949
raw_elo,750,781,6719,12.482651391442728
raw_elo,751,762,6738,9.194999333898934
raw_elo,752,783,6717,10.86663506616996
raw_elo,753,746,6754,13.383589190716888
raw_elo,754,729,6771,9.3616385055365
raw_elo,755,771,6729,11.9460861952418
raw_elo,756,772,6728,14.19210106399364
raw_elo,757,736,6764,12.680704111279667
raw_elo,758,779,6721,12.931418948407448
raw_elo,759,761,6739,10.11391708764114
raw_elo,760,768,6732,8.0712919637552
raw_elo,761,803,6697,11.30044474477987
raw_elo,762,787,6713,10.63057115184159
raw_elo,763,809,6691,13.459494599963534
raw_elo,764,812,6688,9.040823060786762
raw_elo,765,789,6711,12.719483873307148
raw_elo,766,768,6732,9.053540923945336
raw_elo,767,776,6724,11.794418516224386
raw_elo,768,762,6738,11.900888835912426
raw_elo,769,761,6739,8.791452425805502
raw_elo,770,761,6739,11.98756956145402
raw_elo,771,766,6734,10.720780172477296
raw_elo,772,783,6717,12.995447589093152
raw_elo,773,730,6770,10.96072519779041
raw_elo,774,752,6748,13.228978799076796
raw_elo,775,778,6722,8.73362913014779
raw_elo,776,740,6760,13.852550775627698
raw_elo,777,786,6714,11.657082045719669
raw_elo,778,748,6752,11.300513850520822
raw_elo,779,792,6708,10.773431994362227
raw_elo,780,756,6744,12.12247453350656
raw_elo,781,813,6687,13.148053418623018
raw_elo,782,772,6728,11.635466660095005
raw_elo,783,779,6721,12.133181324452186
raw_elo,784,806,6694,13.062770185663098
raw_elo,785,761,6739,10.904498282985713
raw_elo,786,769,6731,8.809558630477271
raw_elo,787,770,6730,11.88842361204917
raw_elo,788,766,6734,8.868948425084195
raw_elo,789,733,6767,8.929922537569468
raw_elo,790,763,6737,13.144056287425848
raw_elo,791,778,6722,12.324263879721197
raw_elo,792,719,6781,10.76262542459408
raw_elo,793,692,6808,9.068980390292275
raw_elo,794,824,6676,14.857379280657568
raw_elo,795,765,6735,15.715678996171595
raw_elo,796,778,6722,11.212081114920963
raw_elo,797,720,6780,10.58259587020649
raw_elo,798,746,6754,13.692134380103221
raw_elo,799,768,6732,13.988227866904335
raw_elo,800,812,6688,12.927867277912652
raw_elo,801,763,6737,9.666965026182167
raw_elo,802,761,6739,11.57207764870732
raw_elo,803,807,6693,14.29774324503712
raw_elo,804,740,6760,13.128498320806015
raw_elo,805,725,6775,12.435169868940072
raw_elo,806,796,6704,14.063605617586738
raw_elo,807,814,6686,12.764616518729593
raw_elo,808,748,6752,9.875940897686085
raw_elo,809,772,6728,10.403818548113824
raw_elo,810,820,6680,10.962465313275887
raw_elo,811,736,6764,6.313073689352838
raw_elo,812,772,6728,11.189491907610606
raw_elo,813,761,6739,13.416052128752575
raw_elo,814,819,6681,10.458777364929139
raw_elo,815,773,6727,7.118982009707365
raw_elo,816,789,6711,13.040108374367488
raw_elo,817,803,6697,11.847854404427476
raw_elo,818,839,6661,15.699948054773854
raw_elo,819,761,6739,10.495441152067741
raw_elo,820,800,6700,8.750000000000002
raw_elo,821,736,6764,11.533887846141983
raw_elo,822,828,6672,10.911705418274076
raw_elo,823,793,6707,12.768294065544062
raw_elo,824,796,6704,14.972835538072221
raw_elo,825,735,6765,11.5531622848696
raw_elo,826,761,6739,9.04353987878041
raw_elo,827,763,6737,12.102819837866473
raw_elo,828,811,6689,13.778717990170659
raw_elo,829,874,6626,13.905072659469903
raw_elo,830,777,6723,11.66708877552251
raw_elo,831,785,6715,11.04410223333065
raw_elo,832,863,6637,13.45249977696229
raw_elo,833,785,6715,10.747874091182874
raw_elo,834,815,6685,13.536945179896387
raw_elo,835,780,6720,7.146291208791212
raw_elo,836,777,6723,10.398235297833692
raw_elo,837,778,6722,13.111534163614241
raw_elo,838,748,6752,5.806004004359178
raw_elo,839,830,6670,11.755567999132966
raw_elo,840,766,6734,11.735466565753777
raw_elo,841,753,6747,7.5484042782479115
raw_elo,842,812,6688,12.106309072053174
raw_elo,843,732,6768,8.594930821997437
raw_elo,844,827,6673,16.03398778415644
raw_elo,845,806,6694,10.90547366220333
raw_elo,846,806,6694,9.340685818417438
raw_elo,847,772,6728,10.650178975189911
raw_elo,848,768,6732,15.576955213903743
raw_elo,849,752,6748,13.937935905358877
raw_elo,850,849,6651,15.32222631310789
raw_elo,851,785,6715,11.914100478536977
raw_elo,852,794,6706,13.503265243877244
raw_elo,853,752,6748,13.124061975810008
raw_elo,854,807,6693,11.236730157513508
raw_elo,855,727,6773,9.474487156809008
raw_elo,856,756,6744,14.30171910598957
raw_elo,857,820,6680,10.53052431721922
raw_elo,858,753,6747,13.233976794762558
raw_elo,859,738,6762,12.251510713864905
raw_elo,860,814,6686,10.233859889857499
raw_elo,861,835,6665,12.316911563220145
raw_elo,862,764,6736,10.066253373294698
raw_elo,863,812,6688,10.84406745704386
raw_elo,864,755,6745,11.813509148302149
raw_elo,865,797,6703,11.508227462712162
raw_elo,866,781,6719,10.991037894144284
raw_elo,867,769,6731,9.872068736948519
raw_elo,868,791,6709,15.759365450376206
raw_elo,869,753,6747,11.314280450452523
raw_elo,870,815,6685,13.95294841027665
raw_elo,871,791,6709,12.695420740748837
raw_elo,872,803,6697,11.335087865777338
raw_elo,873,756,6744,13.650464139787982
raw_elo,874,757,6743,10.115896890772385
raw_elo,875,806,6694,13.418001083893504
raw_elo,876,785,6715,9.902442957349027
raw_elo,877,787,6713,14.879737034724293
raw_elo,878,745,6755,9.308839090109732
raw_elo,879,763,6737,11.207488389366366
raw_elo,880,797,6703,15.22872864843941
raw_elo,881,817,6683,14.078872734871778
raw_elo,882,769,6731,13.11552877540576
raw_elo,883,745,6755,13.763009254889496
raw_elo,884,750,6750,14.533333333333337
raw_elo,885,762,6738,11.784496439280801
raw_elo,886,706,6794,9.07553823945641
raw_elo,887,811,6689,14.238331183629782
raw_elo,888,777,6723,6.7791256546276655
raw_elo,889,735,6765,12.750501530989332
raw_elo,890,771,6729,12.236541643030657
raw_elo,891,792,6708,11.851068827813016
raw_elo,892,763,6737,11.964171178859884
raw_elo,893,778,6722,7.777363053749004
raw_elo,894,744,6756,6.255132832941807
raw_elo,895,789,6711,9.416637913011549
raw_elo,896,817,6683,9.84367980211029
raw_elo,897,757,6743,13.863312626568458
raw_elo,898,709,6791,10.276024913916803
raw_elo,899,773,6727,11.45035231927255
raw_elo,900,758,6742,12.247017671290672
raw_elo,901,766,6734,10.032134966860816
raw_elo,902,794,6706,12.101347640858485
raw_elo,903,863,6637,14.78847383021305
raw_elo,904,780,6720,7.536630036630037
raw_elo,905,756,6744,10.427846504358957
raw_elo,906,787,6713,10.457037692232129
raw_elo,907,767,6733,9.587524599595177
raw_elo,908,779,6721,10.732517148271114
raw_elo,909,754,6746,11.782638065901713
raw_elo,910,780,6720,13.791208791208792
raw_elo,911,766,6734,15.121076087133527
raw_elo,912,806,6694,11.664829286772866
raw_elo,913,788,6712,10.492458389550047
raw_elo,914,796,6704,11.386287043810938
raw_elo,915,781,6719,12.11034353436916
raw_elo,916,779,6721,9.342930851684573
raw_elo,917,775,6725,12.413958508214412
raw_elo,918,779,6721,11.753935846471286
raw_elo,919,753,6747,11.848441420327289
raw_elo,920,813,6687,13.138341343036581
raw_elo,921,802,6698,12.299238466985713
raw_elo,922,764,6736,12.74887764111875
raw_elo,923,776,6724,12.3246778733817
raw_elo,924,794,6706,11.832931297285565
raw_elo,925,750,6750,13.244444444444447
raw_elo,926,721,6779,12.81232999274295
raw_elo,927,822,6678,13.224707777799638
raw_elo,928,798,6702,11.52265175023503
raw_elo,929,762,6738,13.190553985738424
raw_elo,930,758,6742,9.019073910719161
raw_elo,931,818,6682,12.226146367023327
raw_elo,932,787,6713,9.407281401880818
raw_elo,933,808,6692,14.832843116947675
raw_elo,934,715,6785,9.612936805272842
raw_elo,935,755,6745,11.51198582221808
raw_elo,936,800,6700,14.679104477611936
raw_elo,937,736,6764,10.56801673823053
raw_elo,938,784,6716,9.582355872664728
raw_elo,939,730,6770,10.15357843831569
raw_elo,940,839,6661,13.620474900685847
raw_elo,941,792,6708,9.769429536871394
raw_elo,942,779,6721,11.240457027472573
raw_elo,943,730,6770,13.365978025535702
raw_elo,944,758,6742,9.584270304921144
raw_elo,945,744,6756,11.999130999446129
raw_elo,946,785,6715,13.525665043087297
raw_elo,947,757,6743,12.70406944840885
raw_elo,948,789,6711,13.785493766830804
raw_elo,949,803,6697,11.648661107527374
raw_elo,950,773,6727,13.374382280208868
raw_elo,951,768,6732,12.024658348187756
raw_elo,952,783,6717,11.284970883621764
raw_elo,953,793,6707,10.554292808458388
raw_elo,954,730,6770,9.719754760122218
raw_elo,955,796,6704,8.871400558880321
raw_elo,956,761,6739,8.876021058506012
raw_elo,957,754,6746,12.326392848183543
raw_elo,958,772,6728,10.206360550294796
raw_elo,959,736,6764,12.440622348494589
raw_elo,960,772,6728,13.200421408020308
raw_elo,961,797,6703,11.74080558322263
raw_elo,962,778,6722,15.89466808522681
raw_elo,963,781,6719,10.130424947770756
raw_elo,964,763,6737,12.34251257360664
raw_elo,965,758,6742,14.295375189122812
raw_elo,966,799,6701,13.595359368588438
raw_elo,967,730,6770,9.795026405778916
raw_elo,968,818,6682,11.619765980786978
raw_elo,969,752,6748,9.931390230675124
raw_elo,970,763,6737,12.565163605223084
raw_elo,971,779,6721,11.59754674626442
raw_elo,972,773,6727,13.189977405643226
raw_elo,973,703,6797,11.700166440260757
raw_elo,974,802,6698,12.18423037658169
raw_elo,975,786,6714,10.438823285967342
raw_elo,976,798,6702,9.717669285119696
raw_elo,977,760,6740,10.618069654849288
raw_elo,978,809,6691,10.222613295833622
raw_elo,979,734,6766,13.122915426628252
raw_elo,980,762,6738,9.927710505465532
raw_elo,981,782,6718,12.68306926690062
raw_elo,982,817,6683,12.008858590211629
raw_elo,983,789,6711,13.844927430307091
raw_elo,984,795,6705,12.939653595598893
raw_elo,985,742,6758,12.924125464957575
raw_elo,986,788,6712,14.313404887374986
raw_elo,987,771,6729,8.957569680684047
raw_elo,988,767,6733,12.229690072694549
raw_elo,989,805,6695,9.094392310939375
raw_elo,990,798,6702,13.241249946710997
raw_elo,991,777,6723,12.28411429214642
raw_elo,992,793,6707,13.085705379051943
raw_elo,993,805,6695,14.37227188176956
raw_elo,994,727,6773,9.92601296798864
raw_elo,995,740,6760,11.183431952662726
raw_elo,996,775,6725,14.845425110924577
raw_elo,997,762,6738,11.21889483315921
raw_elo,998,804,6696,12.004493660728615
raw_elo,999,766,6734,8.450705317546047
raw_elo,1000,761,6739,12.065878906375676
raw_elo,1001,825,6675,12.938372488934286
raw_elo,1002,806,6694,13.970734875348539
raw_elo,1003,831,6669,10.189339868230235
raw_elo,1004,711,6789,11.43516472725487
raw_elo,1005,769,6731,11.856037869153052
raw_elo,1006,823,6677,11.64935540677442
raw_elo,1007,796,6704,14.118624146987923
raw_elo,1008,813,6687,12.983555138377762
raw_elo,1009,790,6710,11.24016676413439
raw_elo,1010,762,6738,11.254069643787851
raw_elo,1011,754,6746,10.438408928446446
raw_elo,1012,703,6797,10.253310231628838
raw_elo,1013,776,6724,9.06822460857246
raw_elo,1014,758,6742,12.15019618678328
raw_elo,1015,765,6735,11.714630915469376
raw_elo,1016,791,6709,9.527138573974353
raw_elo,1017,800,6700,12.236940298507465
raw_elo,1018,731,6769,10.025910751496674
raw_elo,1019,813,6687,13.065059318157113
raw_elo,1020,780,6720,12.035256410256412
raw_elo,1021,781,6719,14.200809179312435
raw_elo,1022,799,6701,16.8345038072699
raw_elo,1023,750,6750,9.807407407407409
raw_elo,1024,825,6675,11.116104868913856
raw_elo,1025,753,6747,6.810286643554731
raw_elo,1026,751,6749,13.073436534169192
raw_elo,1027,784,6716,12.120461645051112
raw_elo,1028,774,6726,14.019643775053186
raw_elo,1029,770,6730,13.175546593080023
raw_elo,1030,797,6703,12.961461665042206
raw_elo,1031,782,6718,15.178369521436858
raw_elo,1032,786,6714,15.089695224971406
raw_elo,1033,769,6731,10.098762803703687
raw_elo,1034,755,6745,11.991418710941144
raw_elo,1035,741,6759,10.302592494757329
raw_elo,1036,808,6692,11.407369816479557
raw_elo,1037,740,6760,7.779465856388934
raw_elo,1038,748,6752,11.774051499100292
raw_elo,1039,794,6706,7.961891339835525
raw_elo,1040,785,6715,11.917515212164043
raw_elo,1041,768,6732,12.288556521093286
raw_elo,1042,785,6715,13.952506746470256
raw_elo,1043,758,6742,10.741940609372664
raw_elo,1044,819,6681,11.159907298209948
raw_elo,1045,762,6738,7.031222610975946
raw_elo,1046,817,6683,14.552315004493583
raw_elo,1047,813,6687,12.699421745226875
raw_elo,1048,759,6741,13.08094587249402
raw_elo,1049,804,6696,12.984584247222669
raw_elo,1050,816,6684,12.527942056535363
raw_elo,1051,772,6728,8.874905275609468
raw_elo,1052,758,6742,10.430460336456616
raw_elo,1053,779,6721,9.419062624208335
raw_elo,1054,778,6722,13.316248912942886
raw_elo,1055,751,6749,13.75422980255101
raw_elo,1056,741,6759,6.859769520082088
raw_elo,1057,769,6731,11.729843421901926
raw_elo,1058,801,6699,9.547794321137987
raw_elo,1059,778,6722,9.642894566358862
raw_elo,1060,785,6715,12.76636107962495
raw_elo,1061,747,6753,13.503562599279096
raw_elo,1062,827,6673,14.387112170886269
raw_elo,1063,778,6722,10.020161706677765
raw_elo,1064,771,6729,12.995842953983372
raw_elo,1065,768,6732,10.083834670231727
raw_elo,1066,791,6709,10.245949598054882
raw_elo,1067,785,6715,9.548448904676764
raw_elo,1068,784,6716,7.732068408066023
raw_elo,1069,755,6745,10.550272706297031
raw_elo,1070,765,6735,10.243824330028966
raw_elo,1071,781,6719,7.6383424687267665
raw_elo,1072,792,6708,9.333721833721832
raw_elo,1073,811,6689,9.892771668670747
raw_elo,1074,755,6745,10.699512516016279
raw_elo,1075,764,6736,14.661007200507392
raw_elo,1076,742,6758,11.653593744141915
raw_elo,1077,791,6709,14.786616992213226
raw_elo,1078,754,6746,10.986095699898001
raw_elo,1079,743,6757,12.745607914508078
raw_elo,1080,842,6658,13.168520501830528
raw_elo,1081,824,6676,9.594286445578138
raw_elo,1082,741,6759,10.583279873349255
raw_elo,1083,844,6656,13.544206275063797
raw_elo,1084,850,6650,13.0499778858912
raw_elo,1085,784,6716,10.06475550315421
raw_elo,1086,845,6655,14.521892601994319
raw_elo,1087,736,6764,9.947082379862698
raw_elo,1088,786,6714,15.096517019239736
raw_elo,1089,774,6726,8.754296067326377
raw_elo,1090,738,6762,10.078679757516296
raw_elo,1091,753,6747,11.256766324357232
raw_elo,1092,785,6715,11.892758393367831
raw_elo,1093,807,6693,11.636581969621485
raw_elo,1094,791,6709,14.622111664256876
raw_elo,1095,843,6657,11.72671904510651
raw_elo,1096,791,6709,12.286889754483804
raw_elo,1097,757,6743,12.675780412036481
raw_elo,1098,789,6711,10.304176843760853
raw_elo,1099,762,6738,13.249918782414
raw_elo,1100,782,6718,12.180354492910977
raw_elo,1101,768,6732,13.445577094474153
raw_elo,1102,787,6713,13.393535007933743
raw_elo,1103,775,6725,13.466362873246196
raw_elo,1104,753,6747,10.028951926103202
raw_elo,1105,752,6748,10.702383054395948
raw_elo,1106,779,6721,13.158400881340821
raw_elo,1107,774,6726,10.36980178734841
raw_elo,1108,833,6667,11.375067501126745
raw_elo,1109,761,6739,7.958323673035866
raw_elo,1110,785,6715,8.261284034697491
raw_elo,1111,761,6739,12.669987924059434
raw_elo,1112,769,6731,10.147177268616625
raw_elo,1113,781,6719,11.276886174643009
raw_elo,1114,758,6742,8.893409486000802
raw_elo,1115,809,6691,15.588269688319956
raw_elo,1116,789,6711,13.934332884039769
raw_elo,1117,797,6703,12.733095220758283
raw_elo,1118,793,6707,14.674754933158802
raw_elo,1119,818,6682,10.417287183243824
raw_elo,1120,820,6680,11.735066452460934
raw_elo,1121,789,6711,11.929225781631997
raw_elo,1122,786,6714,12.32175220059713
raw_elo,1123,822,6678,12.468438690722122
raw_elo,1124,785,6715,13.646413818288744
raw_elo,1125,745,6755,11.049831345411548
raw_elo,1126,831,6669,12.99980025041777
raw_elo,1127,740,6760,9.044058851751158
raw_elo,1128,751,6749,15.04153399260807
raw_elo,1129,760,6740,14.128143057941589
raw_elo,1130,817,6683,12.660359109166631
raw_elo,1131,843,6657,12.295996454645714
raw_elo,1132,825,6675,8.280558392917941
raw_elo,1133,794,6706,10.005025763611819
raw_elo,1134,760,6740,10.979228486646885
raw_elo,1135,749,6751,11.888897832274859
raw_elo,1136,790,6710,14.658265577543434
raw_elo,1137,805,6695,10.997824463421763
raw_elo,1138,717,6783,10.640433226803165
raw_elo,1139,787,6713,13.154301871371349
raw_elo,1140,781,6719,10.627705673078369
raw_elo,1141,758,6742,14.244616310623986
raw_elo,1142,737,6763,12.777602450559566
raw_elo,1143,759,6741,13.580044949407
raw_elo,1144,760,6740,8.758394502576921
raw_elo,1145,795,6705,13.551137562787558
raw_elo,1146,809,6691,14.106194713153602
raw_elo,1147,787,6713,11.009986313040503
raw_elo,1148,796,6704,9.552910735059545
raw_elo,1149,842,6658,13.131810070431227
raw_elo,1150,803,6697,7.479641355369804
raw_elo,1151,775,6725,7.715073749850104
raw_elo,1152,785,6715,12.963182531740426
raw_elo,1153,830,6670,10.775094380520583
raw_elo,1154,731,6769,12.151760490155993
raw_elo,1155,771,6729,8.069954485868413
raw_elo,1156,836,6664,11.179543587770036
raw_elo,1157,816,6684,10.25649487802302
raw_elo,1158,797,6703,11.393463965178984
raw_elo,1159,742,6758,10.724994795027797
raw_elo,1160,792,6708,14.896279431163151
raw_elo,1161,715,6785,10.893940252820139
raw_elo,1162,763,6737,11.130742358809192
raw_elo,1163,793,6707,8.34659014099628
raw_elo,1164,783,6717,12.271488195161018
raw_elo,1165,817,6683,15.143650809494707
raw_elo,1166,779,6721,9.668525012801638
raw_elo,1167,770,6730,13.806757878080312
raw_elo,1168,802,6698,10.49388323756152
raw_elo,1169,771,6729,13.139075712130488
raw_elo,1170,766,6734,11.498525467193875
raw_elo,1171,779,6721,12.19302097405503
raw_elo,1172,704,6796,8.962073278399057
raw_elo,1173,738,6762,10.707011684136363
raw_elo,1174,748,6752,9.340389537978055
raw_elo,1175,740,6760,11.455701263393575
raw_elo,1176,816,6684,9.1086703981413
raw_elo,1177,755,6745,12.068493217934307
raw_elo,1178,778,6722,9.28168948371193
raw_elo,1179,769,6731,5.908322786540316
raw_elo,1180,779,6721,11.327666679590859
raw_elo,1181,779,6721,8.80523349591713
raw_elo,1182,767,6733,9.658493814447166
raw_elo,1183,790,6710,11.627648135222318
raw_elo,1184,789,6711,10.826048601892468
raw_elo,1185,799,6701,13.67813706844046
raw_elo,1186,788,6712,9.514741382961345
raw_elo,1187,757,6743,10.261456129170405
raw_elo,1188,778,6722,12.016025344397285
raw_elo,1189,781,6719,10.130653626395153
raw_elo,1190,758,6742,11.017494397738275
raw_elo,1191,731,6769,11.89618965837459
raw_elo,1192,775,6725,11.908382300035974
raw_elo,1193,733,6767,11.4776770584961
raw_elo,1194,795,6705,11.014590632166927
raw_elo,1195,777,6723,11.710448256632993
raw_elo,1196,829,6671,11.978896467597627
raw_elo,1197,762,6738,15.113716306387792
raw_elo,1198,774,6726,10.471800971354938
raw_elo,1199,752,6748,9.975847847746849
raw_elo,1200,783,6717,9.841729425595375
raw_elo,1201,753,6747,11.300640036563392
raw_elo,1202,775,6725,9.462045808849984
raw_elo,1203,790,6710,8.693429417646058
raw_elo,1204,781,6719,9.314690181435525
raw_elo,1205,773,6727,12.51341594020428
raw_elo,1206,799,6701,13.918308197140172
raw_elo,1207,804,6696,9.282663742220798
raw_elo,1208,795,6705,7.938035540922717
raw_elo,1209,814,6686,8.838667618206951
raw_elo,1210,763,6737,10.223427246222084
raw_elo,1211,764,6736,14.856720473567053
raw_elo,1212,820,6680,13.703081641594855
raw_elo,1213,799,6701,12.014495809659104
raw_elo,1214,815,6685,14.629125732456604
raw_elo,1215,788,6712,12.700640719251222
raw_elo,1216,777,6723,7.698806092380389
raw_elo,1217,789,6711,10.38621682918856
raw_elo,1218,771,6729,11.824480022297356
raw_elo,1219,776,6724,12.944246490491052
raw_elo,1220,737,6763,9.822963202082684
raw_elo,1221,791,6709,13.454500709370338
raw_elo,1222,817,6683,11.202340068545647
raw_elo,1223,771,6729,11.897455291082847
raw_elo,1224,765,6735,11.9644234828304
raw_elo,1225,780,6720,12.004349816849814
raw_elo,1226,781,6719,12.616828574308837
raw_elo,1227,746,6754,12.965844488143652
raw_elo,1228,765,6735,12.691966170284003
raw_elo,1229,818,6682,9.31451792905657
raw_elo,1230,774,6726,12.741484508801898
raw_elo,1231,826,6674,13.026699686035437
raw_elo,1232,735,6765,8.601595848982612
raw_elo,1233,739,6761,9.993697435682918
raw_elo,1234,836,6664,12.390291044647528
raw_elo,1235,808,6692,9.63216016760074
raw_elo,1236,761,6739,9.109330648144375
raw_elo,1237,775,6725,9.134428588559778
raw_elo,1238,779,6721,12.663601659313567
raw_elo,1239,760,6740,10.215523973137591
raw_elo,1240,765,6735,11.420586051792652
raw_elo,1241,768,6732,12.515782828282829
raw_elo,1242,777,6723,10.061926527789982
raw_elo,1243,753,6747,9.649500412460132
raw_elo,1244,794,6706,11.741656218236834
raw_elo,1245,735,6765,12.487442870718136
raw_elo,1246,781,6719,14.757622573171918
raw_elo,1247,833,6667,8.524183634755833
raw_elo,1248,827,6673,12.061745694673492
raw_elo,1249,744,6756,10.234630149544488
raw_elo,1250,739,6761,11.553326919355001
raw_elo,1251,770,6730,10.057505644429865
raw_elo,1252,738,6762,12.273873847877786
raw_elo,1253,776,6724,9.692852806073947
raw_elo,1254,770,6730,9.895216225082493
raw_elo,1255,748,6752,8.285681247940795
raw_elo,1256,794,6706,9.84925714105418
raw_elo,1257,750,6750,10.370370370370368
raw_elo,1258,745,6755,14.730227174501614
raw_elo,1259,759,6741,9.831642013681835
raw_elo,1260,808,6692,12.651873376219875
raw_elo,1261,766,6734,10.578483685533296
raw_elo,1262,850,6650,12.673153471915082
raw_elo,1263,804,6696,12.661379482515734
raw_elo,1264,767,6733,13.106048532873654
raw_elo,1265,798,6702,10.878135356295843
raw_elo,1266,819,6681,15.70283231711162
raw_elo,1267,733,6767,9.51995792114489
raw_elo,1268,792,6708,13.427657613704131
raw_elo,1269,786,6714,13.9880891472075
raw_elo,1270,772,6728,10.730887236388952
raw_elo,1271,769,6731,12.104756073977146
raw_elo,1272,783,6717,11.531044065580732
raw_elo,1273,724,6776,11.132727142270088
raw_elo,1274,755,6745,9.90579237011473
raw_elo,1275,740,6760,9.469054853670238
raw_elo,1276,777,6723,11.398087703308585
raw_elo,1277,722,6778,7.594147269682184
raw_elo,1278,777,6723,13.710784795122144
raw_elo,1279,729,6771,9.950630654941522
raw_elo,1280,756,6744,11.498521907774577
raw_elo,1281,739,6761,10.642287144349938
raw_elo,1282,799,6701,12.009714426274149
raw_elo,1283,741,6759,10.487321448145615
raw_elo,1284,848,6652,11.706792679744494
raw_elo,1285,809,6691,10.895158505817182
raw_elo,1286,770,6730,12.09972790953474
raw_elo,1287,731,6769,7.882620112329103
raw_elo,1288,769,6731,10.258515082380903
raw_elo,1289,826,6674,15.751269245476468
raw_elo,1290,779,6721,9.603471119872397
raw_elo,1291,746,6754,9.392547440857212
raw_elo,1292,831,6669,10.024397598024803
raw_elo,1293,781,6719,12.884725582792239
raw_elo,1294,736,6764,10.940432725683285
raw_elo,1295,804,6696,11.427183081010718
raw_elo,1296,785,6715,11.278960023903133
raw_elo,1297,780,6720,11.450320512820511
raw_elo,1298,767,6733,12.36841407138477
raw_elo,1299,743,6757,11.615271217665507
raw_elo,1300,811,6689,12.34404203378608
raw_elo,1301,794,6706,9.108501653844336
raw_elo,1302,746,6754,12.159967164726538
raw_elo,1303,794,6706,14.422964960135703
raw_elo,1304,786,6714,9.33164607621763
raw_elo,1305,763,6737,9.911715801959058
raw_elo,1306,787,6713,13.205105078787561
raw_elo,1307,791,6709,12.159374570717407
raw_elo,1308,749,6751,11.38309332207917
raw_elo,1309,756,6744,10.35370652808375
raw_elo,1310,769,6731,12.309599877437606
raw_elo,1311,756,6744,14.786335649324972
raw_elo,1312,782,6718,9.883970156140427
raw_elo,1313,765,6735,12.427616926503344
raw_elo,1314,780,6720,11.262591575091573
raw_elo,1315,757,6743,10.31940555409387
raw_elo,1316,818,6682,9.608962954885914
raw_elo,1317,788,6712,15.208914407410322
raw_elo,1318,781,6719,12.071830242709963
raw_elo,1319,771,6729,11.425949473589252
raw_elo,1320,820,6680,11.082590915729519
raw_elo,1321,806,6694,12.324173123444499
raw_elo,1322,815,6685,11.388558764012464
raw_elo,1323,752,6748,8.910047421458211
raw_elo,1324,788,6712,12.851215793517785
raw_elo,1325,756,6744,13.266113088177145
raw_elo,1326,789,6711,13.382659307997253
raw_elo,1327,796,6704,12.332320912438083
raw_elo,1328,718,6782,12.655612226038283
raw_elo,1329,798,6702,13.28892957550546
raw_elo,1330,766,6734,11.82146482407579
raw_elo,1331,811,6689,11.798305516224715
raw_elo,1332,839,6661,14.175947052014475
raw_elo,1333,823,6677,14.983173408070465
raw_elo,1334,758,6742,10.451554427058674
raw_elo,1335,783,6717,14.210697737826534
raw_elo,1336,752,6748,10.389603223650191
raw_elo,1337,773,6727,8.870645624754442
raw_elo,1338,763,6737,12.535476801007562
raw_elo,1339,765,6735,10.630158522206212
raw_elo,1340,801,6699,11.105632066499949
raw_elo,1341,786,6714,9.623959960615508
raw_elo,1342,776,6724,11.442471037735269
raw_elo,1343,780,6720,10.983287545787546
raw_elo,1344,761,6739,7.32024680703201
raw_elo,1345,778,6722,11.84821508471971
raw_elo,1346,765,6735,11.610405112304756
raw_elo,1347,753,6747,10.784252939332045
raw_elo,1348,759,6741,13.696962660798501
raw_elo,1349,785,6715,10.928190997434207
raw_elo,1350,734,6766,12.200689293558675
raw_elo,1351,789,6711,11.422084960110324
raw_elo,1352,697,6803,9.273569281507378
raw_elo,1353,814,6686,13.249622776993403
raw_elo,1354,747,6753,10.96481290183688
raw_elo,1355,811,6689,9.111541686767332
raw_elo,1356,765,6735,10.570767282414085
raw_elo,1357,764,6736,15.17663939013319
raw_elo,1358,765,6735,10.739915862410292
raw_elo,1359,795,6705,11.344673786107245
raw_elo,1360,777,6723,9.220522875141352
raw_elo,1361,736,6764,9.034000334250381
raw_elo,1362,777,6723,12.44773172484016
raw_elo,1363,772,6728,13.894835903470454
raw_elo,1364,752,6748,12.947019763144946
raw_elo,1365,791,6709,12.532554812967994
raw_elo,1366,753,6747,13.399964688452354
raw_elo,1367,755,6745,10.843843121468444
raw_elo,1368,774,6726,8.85375967839715
raw_elo,1369,773,6727,12.396088362800484
raw_elo,1370,767,6733,7.250671980676238
raw_elo,1371,763,6737,10.772302406206913
raw_elo,1372,752,6748,9.769167223700636
raw_elo,1373,778,6722,14.169564848263272
raw_elo,1374,760,6740,10.145244416679677
raw_elo,1375,753,6747,13.956092039135587
raw_elo,1376,771,6729,9.691196649845345
raw_elo,1377,807,6693,13.274758014393335
raw_elo,1378,818,6682,13.438541232914908
raw_elo,1379,788,6712,13.12657684093343
raw_elo,1380,775,6725,11.838349922053004
raw_elo,1381,751,6749,10.424151213209276
raw_elo,1382,805,6695,15.117613496676391
raw_elo,1383,753,6747,11.624939400542189
raw_elo,1384,797,6703,11.974151164734382
raw_elo,1385,768,6732,12.908960932857994
raw_elo,1386,735,6765,13.008130081300811
raw_elo,1387,807,6693,12.058484228931409
raw_elo,1388,735,6765,14.519510686758075
raw_elo,1389,771,6729,12.113605492921343
raw_elo,1390,734,6766,10.00683816582512
raw_elo,1391,793,6707,7.793667980847019
raw_elo,1392,806,6694,13.71551576501604
raw_elo,1393,760,6740,11.104950804310482
raw_elo,1394,735,6765,10.340136054421773
raw_elo,1395,807,6693,13.165783260211384
raw_elo,1396,735,6765,11.801438979139329
raw_elo,1397,736,6764,10.724294860257627
raw_elo,1398,804,6696,12.86510993419997
raw_elo,1399,769,6731,9.147764385770941
raw_elo,1400,838,6662,10.984001450179804
raw_elo,1401,803,6697,11.00628503943421
raw_elo,1402,794,6706,6.308084568051014
raw_elo,1403,768,6732,11.139427361853832
raw_elo,1404,788,6712,10.224811384110888
raw_elo,1405,820,6680,13.651964363955017
raw_elo,1406,778,6722,12.170144612059236
raw_elo,1407,794,6706,11.581042128519819
raw_elo,1408,780,6720,12.394688644688639
raw_elo,1409,748,6752,12.055449603365693
raw_elo,1410,791,6709,12.158828103992242
raw_elo,1411,786,6714,7.664058467324741
raw_elo,1412,789,6711,16.148732601205783
raw_elo,1413,785,6715,10.393880038510606
raw_elo,1414,809,6691,12.16114334717835
raw_elo,1415,774,6726,11.06293522533176
raw_elo,1416,761,6739,8.250813756159598
raw_elo,1417,751,6749,11.756498324257342
raw_elo,1418,781,6719,10.809371783611327
raw_elo,1419,769,6731,12.855450751998736
raw_elo,1420,784,6716,13.10068250051658
raw_elo,1421,804,6696,12.407719467180229
raw_elo,1422,762,6738,8.674739344135856
raw_elo,1423,771,6729,13.986213341058768
raw_elo,1424,729,6771,10.37266774971693
raw_elo,1425,784,6716,12.860470275066548
raw_elo,1426,733,6767,11.66742705098634
raw_elo,1427,753,6747,15.35999178032202
raw_elo,1428,782,6718,14.053856913022923
raw_elo,1429,790,6710,13.11682921768002
raw_elo,1430,762,6738,15.955808284427492
raw_elo,1431,737,6763,16.2758452438251
raw_elo,1432,725,6775,10.588115536327775
raw_elo,1433,766,6734,12.24967256298849
raw_elo,1434,791,6709,12.434303864518464
raw_elo,1435,763,6737,15.518008470660744
raw_elo,1436,749,6751,12.94158270376401
raw_elo,1437,783,6717,13.110612576199127
raw_elo,1438,827,6673,13.08181049043312
raw_elo,1439,794,6706,9.87081759182536
raw_elo,1440,778,6722,9.182907829029341
raw_elo,1441,787,6713,11.018768983771176
raw_elo,1442,802,6698,11.36227064467824
raw_elo,1443,778,6722,13.149624186093472
raw_elo,1444,788,6712,11.112077467132131
raw_elo,1445,785,6715,10.926578484332538
raw_elo,1446,765,6735,9.415258308223068
raw_elo,1447,849,6651,11.781219434575846
raw_elo,1448,851,6649,14.696254121600855
raw_elo,1449,740,6760,14.589397089397089
raw_elo,1450,778,6722,12.175498631283233
raw_elo,1451,797,6703,13.62554005388325
raw_elo,1452,733,6767,7.314446905585265
raw_elo,1453,802,6698,12.629332908397862
raw_elo,1454,750,6750,11.511111111111111
raw_elo,1455,765,6735,12.317568452770866
raw_elo,1456,745,6755,7.772120080079881
raw_elo,1457,731,6769,12.676503226768693
raw_elo,1458,767,6733,12.83870856554854
raw_elo,1459,786,6714,10.654164591704241
raw_elo,1460,726,6774,9.809138978154197
raw_elo,1461,710,6790,8.495301707150116
raw_elo,1462,789,6711,11.027465831309247
raw_elo,1463,769,6731,11.588792341163945
raw_elo,1464,836,6664,12.721715480450557
raw_elo,1465,771,6729,9.643895722851264
raw_elo,1466,793,6707,8.371370860769023
raw_elo,1467,809,6691,11.556471536493774
raw_elo,1468,762,6738,11.4181408534975
raw_elo,1469,784,6716,11.248419856328473
raw_elo,1470,715,6785,8.818300343724072
raw_elo,1471,761,6739,11.748000684036807
raw_elo,1472,806,6694,11.725844632540083
raw_elo,1473,770,6730,12.99781941683873
raw_elo,1474,774,6726,10.128807105136383
raw_elo,1475,765,6735,10.071764414748824
raw_elo,1476,810,6690,12.915351824170957
raw_elo,1477,753,6747,10.08705654630625
raw_elo,1478,780,6720,12.672847985347985
raw_elo,1479,804,6696,7.934119723960836
raw_elo,1480,812,6688,9.253688688806655
raw_elo,1481,793,6707,13.368991498032113
raw_elo,1482,781,6719,12.914491917068178
raw_elo,1483,780,6720,12.194368131868133
raw_elo,1484,798,6702,11.224233367662666
raw_elo,1485,821,6679,12.587638569012732
raw_elo,1486,789,6711,9.931484147529195
raw_elo,1487,838,6662,12.967609546252785
raw_elo,1488,787,6713,7.885059068192707
raw_elo,1489,794,6706,11.131878591373868
raw_elo,1490,750,6750,10.044444444444444
raw_elo,1491,757,6743,8.972855259067035
raw_elo,1492,793,6707,11.412235922229153
raw_elo,1493,772,6728,9.945136865192561
raw_elo,1494,799,6701,11.13840069076048
raw_elo,1495,803,6697,13.900408186338709
raw_elo,1496,797,6703,10.545775211421466
raw_elo,1497,756,6744,10.79736956071476
raw_elo,1498,797,6703,13.840522727047254
raw_elo,1499,771,6729,13.938912414064685
raw_elo,1500,746,6754,11.45852601695272
raw_elo,1501,781,6719,14.763530104302225
raw_elo,1502,807,6693,11.333374434922577
raw_elo,1503,771,6729,14.97785588020491
raw_elo,1504,725,6775,12.706451202443064
raw_elo,1505,783,6717,9.728161575507222
raw_elo,1506,758,6742,13.284463399991703
raw_elo,1507,752,6748,7.817761606275775
raw_elo,1508,720,6780,14.301868239921333
raw_elo,1509,779,6721,12.079205311117475
raw_elo,1510,740,6760,12.13617463617464
raw_elo,1511,764,6736,10.790967653679223
raw_elo,1512,814,6686,13.290156335325348
raw_elo,1513,714,6786,9.420779806175345
raw_elo,1514,782,6718,14.030177353051576
raw_elo,1515,756,6744,10.548824116439775
raw_elo,1516,781,6719,11.172475326052838
raw_elo,1517,784,6716,14.148895114925065
raw_elo,1518,827,6673,14.407787813185696
raw_elo,1519,786,6714,11.154997987570692
raw_elo,1520,747,6753,10.294874150831074
raw_elo,1521,738,6762,11.28099879046705
raw_elo,1522,792,6708,11.730904754160566
raw_elo,1523,760,6740,13.020068717788536
raw_elo,1524,761,6739,9.933704197759175
raw_elo,1525,815,6685,11.481340424262726
raw_elo,1526,765,6735,13.877170764371078
raw_elo,1527,728,6772,9.624877485184635
raw_elo,1528,782,6718,9.059868171092816
raw_elo,1529,801,6699,10.926500852885972
raw_elo,1530,796,6704,11.674347273359636
raw_elo,1531,769,6731,9.129063187831704
raw_elo,1532,760,6740,10.212400437295022
raw_elo,1533,745,6755,14.980899060601393
raw_elo,1534,808,6692,12.604750463091735
raw_elo,1535,744,6756,9.99780362497374
raw_elo,1536,795,6705,11.749890957184867
raw_elo,1537,735,6765,14.927372279288653
raw_elo,1538,760,6740,12.34850851163517
raw_elo,1539,791,6709,7.635798394480759
raw_elo,1540,800,6700,12.759328358208954
raw_elo,1541,748,6752,7.8117475986516975
raw_elo,1542,762,6738,10.3190740961476
raw_elo,1543,785,6715,12.812649691014034
raw_elo,1544,776,6724,13.201978449253938
raw_elo,1545,733,6767,8.533064420041809
raw_elo,1546,776,6724,12.983956530538398
raw_elo,1547,795,6705,13.929058854980092
raw_elo,1548,744,6756,7.444040184113526
raw_elo,1549,827,6673,10.727505363254364
raw_elo,1550,783,6717,13.538417134542252
raw_elo,1551,768,6732,10.641339869281047
raw_elo,1552,793,6707,10.635666826042922
raw_elo,1553,745,6755,8.07217124774589
raw_elo,1554,815,6685,13.573286957798569
raw_elo,1555,786,6714,15.051834266782183
raw_elo,1556,736,6764,12.96931645797444
raw_elo,1557,783,6717,12.30360205734064
raw_elo,1558,748,6752,8.629489064044405
raw_elo,1559,735,6765,10.085825904641233
raw_elo,1560,779,6721,13.251474169727246
raw_elo,1561,791,6709,14.614385755383779
raw_elo,1562,730,6770,11.086987313085528
raw_elo,1563,778,6722,12.066008938152661
raw_elo,1564,776,6724,14.302360524233858
raw_elo,1565,768,6732,12.425727866904335
raw_elo,1566,723,6777,7.490737832441558
raw_elo,1567,828,6672,11.497106662496087
raw_elo,1568,763,6737,8.895438834580883
raw_elo,1569,766,6734,9.204295105078398
raw_elo,1570,824,6676,8.836173047054514
raw_elo,1571,740,6760,9.696945466176238
raw_elo,1572,742,6758,8.599850511602902
raw_elo,1573,828,6672,11.981936190178294
raw_elo,1574,760,6740,8.510854287052943
raw_elo,1575,815,6685,13.411400856234318
raw_elo,1576,768,6732,12.999944295900178
raw_elo,1577,770,6730,14.50454448968565
raw_elo,1578,792,6708,11.50119260584377
raw_elo,1579,761,6739,15.145604488279824
raw_elo,1580,757,6743,11.96393108681032
raw_elo,1581,737,6763,12.64627088369532
raw_elo,1582,770,6730,11.401362382045887
raw_elo,1583,801,6699,12.69472272959294
raw_elo,1584,711,6789,9.957905348251984
raw_elo,1585,714,6786,10.732798866673104
raw_elo,1586,791,6709,12.18973173948461
raw_elo,1587,714,6786,9.229085091154055
raw_elo,1588,763,6737,12.031131847346016
raw_elo,1589,796,6704,15.71003885777335
raw_elo,1590,764,6736,10.95698971533745
raw_elo,1591,784,6716,12.51800452164189
raw_elo,1592,757,6743,7.101762755681268
raw_elo,1593,752,6748,9.178763762943154
raw_elo,1594,853,6647,12.757053001548002
raw_elo,1595,804,6696,12.860206137769936
raw_elo,1596,776,6724,9.514464267096784
raw_elo,1597,795,6705,11.643521449776989
raw_elo,1598,774,6726,14.833793194061224
raw_elo,1599,761,6739,11.6228539271376
raw_elo,1600,775,6725,11.952991965463482
raw_elo,1601,793,6707,10.85374844109907
raw_elo,1602,783,6717,9.620012583158077
raw_elo,1603,772,6728,6.530592127556023
raw_elo,1604,776,6724,13.588653047707243
raw_elo,1605,799,6701,9.895988101826287
raw_elo,1606,772,6728,9.121265702685555
raw_elo,1607,811,6689,10.520539177725025
raw_elo,1608,773,6727,10.336673031445754
raw_elo,1609,798,6702,10.278606094466248
raw_elo,1610,777,6723,13.329853088889237
raw_elo,1611,808,6692,12.11391760813858
raw_elo,1612,766,6734,13.240203449080735
raw_elo,1613,784,6716,12.917522577822076
raw_elo,1614,752,6748,16.64196799051571
raw_elo,1615,830,6670,13.047090912375136
raw_elo,1616,765,6735,14.44779248002096
raw_elo,1617,773,6727,11.269139770202564
raw_elo,1618,795,6705,13.608824729503471
raw_elo,1619,786,6714,10.22655178765119
raw_elo,1620,790,6710,12.901016808466487
raw_elo,1621,745,6755,12.595392922965342
raw_elo,1622,763,6737,10.925794467321271
raw_elo,1623,749,6751,10.628045214683123
raw_elo,1624,805,6695,12.383209867380401
raw_elo,1625,805,6695,11.121305878587428
raw_elo,1626,699,6801,12.090685982180105
raw_elo,1627,786,6714,7.849611271423279
raw_elo,1628,746,6754,12.08593696040317
raw_elo,1629,775,6725,11.853699484350644
raw_elo,1630,774,6726,8.967053687299314
raw_elo,1631,705,6795,10.765425140513207
raw_elo,1632,795,6705,12.39570582358983
raw_elo,1633,779,6721,10.764337402416773
raw_elo,1634,761,6739,15.368189441536984
raw_elo,1635,765,6735,11.533545860809063
raw_elo,1636,755,6745,12.455927618692286
raw_elo,1637,744,6756,14.584885120036672
raw_elo,1638,741,6759,10.607479126646558
raw_elo,1639,764,6736,7.988101752247828
raw_elo,1640,758,6742,9.109633698572878
raw_elo,1641,742,6758,13.276069332622853
raw_elo,1642,717,6783,10.469380441011467
raw_elo,1643,817,6683,13.288819381499417
raw_elo,1644,783,6717,8.351486506759025
raw_elo,1645,803,6697,13.516358600745187
raw_elo,1646,729,6771,10.957162383999059
raw_elo,1647,775,6725,10.32018227605228
raw_elo,1648,721,6779,11.05336931238452
raw_elo,1649,789,6711,15.806011695230515
raw_elo,1650,813,6687,12.333784172296635
raw_elo,1651,777,6723,11.120012726438427
raw_elo,1652,798,6702,13.002627428014979
raw_elo,1653,761,6739,13.651155657567433
raw_elo,1654,752,6748,11.853945692340673
raw_elo,1655,797,6703,14.829368149357647
raw_elo,1656,767,6733,10.668522258288826
raw_elo,1657,782,6718,12.262890322521702
raw_elo,1658,789,6711,13.435407392550564
raw_elo,1659,803,6697,13.018226595763865
raw_elo,1660,798,6702,12.432715629718876
raw_elo,1661,780,6720,12.40728021978022
raw_elo,1662,751,6749,11.829991482685509
raw_elo,1663,742,6758,14.010708283045187
raw_elo,1664,737,6763,8.52961009210665
raw_elo,1665,770,6730,14.319098434997397
raw_elo,1666,797,6703,14.76701662264373
raw_elo,1667,742,6758,11.811577613115414
raw_elo,1668,789,6711,11.750414874166637
raw_elo,1669,765,6735,13.651251146338266
raw_elo,1670,798,6702,9.529643266626724
raw_elo,1671,801,6699,7.685981417093391
raw_elo,1672,769,6731,12.480190350375059
raw_elo,1673,760,6740,10.710213962205216
raw_elo,1674,837,6663,12.360561749822619
raw_elo,1675,787,6713,12.35778556314428
raw_elo,1676,733,6767,10.576021866811713
raw_elo,1677,803,6697,11.972982456597075
raw_elo,1678,750,6750,13.0962962962963
raw_elo,1679,731,6769,14.484435461493705
raw_elo,1680,747,6753,11.231361102636523
raw_elo,1681,786,6714,9.301857574579264
raw_elo,1682,826,6674,9.944920151997449
raw_elo,1683,785,6715,10.858758080350578
raw_elo,1684,800,6700,10.555970149253735
raw_elo,1685,773,6727,10.272788059779565
raw_elo,1686,797,6703,8.290750166922772
raw_elo,1687,763,6737,9.496100542941694
raw_elo,1688,761,6739,14.581722606695019
raw_elo,1689,770,6730,14.06649813782057
raw_elo,1690,817,6683,13.558159498213469
raw_elo,1691,726,6774,10.330456509697994
raw_elo,1692,772,6728,12.117482888000342
raw_elo,1693,826,6674,13.680568807725546
raw_elo,1694,745,6755,12.811588731190914
raw_elo,1695,810,6690,10.615069479045564
raw_elo,1696,765,6735,8.01898190605121
raw_elo,1697,750,6750,10.859259259259263
raw_elo,1698,799,6701,10.07407595563698
raw_elo,1699,764,6736,8.633147206228003
raw_elo,1700,809,6691,13.569728833392237
raw_elo,1701,773,6727,12.112048317192537
raw_elo,1702,790,6710,12.00003772944217
raw_elo,1703,784,6716,10.154094395351947
raw_elo,1704,790,6710,9.81814408873965
raw_elo,1705,798,6702,12.73707994247032
raw_elo,1706,744,6756,8.197253576271512
raw_elo,1707,734,6766,9.959277071364191
raw_elo,1708,819,6681,13.776808433296978
raw_elo,1709,783,6717,14.759941750131333
raw_elo,1710,776,6724,11.3532384380922
raw_elo,1711,785,6715,13.186563023177506
raw_elo,1712,817,6683,13.959166016332203
raw_elo,1713,762,6738,8.455276572173803
raw_elo,1714,745,6755,10.54153274482238
raw_elo,1715,822,6678,13.146009448171686
raw_elo,1716,777,6723,13.78452462789812
raw_elo,1717,815,6685,9.431425542947075
raw_elo,1718,767,6733,12.59280459299591
raw_elo,1719,770,6730,12.911946894116284
raw_elo,1720,797,6703,12.328755584448697
raw_elo,1721,785,6715,11.05899426609312
raw_elo,1722,736,6764,13.064368909572416
raw_elo,1723,760,6740,9.778228955177259
raw_elo,1724,803,6697,12.828888829797025
raw_elo,1725,779,6721,14.40473873489469
raw_elo,1726,751,6749,9.832851895600648
raw_elo,1727,771,6729,8.725170627396489
raw_elo,1728,720,6780,9.32399213372665
raw_elo,1729,786,6714,13.435751204615176
raw_elo,1730,765,6735,10.546894333085866
raw_elo,1731,800,6700,11.149253731343284
raw_elo,1732,792,6708,14.733199616920544
raw_elo,1733,740,6760,10.847992963377578
raw_elo,1734,803,6697,12.704950879475968
raw_elo,1735,814,6686,8.912421790076591
raw_elo,1736,773,6727,13.102380763277338
raw_elo,1737,807,6693,13.349462929976774
raw_elo,1738,759,6741,12.728433695520247
raw_elo,1739,788,6712,15.485863639938774
raw_elo,1740,799,6701,12.735588191402513
raw_elo,1741,783,6717,12.03168948005775
raw_elo,1742,772,6728,15.466182622464009
raw_elo,1743,778,6722,12.159436573611265
raw_elo,1744,769,6731,8.95078358598948
raw_elo,1745,737,6763,7.841614050110235
raw_elo,1746,786,6714,14.166820157037701
raw_elo,1747,781,6719,12.854959248516307
raw_elo,1748,789,6711,10.423384115404428
raw_elo,1749,785,6715,10.231680191225085
raw_elo,1750,781,6719,10.26437345201246
raw_elo,1751,774,6726,9.179811307272256
raw_elo,1752,784,6716,12.394935639532761
raw_elo,1753,770,6730,9.96893151425098
raw_elo,1754,804,6696,9.894746696624408
raw_elo,1755,750,6750,11.140740740740739
raw_elo,1756,756,6744,6.677305164849651
raw_elo,1757,801,6699,9.017221531750785
raw_elo,1758,758,6742,9.721636275261053
raw_elo,1759,780,6720,9.727564102564102
raw_elo,1760,744,6756,13.220029030348174
raw_elo,1761,776,6724,8.998847028953067
raw_elo,1762,819,6681,12.512438915671964
raw_elo,1763,718,6782,10.223974817824338
raw_elo,1764,817,6683,10.403898453684434
raw_elo,1765,802,6698,10.904695561782319
raw_elo,1766,739,6761,8.79881209972262
raw_elo,1767,761,6739,12.284349499130231
raw_elo,1768,799,6701,12.944512232590395
raw_elo,1769,753,6747,7.034969651555334
raw_elo,1770,774,6726,13.421824828791202
raw_elo,1771,800,6700,12.682835820895521
raw_elo,1772,787,6713,15.635122430240706
raw_elo,1773,799,6701,11.594257035590866
raw_elo,1774,790,6710,15.20949272765002
raw_elo,1775,768,6732,8.391126336898397
raw_elo,1776,765,6735,11.681732826760992
raw_elo,1777,761,6739,8.0028406636873
raw_elo,1778,760,6740,13.192253631110418
raw_elo,1779,784,6716,14.712201140134434
raw_elo,1780,765,6735,14.215467924363507
raw_elo,1781,797,6703,13.376508318247732
raw_elo,1782,752,6748,9.84326325215351
raw_elo,1783,812,6688,12.191676291041082
raw_elo,1784,809,6691,12.166426905207611
raw_elo,1785,817,6683,10.365894867244773
raw_elo,1786,744,6756,10.682260929353122
raw_elo,1787,864,6636,13.800356640546513
raw_elo,1788,773,6727,13.041322730453691
raw_elo,1789,730,6770,12.06066247141903
raw_elo,1790,755,6745,13.946558402348563
raw_elo,1791,747,6753,13.313434398039364
raw_elo,1792,843,6657,11.190585779985962
raw_elo,1793,806,6694,11.334137974750174
raw_elo,1794,826,6674,11.222110883838916
raw_elo,1795,792,6708,14.110695506044346
raw_elo,1796,769,6731,11.75920893932717
raw_elo,1797,774,6726,10.247748526486367
raw_elo,1798,774,6726,11.125517775518812
raw_elo,1799,784,6716,12.598910916361783
raw_elo,1800,767,6733,10.0627956526176
raw_elo,1801,711,6789,10.970464135021096
raw_elo,1802,763,6737,12.157135406260805
raw_elo,1803,743,6757,9.70281355200957
raw_elo,1804,678,6822,8.128568945343412
raw_elo,1805,765,6735,11.215045780747335
raw_elo,1806,726,6774,7.50157993494816
raw_elo,1807,751,6749,9.802823281606642
raw_elo,1808,772,6728,10.52488093991239
raw_elo,1809,798,6702,11.868749761601855
raw_elo,1810,809,6691,11.628390737220768
raw_elo,1811,784,6716,10.514868544201478
raw_elo,1812,835,6665,12.046035460961052
raw_elo,1813,844,6656,11.879955796573094
raw_elo,1814,769,6731,13.765723833923316
raw_elo,1815,711,6789,7.257582848402694
raw_elo,1816,816,6684,13.730550568521844
raw_elo,1817,791,6709,13.47658550253928
raw_elo,1818,803,6697,14.24832702362408
raw_elo,1819,783,6717,12.454816708562994
raw_elo,1820,765,6735,10.181521754952911
raw_elo,1821,808,6692,11.172864895575035
raw_elo,1822,787,6713,15.329299992750512
raw_elo,1823,740,6760,10.594514632976171
raw_elo,1824,741,6759,9.867724725107868
raw_elo,1825,783,6717,10.69893567929945
raw_elo,1826,763,6737,12.896776491630597
raw_elo,1827,771,6729,14.422561501324488
raw_elo,1828,817,6683,11.483951222808898
raw_elo,1829,788,6712,14.322177719426676
raw_elo,1830,798,6702,13.462146862231677
raw_elo,1831,834,6666,10.954656616740815
raw_elo,1832,774,6726,10.827587955567546
raw_elo,1833,786,6714,12.126876277665222
raw_elo,1834,787,6713,10.025040075667253
raw_elo,1835,762,6738,12.671112014827173
raw_elo,1836,756,6744,13.164670771432341
raw_elo,1837,851,6649,13.461006567521444
raw_elo,1838,801,6699,12.824989810654285
raw_elo,1839,769,6731,12.424434506105802
raw_elo,1840,784,6716,15.651702908679848
raw_elo,1841,792,6708,12.080780976129812
raw_elo,1842,807,6693,12.71316589434559
raw_elo,1843,820,6680,14.501241419599825
raw_elo,1844,790,6710,10.353336225923899
raw_elo,1845,776,6724,11.085693959780935
raw_elo,1846,762,6738,9.815992502272925
raw_elo,1847,854,6646,14.544890096065954
raw_elo,1848,826,6674,10.853509081898533
raw_elo,1849,788,6712,10.963090577978374
raw_elo,1850,802,6698,10.181175904669498
raw_elo,1851,748,6752,12.502534404541654
raw_elo,1852,789,6711,15.604254521122746
raw_elo,1853,814,6686,12.784938420595015
raw_elo,1854,781,6719,15.799444272829605
raw_elo,1855,805,6695,12.337658120688932
raw_elo,1856,751,6749,8.308278249635642
raw_elo,1857,775,6725,11.22820482072191
raw_elo,1858,814,6686,11.06070038166957
raw_elo,1859,785,6715,13.262635700091534
raw_elo,1860,814,6686,14.127727379297827
raw_elo,1861,816,6684,10.920503749075932
raw_elo,1862,780,6720,9.9896978021978
raw_elo,1863,772,6728,13.20681337908855
raw_elo,1864,802,6698,8.83060339595919
raw_elo,1865,813,6687,15.014758492134044
raw_elo,1866,738,6762,13.355480049920288
raw_elo,1867,782,6718,10.634330488994337
raw_elo,1868,751,6749,9.818034885673255
raw_elo,1869,744,6756,9.744981760537824
raw_elo,1870,744,6756,11.827956989247312
raw_elo,1871,782,6718,11.855579048995368
raw_elo,1872,745,6755,9.814157049960503
raw_elo,1873,790,6710,11.635005376445513
raw_elo,1874,758,6742,13.2188721275445
raw_elo,1875,774,6726,12.179048330325221
raw_elo,1876,809,6691,12.143389853240866
raw_elo,1877,777,6723,13.349896080819773
raw_elo,1878,709,6791,9.328990352493
raw_elo,1879,782,6718,10.544332933090395
raw_elo,1880,800,6700,8.570895522388062
raw_elo,1881,807,6693,12.090976701508593
raw_elo,1882,757,6743,14.216494584824108
raw_elo,1883,817,6683,9.710511572229436
raw_elo,1884,746,6754,10.95432673796325
raw_elo,1885,815,6685,13.091207767596163
raw_elo,1886,791,6709,11.907076536810468
raw_elo,1887,763,6737,8.722045331322049
raw_elo,1888,784,6716,11.146698107474078
raw_elo,1889,766,6734,10.436187198589286
raw_elo,1890,807,6693,11.741168851438305
raw_elo,1891,774,6726,13.243412696766226
raw_elo,1892,771,6729,9.734391995156571
raw_elo,1893,755,6745,10.418804216024624
raw_elo,1894,736,6764,9.079075926259229
raw_elo,1895,828,6672,12.695061342230568
raw_elo,1896,790,6710,10.10866079345017
raw_elo,1897,749,6751,10.227115638705753
raw_elo,1898,760,6740,12.432453537404342
raw_elo,1899,754,6746,10.985309302064062
raw_elo,1900,740,6760,8.324004477850632
raw_elo,1901,781,6719,12.089781514725285
raw_elo,1902,776,6724,13.316048989003843
raw_elo,1903,821,6679,12.985817893413632
raw_elo,1904,752,6748,15.592957408972241
raw_elo,1905,773,6727,11.56325679508597
raw_elo,1906,812,6688,14.449746034364907
raw_elo,1907,802,6698,14.723604544923152
raw_elo,1908,774,6726,9.545394823282095
raw_elo,1909,790,6710,14.62883661265068
raw_elo,1910,762,6738,12.403970429787103
raw_elo,1911,797,6703,14.855761320377347
raw_elo,1912,798,6702,12.722046835979834
raw_elo,1913,826,6674,6.813401142520465
raw_elo,1914,756,6744,10.630731137848576
raw_elo,1915,764,6736,9.579068784121574
raw_elo,1916,817,6683,12.884809206428338
raw_elo,1917,816,6684,14.932499031928748
raw_elo,1918,696,6804,11.984076303999675
raw_elo,1919,768,6732,12.861844548425433
raw_elo,1920,806,6694,15.345878424514082
raw_elo,1921,817,6683,11.683859244972217
raw_elo,1922,776,6724,11.853906915986434
raw_elo,1923,740,6760,10.530545338237646
raw_elo,1924,766,6734,7.234322377925507
raw_elo,1925,808,6692,11.857959555668657
raw_elo,1926,820,6680,9.490652840660141
raw_elo,1927,811,6689,10.93133932276319
raw_elo,1928,730,6770,10.068999008518642
raw_elo,1929,782,6718,11.954370782316321
raw_elo,1930,768,6732,13.663983585858585
raw_elo,1931,825,6675,12.242424242424244
raw_elo,1932,752,6748,11.986530287934011
raw_elo,1933,699,6801,9.852565231192333
raw_elo,1934,769,6731,8.724089519234319
raw_elo,1935,755,6745,11.203589610160087
raw_elo,1936,779,6721,10.220776410381195
raw_elo,1937,813,6687,15.850714361786956
raw_elo,1938,785,6715,7.386068835338699
raw_elo,1939,780,6720,10.761217948717949
raw_elo,1940,772,6728,8.639249474780208
raw_elo,1941,757,6743,9.064324449387406
raw_elo,1942,768,6732,9.392639631610217
raw_elo,1943,785,6715,15.029570644673251
raw_elo,1944,795,6705,11.82249236700294
raw_elo,1945,791,6709,12.011413993957587
raw_elo,1946,761,6739,13.619683724623316
raw_elo,1947,762,6738,10.336252492036003
raw_elo,1948,742,6758,10.019950399207406
raw_elo,1949,769,6731,12.245981029489355
raw_elo,1950,760,6740,10.328361705450572
raw_elo,1951,777,6723,11.63027628891083
raw_elo,1952,760,6740,9.994924254255816
raw_elo,1953,793,6707,11.08170098019216
raw_elo,1954,764,6736,8.340432279165789
raw_elo,1955,756,6744,10.384539343614074
raw_elo,1956,735,6765,7.732174909875256
raw_elo,1957,801,6699,10.655120418777914
raw_elo,1958,770,6730,10.804307134173403
raw_elo,1959,806,6694,10.788484335811265
raw_elo,1960,788,6712,11.821618073244073
raw_elo,1961,795,6705,12.118807423353456
raw_elo,1962,774,6726,7.8555507149163155
raw_elo,1963,779,6721,10.416262785639779
raw_elo,1964,829,6671,11.56057971245108
raw_elo,1965,785,6715,12.122588937211587
raw_elo,1966,733,6767,9.468770582541753
raw_elo,1967,768,6732,11.16565470885324
raw_elo,1968,746,6754,8.886760382686537
raw_elo,1969,794,6706,9.87081759182536
raw_elo,1970,810,6690,13.816641753861486
raw_elo,1971,769,6731,11.826324602179344
raw_elo,1972,771,6729,14.109149491168083
raw_elo,1973,776,6724,11.080634379388805
raw_elo,1974,778,6722,12.058857498189196
raw_elo,1975,760,6740,12.048649070748086
raw_elo,1976,774,6726,9.584350443840517
raw_elo,1977,790,6710,13.831424852383561
raw_elo,1978,818,6682,11.729574545781867
raw_elo,1979,771,6729,9.518241793318078
raw_elo,1980,844,6656,13.799258909041196
raw_elo,1981,770,6730,11.234634607591515
raw_elo,1982,782,6718,9.22429263976841
raw_elo,1983,796,6704,10.868858013216437
raw_elo,1984,803,6697,10.154562618045555
raw_elo,1985,774,6726,11.868901658956222
raw_elo,1986,772,6728,10.418758817839608
raw_elo,1987,798,6702,14.989802168806076
raw_elo,1988,749,6751,11.2647901245506
raw_elo,1989,756,6744,7.456127963245401
raw_elo,1990,723,6777,13.563878801682772
raw_elo,1991,773,6727,10.658059439177642
raw_elo,1992,760,6740,9.133218803685772
raw_elo,1993,724,6776,8.311264325829871
raw_elo,1994,743,6757,12.231271652686182
raw_elo,1995,757,6743,9.199167550046027
raw_elo,1996,781,6719,12.971185159367089
raw_elo,1997,837,6663,14.403674709262138
raw_elo,1998,799,6701,12.288883713207394
raw_elo,1999,731,6769,12.643703016426988
raw_elo,2000,781,6719,12.715103213144296
player_calibrated_elo,1,720,6780,10.66002949852507
player_calibrated_elo,2,677,6823,13.273377409063231
player_calibrated_elo,3,656,6844,12.22701743382133
player_calibrated_elo,4,705,6795,13.656787688068512
player_calibrated_elo,5,694,6806,10.55628996621899
player_calibrated_elo,6,711,6789,13.953012847165896
player_calibrated_elo,7,690,6810,14.06307859286216
player_calibrated_elo,8,700,6800,15.107142857142858
player_calibrated_elo,9,680,6820,15.429532516819044
player_calibrated_elo,10,677,6823,11.755745782089472
player_calibrated_elo,11,680,6820,14.35483870967742
player_calibrated_elo,12,664,6836,7.961130654860521
player_calibrated_elo,13,727,6773,12.822272917529364
player_calibrated_elo,14,696,6804,15.79851608587241
player_calibrated_elo,15,715,6785,11.948508381817152
player_calibrated_elo,16,706,6794,9.623972493643368
player_calibrated_elo,17,691,6809,13.471146450205623
player_calibrated_elo,18,678,6822,11.320350869000084
player_calibrated_elo,19,772,6728,11.575859604591132
player_calibrated_elo,20,694,6806,16.242660950966304
player_calibrated_elo,21,669,6831,12.577585827732058
player_calibrated_elo,22,672,6828,10.105448154657292
player_calibrated_elo,23,734,6766,11.660844694702883
player_calibrated_elo,24,693,6807,11.638324948153066
player_calibrated_elo,25,721,6779,14.343431078150093
player_calibrated_elo,26,721,6779,12.611252135224655
player_calibrated_elo,27,645,6855,10.230183366410529
player_calibrated_elo,28,662,6838,13.212728938780883
player_calibrated_elo,29,682,6818,15.401485975109875
player_calibrated_elo,30,657,6843,9.413879596988423
player_calibrated_elo,31,674,6826,15.236819248448718
player_calibrated_elo,32,710,6790,9.226078118193698
player_calibrated_elo,33,688,6812,11.957523658659818
player_calibrated_elo,34,715,6785,15.746994346846959
player_calibrated_elo,35,703,6797,11.29284507787408
player_calibrated_elo,36,666,6834,11.14920891040294
player_calibrated_elo,37,699,6801,13.994218219612991
player_calibrated_elo,38,654,6846,13.753427301015531
player_calibrated_elo,39,671,6829,11.694362976863593
player_calibrated_elo,40,694,6806,10.629246443848073
player_calibrated_elo,41,744,6756,13.655722989361902
player_calibrated_elo,42,704,6796,13.818874070308734
player_calibrated_elo,43,648,6852,11.167055847441137
player_calibrated_elo,44,679,6821,12.323783930722476
player_calibrated_elo,45,723,6777,12.717471898176463
player_calibrated_elo,46,683,6817,11.695612402977574
player_calibrated_elo,47,635,6865,12.805340337556132
player_calibrated_elo,48,719,6781,12.86333675107511
player_calibrated_elo,49,728,6772,11.253675444461031
player_calibrated_elo,50,667,6833,10.733583888576709
player_calibrated_elo,51,663,6837,9.30669361611725
player_calibrated_elo,52,739,6761,13.772554083667393
player_calibrated_elo,53,670,6830,9.50416293350233
player_calibrated_elo,54,679,6821,13.44267540746879
player_calibrated_elo,55,706,6794,11.72835387998576
player_calibrated_elo,56,683,6817,12.370396032139958
player_calibrated_elo,57,702,6798,11.035296957627056
player_calibrated_elo,58,702,6798,10.082276587130956
player_calibrated_elo,59,684,6816,12.754818383988137
player_calibrated_elo,60,692,6808,11.874927830569954
player_calibrated_elo,61,748,6752,16.71701155688471
player_calibrated_elo,62,752,6748,9.78792770750041
player_calibrated_elo,63,690,6810,11.674008810572689
player_calibrated_elo,64,652,6848,11.314933203371364
player_calibrated_elo,65,705,6795,13.870962691591126
player_calibrated_elo,66,704,6796,12.456692439402861
player_calibrated_elo,67,707,6793,12.388990996847365
player_calibrated_elo,68,673,6827,14.540508787436302
player_calibrated_elo,69,673,6827,15.597255978849823
player_calibrated_elo,70,682,6818,13.128651172633422
player_calibrated_elo,71,669,6831,8.876114101304195
player_calibrated_elo,72,692,6808,10.677594533462841
player_calibrated_elo,73,710,6790,15.348586363542077
player_calibrated_elo,74,602,6898,7.933928559387909
player_calibrated_elo,75,708,6792,14.696252819867844
player_calibrated_elo,76,698,6802,10.372181113089102
player_calibrated_elo,77,706,6794,9.084919955201265
player_calibrated_elo,78,655,6845,11.463206552952787
player_calibrated_elo,79,696,6804,14.025218431348701
player_calibrated_elo,80,640,6860,12.467201166180757
player_calibrated_elo,81,708,6792,13.925655307340639
player_calibrated_elo,82,693,6807,17.157280797651005
player_calibrated_elo,83,688,6812,12.409701074710838
player_calibrated_elo,84,680,6820,9.814127997239952
player_calibrated_elo,85,666,6834,13.123439506231433
player_calibrated_elo,86,680,6820,11.960065551147148
player_calibrated_elo,87,664,6836,12.115166341198613
player_calibrated_elo,88,718,6782,14.911583915805316
player_calibrated_elo,89,667,6833,9.89972597485832
player_calibrated_elo,90,716,6784,14.801422341098347
player_calibrated_elo,91,753,6747,13.051336967234073
player_calibrated_elo,92,689,6811,12.062873619234999
player_calibrated_elo,93,699,6801,11.773577856828677
player_calibrated_elo,94,718,6782,14.44295032976854
player_calibrated_elo,95,704,6796,12.7401981111884
player_calibrated_elo,96,699,6801,15.04095901069838
player_calibrated_elo,97,655,6845,16.02875002091012
player_calibrated_elo,98,661,6839,11.4738620871353
player_calibrated_elo,99,687,6813,15.998120726045828
player_calibrated_elo,100,700,6800,12.842436974789917
player_calibrated_elo,101,637,6863,16.00997408120491
player_calibrated_elo,102,700,6800,10.346638655462186
player_calibrated_elo,103,648,6852,10.126267540161294
player_calibrated_elo,104,726,6774,14.050196790353004
player_calibrated_elo,105,630,6870,10.208636584182434
player_calibrated_elo,106,679,6821,11.98792864192471
player_calibrated_elo,107,642,6858,4.928686873642352
player_calibrated_elo,108,701,6799,11.298653259195829
player_calibrated_elo,109,672,6828,12.79108084358524
player_calibrated_elo,110,704,6796,11.662692626678794
player_calibrated_elo,111,657,6843,12.840438884651645
player_calibrated_elo,112,676,6824,13.327916785171723
player_calibrated_elo,113,708,6792,13.831326984887504
player_calibrated_elo,114,638,6862,15.077264367206977
player_calibrated_elo,115,703,6797,11.8519989678318
player_calibrated_elo,116,722,6778,15.288341211463841
player_calibrated_elo,117,633,6867,10.486584302837182
player_calibrated_elo,118,679,6821,9.012429992363097
player_calibrated_elo,119,703,6797,15.516049566675616
player_calibrated_elo,120,724,6776,9.989514503577784
player_calibrated_elo,121,676,6824,14.183407673578108
player_calibrated_elo,122,730,6770,11.705954958418484
player_calibrated_elo,123,702,6798,13.353223547398308
player_calibrated_elo,124,674,6826,11.458109636657182
player_calibrated_elo,125,654,6846,10.446065069805716
player_calibrated_elo,126,685,6815,11.527812735967785
player_calibrated_elo,127,709,6791,10.33812485993762
player_calibrated_elo,128,694,6806,12.428980701042736
player_calibrated_elo,129,678,6822,10.404262108794294
player_calibrated_elo,130,689,6811,14.554531547298522
player_calibrated_elo,131,670,6830,10.244749896199822
player_calibrated_elo,132,660,6840,12.624933545986178
player_calibrated_elo,133,662,6838,9.577366219871363
player_calibrated_elo,134,658,6842,14.330049781920895
player_calibrated_elo,135,711,6789,12.807886671974334
player_calibrated_elo,136,666,6834,12.006211655026405
player_calibrated_elo,137,655,6845,11.731302170749252
player_calibrated_elo,138,726,6774,13.691020845381102
player_calibrated_elo,139,715,6785,11.58004854393948
player_calibrated_elo,140,670,6830,12.76501824697887
player_calibrated_elo,141,666,6834,13.888822975741327
player_calibrated_elo,142,746,6754,14.207170252004369
player_calibrated_elo,143,731,6769,14.405557321651635
player_calibrated_elo,144,744,6756,17.45760041253653
player_calibrated_elo,145,709,6791,14.594276544975004
player_calibrated_elo,146,727,6773,11.013915394708867
player_calibrated_elo,147,691,6809,12.934187938454656
player_calibrated_elo,148,665,6835,11.08194773693561
player_calibrated_elo,149,723,6777,13.009036544769137
player_calibrated_elo,150,674,6826,14.679819958771706
player_calibrated_elo,151,625,6875,11.010909090909093
player_calibrated_elo,152,681,6819,11.113932113755748
player_calibrated_elo,153,723,6777,14.709320088632715
player_calibrated_elo,154,654,6846,10.710868464006301
player_calibrated_elo,155,697,6803,13.5647177346647
player_calibrated_elo,156,706,6794,16.080886234396125
player_calibrated_elo,157,645,6855,12.391566162875511
player_calibrated_elo,158,668,6832,9.999526707708705
player_calibrated_elo,159,659,6841,9.904975778683333
player_calibrated_elo,160,698,6802,13.432379992737681
player_calibrated_elo,161,650,6850,9.22290847838293
player_calibrated_elo,162,708,6792,10.596963526381986
player_calibrated_elo,163,705,6795,13.442612684545896
player_calibrated_elo,164,668,6832,17.20040597960987
player_calibrated_elo,165,664,6836,10.58852143506736
player_calibrated_elo,166,630,6870,10.499757399320714
player_calibrated_elo,167,649,6851,14.096532869246985
player_calibrated_elo,168,694,6806,11.053012217563584
player_calibrated_elo,169,686,6814,11.930590509506667
player_calibrated_elo,170,668,6832,13.767985107069237
player_calibrated_elo,171,710,6790,11.667323528801676
player_calibrated_elo,172,709,6791,11.018503499300802
player_calibrated_elo,173,668,6832,13.10397355172559
player_calibrated_elo,174,664,6836,13.9928937517184
player_calibrated_elo,175,634,6866,12.406260998051021
player_calibrated_elo,176,690,6810,10.437336397880353
player_calibrated_elo,177,703,6797,12.470086062150676
player_calibrated_elo,178,722,6778,11.58636913135131
player_calibrated_elo,179,667,6833,8.385511620013203
player_calibrated_elo,180,700,6800,10.155462184873947
player_calibrated_elo,181,640,6860,16.179391399416907
player_calibrated_elo,182,662,6838,13.451531295258684
player_calibrated_elo,183,702,6798,15.405612007553755
player_calibrated_elo,184,706,6794,12.267406418427857
player_calibrated_elo,185,657,6843,8.690612744950844
player_calibrated_elo,186,624,6876,7.456817469906474
player_calibrated_elo,187,686,6814,12.249518869143527
player_calibrated_elo,188,650,6850,12.97024143739472
player_calibrated_elo,189,639,6861,12.362246158288698
player_calibrated_elo,190,653,6847,12.601711752232287
player_calibrated_elo,191,692,6808,14.70396948846308
player_calibrated_elo,192,682,6818,12.087333081570344
player_calibrated_elo,193,704,6796,11.614034325004013
player_calibrated_elo,194,715,6785,10.608860557276184
player_calibrated_elo,195,719,6781,12.486004111545412
player_calibrated_elo,196,675,6825,9.07936507936508
player_calibrated_elo,197,653,6847,11.369931857794885
player_calibrated_elo,198,734,6766,15.143959902090998
player_calibrated_elo,199,692,6808,12.152058441955399
player_calibrated_elo,200,681,6819,10.820052548172931
player_calibrated_elo,201,640,6860,12.140123906705542
player_calibrated_elo,202,666,6834,10.827289097701742
player_calibrated_elo,203,740,6760,13.61266592035823
player_calibrated_elo,204,669,6831,14.672559086674902
player_calibrated_elo,205,704,6796,9.222420273957944
player_calibrated_elo,206,639,6861,13.301213294438934
player_calibrated_elo,207,704,6796,14.357626812563545
player_calibrated_elo,208,674,6826,11.163243002623064
player_calibrated_elo,209,738,6762,12.85098698369415
player_calibrated_elo,210,691,6809,14.694074561654269
player_calibrated_elo,211,660,6840,10.062466772993089
player_calibrated_elo,212,689,6811,13.567930644081045
player_calibrated_elo,213,695,6805,15.491465754655643
player_calibrated_elo,214,673,6827,13.810103271883273
player_calibrated_elo,215,678,6822,13.935912703045588
player_calibrated_elo,216,721,6779,11.755341360761868
player_calibrated_elo,217,634,6866,8.50177484996706
player_calibrated_elo,218,703,6797,11.238871805840207
player_calibrated_elo,219,667,6833,12.653339655358915
player_calibrated_elo,220,699,6801,15.007575886656404
player_calibrated_elo,221,662,6838,12.652195081864365
player_calibrated_elo,222,680,6820,9.859410039675693
player_calibrated_elo,223,693,6807,14.043094166496545
player_calibrated_elo,224,653,6847,9.348635489637763
player_calibrated_elo,225,739,6761,12.432583677098958
player_calibrated_elo,226,768,6732,13.852681224004753
player_calibrated_elo,227,700,6800,11.224789915966383
player_calibrated_elo,228,687,6813,11.233789499524732
player_calibrated_elo,229,738,6762,13.109605807681863
player_calibrated_elo,230,658,6842,14.204328885864086
player_calibrated_elo,231,680,6820,12.577626358461275
player_calibrated_elo,232,630,6870,12.055174325916685
player_calibrated_elo,233,721,6779,13.127552474507736
player_calibrated_elo,234,647,6853,9.436542305618245
player_calibrated_elo,235,657,6843,15.542396756476135
player_calibrated_elo,236,725,6775,12.503371930271022
player_calibrated_elo,237,656,6844,8.324453678493537
player_calibrated_elo,238,759,6741,14.074863688841743
player_calibrated_elo,239,761,6739,14.751561848295536
player_calibrated_elo,240,712,6788,9.909341004945937
player_calibrated_elo,241,692,6808,11.882484394422066
player_calibrated_elo,242,681,6819,12.245068036769508
player_calibrated_elo,243,706,6794,11.612520962922623
player_calibrated_elo,244,708,6792,11.13847797009443
player_calibrated_elo,245,672,6828,13.83562432002678
player_calibrated_elo,246,688,6812,13.8499603982029
player_calibrated_elo,247,712,6788,14.313345427820407
player_calibrated_elo,248,642,6858,12.628678424542727
player_calibrated_elo,249,686,6814,11.815153332916884
player_calibrated_elo,250,688,6812,9.003605129115517
player_calibrated_elo,251,716,6784,15.883742226204278
player_calibrated_elo,252,679,6821,13.397354915589238
player_calibrated_elo,253,688,6812,15.028882000300426
player_calibrated_elo,254,706,6794,13.190859123322445
player_calibrated_elo,255,668,6832,12.148536650352687
player_calibrated_elo,256,739,6761,13.717794426723835
player_calibrated_elo,257,699,6801,10.889777001993522
player_calibrated_elo,258,687,6813,12.586648822537445
player_calibrated_elo,259,696,6804,13.829339739301428
player_calibrated_elo,260,667,6833,18.577495973219303
player_calibrated_elo,261,644,6856,13.594475890909358
player_calibrated_elo,262,720,6780,11.103736479842674
player_calibrated_elo,263,688,6812,10.019596061669562
player_calibrated_elo,264,680,6820,8.69889598067966
player_calibrated_elo,265,652,6848,6.144286451464942
player_calibrated_elo,266,702,6798,14.405317803376056
player_calibrated_elo,267,654,6846,9.15568456233734
player_calibrated_elo,268,736,6764,14.463238886174889
player_calibrated_elo,269,660,6840,11.535087719298248
player_calibrated_elo,270,708,6792,13.766445069972649
player_calibrated_elo,271,678,6822,13.073787823361693
player_calibrated_elo,272,676,6824,14.38362341058707
player_calibrated_elo,273,692,6808,11.074186777881174
player_calibrated_elo,274,675,6825,12.988196988196993
player_calibrated_elo,275,657,6843,12.299740360612482
player_calibrated_elo,276,662,6838,8.6858226951044
player_calibrated_elo,277,684,6816,12.490733876945887
player_calibrated_elo,278,673,6827,11.238045945965357
player_calibrated_elo,279,722,6778,12.514947741143951
player_calibrated_elo,280,641,6859,8.613823485728467
player_calibrated_elo,281,647,6853,12.428857633171402
player_calibrated_elo,282,682,6818,14.081794869368558
player_calibrated_elo,283,699,6801,11.804184312708365
player_calibrated_elo,284,663,6837,8.854204928334447
player_calibrated_elo,285,691,6809,11.302526089692734
player_calibrated_elo,286,659,6841,11.991121105696061
player_calibrated_elo,287,651,6849,8.613117862407844
player_calibrated_elo,288,759,6741,15.302616927972473
player_calibrated_elo,289,772,6728,13.385095463702845
player_calibrated_elo,290,694,6806,16.204764231594265
player_calibrated_elo,291,699,6801,10.87109759799272
player_calibrated_elo,292,698,6802,15.710531792014654
player_calibrated_elo,293,663,6837,9.096432308367364
player_calibrated_elo,294,722,6778,16.19975495104334
player_calibrated_elo,295,692,6808,12.607405092954227
player_calibrated_elo,296,703,6797,8.570637493614347
player_calibrated_elo,297,662,6838,11.648474094914768
player_calibrated_elo,298,635,6865,13.901394153844388
player_calibrated_elo,299,710,6790,14.238420211993613
player_calibrated_elo,300,626,6874,10.16954194208673
player_calibrated_elo,301,698,6802,12.301244619608765
player_calibrated_elo,302,659,6841,14.685644153489436
player_calibrated_elo,303,691,6809,14.175755719583705
player_calibrated_elo,304,642,6858,10.769467679468415
player_calibrated_elo,305,663,6837,10.222657260831896
player_calibrated_elo,306,701,6799,10.170707742327634
player_calibrated_elo,307,680,6820,11.724167672934271
player_calibrated_elo,308,658,6842,13.716194184142466
player_calibrated_elo,309,686,6814,11.315196546982248
player_calibrated_elo,310,729,6771,11.248042213433834
player_calibrated_elo,311,724,6776,10.91853274801542
player_calibrated_elo,312,678,6822,14.455315053068807
player_calibrated_elo,313,702,6798,12.6858578314889
player_calibrated_elo,314,693,6807,10.540079380978456
player_calibrated_elo,315,686,6814,14.075120592914086
player_calibrated_elo,316,636,6864,15.911839732594451
player_calibrated_elo,317,704,6796,12.402348975333084
player_calibrated_elo,318,712,6788,11.653661782524349
player_calibrated_elo,319,652,6848,8.751558826902128
player_calibrated_elo,320,679,6821,15.416567435877116
player_calibrated_elo,321,709,6791,11.76328746729628
player_calibrated_elo,322,683,6817,13.688391200106704
player_calibrated_elo,323,657,6843,12.216997404940688
player_calibrated_elo,324,708,6792,14.649338204467865
player_calibrated_elo,325,727,6773,13.033647030008911
player_calibrated_elo,326,709,6791,14.185870746127737
player_calibrated_elo,327,678,6822,10.109276858056832
player_calibrated_elo,328,678,6822,11.936006102069562
player_calibrated_elo,329,662,6838,14.343074820025647
player_calibrated_elo,330,706,6794,13.189149566231162
player_calibrated_elo,331,723,6777,15.03572309807948
player_calibrated_elo,332,665,6835,7.529027396582166
player_calibrated_elo,333,658,6842,12.47400065214938
player_calibrated_elo,334,694,6806,11.820389027820005
player_calibrated_elo,335,630,6870,9.981978235253347
player_calibrated_elo,336,687,6813,11.314485471840696
player_calibrated_elo,337,714,6786,13.356217818692462
player_calibrated_elo,338,663,6837,13.677110902416118
player_calibrated_elo,339,699,6801,12.92999704032416
player_calibrated_elo,340,662,6838,14.065392523917792
player_calibrated_elo,341,678,6822,10.518805634036681
player_calibrated_elo,342,718,6782,11.64605801527721
player_calibrated_elo,343,713,6787,11.248362567576702
player_calibrated_elo,344,695,6805,8.72210974791071
player_calibrated_elo,345,683,6817,10.656332212273556
player_calibrated_elo,346,660,6840,10.494417862838917
player_calibrated_elo,347,702,6798,14.448694060344547
player_calibrated_elo,348,714,6786,14.395678695881536
player_calibrated_elo,349,685,6815,12.304009511007813
player_calibrated_elo,350,688,6812,11.018005161889416
player_calibrated_elo,351,697,6803,12.527492829035042
player_calibrated_elo,352,698,6802,12.71229850650702
player_calibrated_elo,353,671,6829,9.346940013648286
player_calibrated_elo,354,669,6831,12.996738030857745
player_calibrated_elo,355,664,6836,12.380152558742875
player_calibrated_elo,356,705,6795,12.060495044854635
player_calibrated_elo,357,699,6801,12.77223180383092
player_calibrated_elo,358,729,6771,10.34489255497149
player_calibrated_elo,359,673,6827,11.688033550901705
player_calibrated_elo,360,691,6809,8.793970863879618
player_calibrated_elo,361,639,6861,10.501966274643436
player_calibrated_elo,362,726,6774,13.405534530423813
player_calibrated_elo,363,640,6860,10.12755102040816
player_calibrated_elo,364,685,6815,15.41747219261933
player_calibrated_elo,365,724,6776,12.224816870723455
player_calibrated_elo,366,673,6827,12.0563377951935
player_calibrated_elo,367,648,6852,10.526799420553068
player_calibrated_elo,368,651,6849,6.0899603225066326
player_calibrated_elo,369,650,6850,13.93935991016283
player_calibrated_elo,370,676,6824,10.550736349951789
player_calibrated_elo,371,693,6807,13.718243951827025
player_calibrated_elo,372,691,6809,16.428541521298857
player_calibrated_elo,373,704,6796,12.9705307935149
player_calibrated_elo,374,713,6787,13.010476467779025
player_calibrated_elo,375,748,6752,11.533520668069041
player_calibrated_elo,376,684,6816,14.728245202207397
player_calibrated_elo,377,724,6776,9.231558245872662
player_calibrated_elo,378,695,6805,11.438161740996621
player_calibrated_elo,379,669,6831,10.06116274199721
player_calibrated_elo,380,693,6807,15.336580563552799
player_calibrated_elo,381,714,6786,16.252937956791907
player_calibrated_elo,382,657,6843,19.425577048705573
player_calibrated_elo,383,695,6805,13.473377066164849
player_calibrated_elo,384,696,6804,12.180208396683495
player_calibrated_elo,385,714,6786,10.982943133044554
player_calibrated_elo,386,660,6840,12.5026581605529
player_calibrated_elo,387,740,6760,12.703102510794817
player_calibrated_elo,388,687,6813,9.923745831402458
player_calibrated_elo,389,692,6808,12.556207250225848
player_calibrated_elo,390,670,6830,9.560324293612465
player_calibrated_elo,391,671,6829,8.799939069354219
player_calibrated_elo,392,666,6834,11.910769417354139
player_calibrated_elo,393,719,6781,10.29248253372601
player_calibrated_elo,394,614,6886,6.570523585124327
player_calibrated_elo,395,700,6800,13.918067226890757
player_calibrated_elo,396,670,6830,13.859399925700922
player_calibrated_elo,397,678,6822,13.58864994305254
player_calibrated_elo,398,692,6808,12.176256427324534
player_calibrated_elo,399,759,6741,12.205939349376976
player_calibrated_elo,400,701,6799,12.369340208837453
player_calibrated_elo,401,731,6769,9.588049163534007
player_calibrated_elo,402,682,6818,9.535953216816967
player_calibrated_elo,403,759,6741,13.15963372038138
player_calibrated_elo,404,629,6871,9.855319204073986
player_calibrated_elo,405,669,6831,9.486362947076538
player_calibrated_elo,406,658,6842,10.948424224062181
player_calibrated_elo,407,663,6837,13.886445657346208
player_calibrated_elo,408,702,6798,12.243042825567096
player_calibrated_elo,409,743,6757,15.171864041696653
player_calibrated_elo,410,662,6838,16.043939633591915
player_calibrated_elo,411,702,6798,12.615449994090772
player_calibrated_elo,412,677,6823,10.470320323711768
player_calibrated_elo,413,678,6822,11.21229338708966
player_calibrated_elo,414,750,6750,12.785185185185183
player_calibrated_elo,415,675,6825,10.735042735042732
player_calibrated_elo,416,721,6779,13.7325251209219
player_calibrated_elo,417,647,6853,13.128694413101266
player_calibrated_elo,418,681,6819,13.492360358754013
player_calibrated_elo,419,682,6818,8.480269151263393
player_calibrated_elo,420,655,6845,12.913978554580991
player_calibrated_elo,421,674,6826,13.9968839686971
player_calibrated_elo,422,677,6823,11.69138358376427
player_calibrated_elo,423,684,6816,13.341158059467917
player_calibrated_elo,424,739,6761,13.671220698029513
player_calibrated_elo,425,707,6793,11.315729583515438
player_calibrated_elo,426,670,6830,10.938572146587704
player_calibrated_elo,427,717,6783,10.737093780476298
player_calibrated_elo,428,703,6797,11.685286643278946
player_calibrated_elo,429,670,6830,14.12862481152073
player_calibrated_elo,430,678,6822,11.027181710395567
player_calibrated_elo,431,679,6821,8.392668487403215
player_calibrated_elo,432,692,6808,8.94824517908207
player_calibrated_elo,433,673,6827,11.66084929365549
player_calibrated_elo,434,708,6792,11.368060130562373
player_calibrated_elo,435,686,6814,9.669639166832816
player_calibrated_elo,436,703,6797,14.755714961688188
player_calibrated_elo,437,670,6830,15.51867310591989
player_calibrated_elo,438,685,6815,13.766862492033999
player_calibrated_elo,439,687,6813,11.265580764233802
player_calibrated_elo,440,699,6801,14.749661278037246
player_calibrated_elo,441,700,6800,15.214285714285714
player_calibrated_elo,442,695,6805,12.022898947557604
player_calibrated_elo,443,683,6817,11.505471099617248
player_calibrated_elo,444,661,6839,13.181873383918298
player_calibrated_elo,445,639,6861,13.275894985127202
player_calibrated_elo,446,713,6787,13.918573396752437
player_calibrated_elo,447,740,6760,10.813209659363505
player_calibrated_elo,448,668,6832,10.035461863158929
player_calibrated_elo,449,643,6857,9.284809815082657
player_calibrated_elo,450,698,6802,11.499862251874344
player_calibrated_elo,451,700,6800,13.87394957983193
player_calibrated_elo,452,703,6797,10.954376784503078
player_calibrated_elo,453,687,6813,8.42289047973403
player_calibrated_elo,454,686,6814,13.743484730887618
player_calibrated_elo,455,713,6787,13.963891450758414
player_calibrated_elo,456,708,6792,12.189315445888482
player_calibrated_elo,457,721,6779,15.49132212374063
player_calibrated_elo,458,683,6817,12.794965475811804
player_calibrated_elo,459,699,6801,14.078464855900386
player_calibrated_elo,460,720,6780,15.650196656833826
player_calibrated_elo,461,604,6896,5.39500775956116
player_calibrated_elo,462,702,6798,11.727431144906875
player_calibrated_elo,463,693,6807,13.032993156395534
player_calibrated_elo,464,668,6832,12.801241778737605
player_calibrated_elo,465,696,6804,13.538689209187293
player_calibrated_elo,466,694,6806,14.131538454372777
player_calibrated_elo,467,659,6841,11.253978566702283
player_calibrated_elo,468,691,6809,10.538830980278718
player_calibrated_elo,469,705,6795,15.500759319274188
player_calibrated_elo,470,714,6786,12.980506083954356
player_calibrated_elo,471,671,6829,9.14359053034759
player_calibrated_elo,472,661,6839,10.2686403666433
player_calibrated_elo,473,646,6854,10.675874791425944
player_calibrated_elo,474,646,6854,10.275530051376746
player_calibrated_elo,475,658,6842,12.9066493470954
player_calibrated_elo,476,717,6783,17.963565078090255
player_calibrated_elo,477,682,6818,9.755873059840736
player_calibrated_elo,478,709,6791,12.605645196631487
player_calibrated_elo,479,681,6819,12.567308369398022
player_calibrated_elo,480,661,6839,10.035263181995052
player_calibrated_elo,481,703,6797,11.518490606788074
player_calibrated_elo,482,702,6798,16.619518561266133
player_calibrated_elo,483,670,6830,13.595856733900046
player_calibrated_elo,484,682,6818,11.764958893527483
player_calibrated_elo,485,697,6803,12.071811511969043
player_calibrated_elo,486,756,6744,13.392974825359167
player_calibrated_elo,487,707,6793,11.802731449776388
player_calibrated_elo,488,664,6836,10.695238531657347
player_calibrated_elo,489,695,6805,15.259410399674383
player_calibrated_elo,490,743,6757,11.605511138341951
player_calibrated_elo,491,722,6778,12.756727198717698
player_calibrated_elo,492,693,6807,13.274913715636504
player_calibrated_elo,493,673,6827,12.332663920091774
player_calibrated_elo,494,698,6802,12.859314090158886
player_calibrated_elo,495,642,6858,15.28128687963849
player_calibrated_elo,496,716,6784,11.728055496995887
player_calibrated_elo,497,667,6833,14.090474154112758
player_calibrated_elo,498,705,6795,14.732672647284456
player_calibrated_elo,499,644,6856,10.86204584822108
player_calibrated_elo,500,604,6896,13.195767581936352
player_calibrated_elo,501,729,6771,11.952936543100472
player_calibrated_elo,502,646,6854,9.501536243327207
player_calibrated_elo,503,675,6825,14.412698412698411
player_calibrated_elo,504,650,6850,14.214486243683321
player_calibrated_elo,505,655,6845,10.953334188324904
player_calibrated_elo,506,680,6820,11.226065206141111
player_calibrated_elo,507,710,6790,7.383061254122669
player_calibrated_elo,508,718,6782,13.889050895825338
player_calibrated_elo,509,695,6805,12.27578113849846
player_calibrated_elo,510,639,6861,12.95907397941553
player_calibrated_elo,511,704,6796,12.279532746535393
player_calibrated_elo,512,729,6771,11.366193151256903
player_calibrated_elo,513,706,6794,11.465332267014471
player_calibrated_elo,514,664,6836,10.092828893103128
player_calibrated_elo,515,647,6853,10.588149325276602
player_calibrated_elo,516,665,6835,10.728393771553973
player_calibrated_elo,517,684,6816,12.433592784778845
player_calibrated_elo,518,690,6810,11.81893634680457
player_calibrated_elo,519,717,6783,12.257693211616289
player_calibrated_elo,520,658,6842,11.985999223462452
player_calibrated_elo,521,682,6818,8.978949116062452
player_calibrated_elo,522,691,6809,10.1089708670677
player_calibrated_elo,523,635,6865,9.847853140717206
player_calibrated_elo,524,677,6823,14.057046166942078
player_calibrated_elo,525,686,6814,11.198775287715822
player_calibrated_elo,526,707,6793,7.715613730833243
player_calibrated_elo,527,683,6817,10.949716398865899
player_calibrated_elo,528,632,6868,11.855661552752444
player_calibrated_elo,529,678,6822,12.627677762989597
player_calibrated_elo,530,716,6784,13.876472409613156
player_calibrated_elo,531,733,6767,16.71152698947686
player_calibrated_elo,532,618,6882,7.513479655665689
player_calibrated_elo,533,675,6825,11.260887260887259
player_calibrated_elo,534,701,6799,9.827995599755695
player_calibrated_elo,535,669,6831,12.597607976824198
player_calibrated_elo,536,652,6848,11.724170059056243
player_calibrated_elo,537,659,6841,10.47367042284325
player_calibrated_elo,538,681,6819,14.373030008792481
player_calibrated_elo,539,688,6812,13.540229963539035
player_calibrated_elo,540,720,6780,11.602753195673548
player_calibrated_elo,541,658,6842,7.587367137890505
player_calibrated_elo,542,720,6780,17.46681415929203
player_calibrated_elo,543,627,6873,16.075385479690652
player_calibrated_elo,544,624,6876,10.077694992616454
player_calibrated_elo,545,706,6794,11.689742907631379
player_calibrated_elo,546,706,6794,11.156236005607346
player_calibrated_elo,547,722,6778,13.125567564607344
player_calibrated_elo,548,692,6808,11.350892863207513
player_calibrated_elo,549,726,6774,11.555851615437735
player_calibrated_elo,550,710,6790,14.617602522350598
player_calibrated_elo,551,686,6814,10.895506678498478
player_calibrated_elo,552,703,6797,11.803069340063216
player_calibrated_elo,553,662,6838,10.298589100008925
player_calibrated_elo,554,689,6811,12.467239561036225
player_calibrated_elo,555,707,6793,12.860064160398082
player_calibrated_elo,556,666,6834,12.306511955326705
player_calibrated_elo,557,686,6814,11.79949358249736
player_calibrated_elo,558,700,6800,12.792016806722689
player_calibrated_elo,559,734,6766,12.980795949615038
player_calibrated_elo,560,683,6817,10.144305930548702
player_calibrated_elo,561,735,6765,11.975202497850585
player_calibrated_elo,562,666,6834,11.244651148075208
player_calibrated_elo,563,668,6832,11.917675188265159
player_calibrated_elo,564,634,6866,11.43572176159947
player_calibrated_elo,565,708,6792,11.382783334331513
player_calibrated_elo,566,685,6815,12.394299821668604
player_calibrated_elo,567,669,6831,12.905817780062273
player_calibrated_elo,568,684,6816,15.227586277901322
player_calibrated_elo,569,693,6807,13.88149581186161
player_calibrated_elo,570,731,6769,11.954696503069135
player_calibrated_elo,571,692,6808,14.613036006602231
player_calibrated_elo,572,722,6778,12.24697142212584
player_calibrated_elo,573,660,6840,10.059808612440191
player_calibrated_elo,574,677,6823,6.459708895817023
player_calibrated_elo,575,680,6820,11.400724512678973
player_calibrated_elo,576,646,6854,10.949878085247278
player_calibrated_elo,577,651,6849,6.557787372504848
player_calibrated_elo,578,666,6834,14.078389188134576
player_calibrated_elo,579,693,6807,12.347742360964043
player_calibrated_elo,580,717,6783,12.693190026506084
player_calibrated_elo,581,662,6838,8.456651960034955
player_calibrated_elo,582,680,6820,15.810332930826293
player_calibrated_elo,583,714,6786,12.169518558970887
player_calibrated_elo,584,673,6827,8.281056055070213
player_calibrated_elo,585,668,6832,14.189127599601736
player_calibrated_elo,586,623,6877,10.774720489892214
player_calibrated_elo,587,650,6850,13.284671532846716
player_calibrated_elo,588,694,6806,14.163761251514812
player_calibrated_elo,589,667,6833,10.638292737137945
player_calibrated_elo,590,666,6834,12.157020936652192
player_calibrated_elo,591,662,6838,12.062766360722781
player_calibrated_elo,592,734,6766,13.408845799763364
player_calibrated_elo,593,715,6785,11.947889987683652
player_calibrated_elo,594,650,6850,10.209994385176868
player_calibrated_elo,595,682,6818,12.688811486585877
player_calibrated_elo,596,675,6825,13.341473341473343
player_calibrated_elo,597,660,6840,10.058479532163744
player_calibrated_elo,598,700,6800,13.632352941176473
player_calibrated_elo,599,644,6856,10.638095479681397
player_calibrated_elo,600,693,6807,12.434233412637996
player_calibrated_elo,601,676,6824,10.789365067253065
player_calibrated_elo,602,724,6776,12.682313919129589
player_calibrated_elo,603,649,6851,15.557905574951214
player_calibrated_elo,604,688,6812,15.348939627743107
player_calibrated_elo,605,674,6826,11.705288124216967
player_calibrated_elo,606,736,6764,12.985546885043581
player_calibrated_elo,607,693,6807,12.410066795258512
player_calibrated_elo,608,688,6812,14.034996381215093
player_calibrated_elo,609,686,6814,13.213192526790579
player_calibrated_elo,610,704,6796,14.836936165658942
player_calibrated_elo,611,700,6800,12.546218487394956
player_calibrated_elo,612,743,6757,13.830151912646894
player_calibrated_elo,613,655,6845,10.479259949035068
player_calibrated_elo,614,707,6793,13.10455413062494
player_calibrated_elo,615,679,6821,11.469452714576555
player_calibrated_elo,616,673,6827,10.264962713602642
player_calibrated_elo,617,692,6808,17.263437098822877
player_calibrated_elo,618,703,6797,13.72568142040742
player_calibrated_elo,619,651,6849,10.04701147128344
player_calibrated_elo,620,678,6822,11.112408319777506
player_calibrated_elo,621,687,6813,9.81978326818047
player_calibrated_elo,622,734,6766,14.467875521218854
player_calibrated_elo,623,689,6811,9.138700117776693
player_calibrated_elo,624,691,6809,10.664909110887756
player_calibrated_elo,625,690,6810,13.497414288450493
player_calibrated_elo,626,626,6874,10.518125901089537
player_calibrated_elo,627,710,6790,10.269866622414902
player_calibrated_elo,628,662,6838,11.424295897547825
player_calibrated_elo,629,701,6799,13.904683893473468
player_calibrated_elo,630,698,6802,10.823885440739245
player_calibrated_elo,631,638,6862,8.05700194337266
player_calibrated_elo,632,676,6824,9.935261555110053
player_calibrated_elo,633,620,6880,10.64047261815454
player_calibrated_elo,634,701,6799,13.54883731957729
player_calibrated_elo,635,679,6821,13.895815551859581
player_calibrated_elo,636,746,6754,12.166040420094614
player_calibrated_elo,637,660,6840,11.535087719298248
player_calibrated_elo,638,634,6866,10.455258435246694
player_calibrated_elo,639,652,6848,9.708266441144431
player_calibrated_elo,640,679,6821,11.584729563621309
player_calibrated_elo,641,715,6785,11.654049708581764
player_calibrated_elo,642,695,6805,12.398839194625195
player_calibrated_elo,643,669,6831,11.77085733529485
player_calibrated_elo,644,646,6854,12.796080298413347
player_calibrated_elo,645,703,6797,14.211357156774257
player_calibrated_elo,646,656,6844,13.797201750509613
player_calibrated_elo,647,681,6819,11.891947415649328
player_calibrated_elo,648,712,6788,11.800980580402959
player_calibrated_elo,649,694,6806,12.011396961995729
player_calibrated_elo,650,697,6803,11.65548324426876
player_calibrated_elo,651,669,6831,12.732445662841451
player_calibrated_elo,652,658,6842,14.236403262879287
player_calibrated_elo,653,692,6808,9.458016070858493
player_calibrated_elo,654,678,6822,9.442381882664879
player_calibrated_elo,655,712,6788,16.017360444406187
player_calibrated_elo,656,717,6783,16.618706500437654
player_calibrated_elo,657,625,6875,9.73090909090909
player_calibrated_elo,658,651,6849,15.099718550186946
player_calibrated_elo,659,687,6813,10.436251784252686
player_calibrated_elo,660,666,6834,15.660041077073561
player_calibrated_elo,661,701,6799,13.300227292802774
player_calibrated_elo,662,647,6853,12.548278701483639
player_calibrated_elo,663,715,6785,14.355607546469745
player_calibrated_elo,664,651,6849,10.864649082613564
player_calibrated_elo,665,653,6847,7.299404105172541
player_calibrated_elo,666,725,6775,11.109301437841967
player_calibrated_elo,667,648,6852,10.674904326392943
player_calibrated_elo,668,677,6823,10.618030811156377
player_calibrated_elo,669,705,6795,13.20589294381037
player_calibrated_elo,670,680,6820,8.505261342073489
player_calibrated_elo,671,643,6857,11.957834010085167
player_calibrated_elo,672,705,6795,13.940475631330923
player_calibrated_elo,673,707,6793,15.447010411541463
player_calibrated_elo,674,695,6805,12.862949904587717
player_calibrated_elo,675,658,6842,11.325320366163217
player_calibrated_elo,676,682,6818,11.764786845928793
player_calibrated_elo,677,705,6795,10.817403284642962
player_calibrated_elo,678,697,6803,11.02279756314783
player_calibrated_elo,679,690,6810,10.884887952499522
player_calibrated_elo,680,703,6797,13.990587848249508
player_calibrated_elo,681,704,6796,12.251274145219115
player_calibrated_elo,682,664,6836,13.973947281225547
player_calibrated_elo,683,682,6818,13.07002595338026
player_calibrated_elo,684,701,6799,11.517847195368791
player_calibrated_elo,685,679,6821,14.810797202350273
player_calibrated_elo,686,725,6775,12.821987530220131
player_calibrated_elo,687,702,6798,10.14111742267082
player_calibrated_elo,688,686,6814,13.679861646532904
player_calibrated_elo,689,674,6826,13.751270452215781
player_calibrated_elo,690,706,6794,13.895446824018192
player_calibrated_elo,691,641,6859,12.774930008718066
player_calibrated_elo,692,703,6797,15.005992728362505
player_calibrated_elo,693,711,6789,12.008193944908395
player_calibrated_elo,694,666,6834,10.754784635381649
player_calibrated_elo,695,678,6822,13.748984934218544
player_calibrated_elo,696,699,6801,10.836136821585823
player_calibrated_elo,697,685,6815,10.929947357428604
player_calibrated_elo,698,666,6834,13.793380738069061
player_calibrated_elo,699,675,6825,12.763532763532764
player_calibrated_elo,700,626,6874,9.180586011465158
player_calibrated_elo,701,709,6791,11.417687767702173
player_calibrated_elo,702,720,6780,15.588741396263517
player_calibrated_elo,703,691,6809,12.793763425822513
player_calibrated_elo,704,688,6812,13.500542817736145
player_calibrated_elo,705,713,6787,14.081205902464722
player_calibrated_elo,706,671,6829,7.32333113427242
player_calibrated_elo,707,699,6801,10.750691169501076
player_calibrated_elo,708,694,6806,15.781506570317255
player_calibrated_elo,709,664,6836,9.09448208280753
player_calibrated_elo,710,703,6797,12.852691474839013
player_calibrated_elo,711,696,6804,12.369752072817203
player_calibrated_elo,712,673,6827,15.678939339494374
player_calibrated_elo,713,666,6834,9.893299796723854
player_calibrated_elo,714,679,6821,13.20743636076666
player_calibrated_elo,715,663,6837,9.399017986375702
player_calibrated_elo,716,664,6836,10.004088912701715
player_calibrated_elo,717,703,6797,14.706869045857612
player_calibrated_elo,718,737,6763,12.239215252759095
player_calibrated_elo,719,680,6820,13.108073141279974
player_calibrated_elo,720,664,6836,12.811338977912822
player_calibrated_elo,721,705,6795,12.053919496500864
player_calibrated_elo,722,674,6826,10.437922379173365
player_calibrated_elo,723,715,6785,11.521404166945803
player_calibrated_elo,724,673,6827,15.396410241565533
player_calibrated_elo,725,686,6814,11.459985059057798
player_calibrated_elo,726,661,6839,12.28428924701902
player_calibrated_elo,727,662,6838,9.11438566602662
player_calibrated_elo,728,683,6817,15.03628320465738
player_calibrated_elo,729,680,6820,15.723650163877867
player_calibrated_elo,730,688,6812,13.029332641439867
player_calibrated_elo,731,647,6853,8.12651912282012
player_calibrated_elo,732,719,6781,14.913715181029213
player_calibrated_elo,733,715,6785,11.086776156783529
player_calibrated_elo,734,726,6774,16.406556913038916
player_calibrated_elo,735,687,6813,12.678369185034777
player_calibrated_elo,736,711,6789,15.241644929468306
player_calibrated_elo,737,671,6829,10.370321712500319
player_calibrated_elo,738,695,6805,11.541027281040705
player_calibrated_elo,739,613,6887,9.981592858474404
player_calibrated_elo,740,737,6763,13.251648014547989
player_calibrated_elo,741,727,6773,14.969462655243099
player_calibrated_elo,742,727,6773,9.938360725520113
player_calibrated_elo,743,703,6797,8.653951799921767
player_calibrated_elo,744,656,6844,11.37911433906858
player_calibrated_elo,745,688,6812,13.076274426798129
player_calibrated_elo,746,696,6804,11.976220884266864
player_calibrated_elo,747,659,6841,14.799103592793516
player_calibrated_elo,748,684,6816,9.52274318425171
player_calibrated_elo,749,683,6817,15.986152094571942
player_calibrated_elo,750,701,6799,14.65622094715196
player_calibrated_elo,751,642,6858,9.63006571219096
player_calibrated_elo,752,686,6814,13.421604123220842
player_calibrated_elo,753,672,6828,13.913559712109802
player_calibrated_elo,754,654,6846,8.328709994720013
player_calibrated_elo,755,667,6833,9.365718136102446
player_calibrated_elo,756,696,6804,15.375590423483143
player_calibrated_elo,757,634,6866,11.901786428071947
player_calibrated_elo,758,705,6795,13.406603729275279
player_calibrated_elo,759,693,6807,13.020909847705791
player_calibrated_elo,760,670,6830,8.749371735757522
player_calibrated_elo,761,722,6778,14.354040978266823
player_calibrated_elo,762,710,6790,12.659669356344255
player_calibrated_elo,763,720,6780,14.167895771878076
player_calibrated_elo,764,711,6789,9.641434114380859
player_calibrated_elo,765,704,6796,13.872047059767779
player_calibrated_elo,766,681,6819,10.688456004956349
player_calibrated_elo,767,690,6810,14.92881312647641
player_calibrated_elo,768,677,6823,13.701852561855793
player_calibrated_elo,769,679,6821,8.332687388574534
player_calibrated_elo,770,672,6828,12.081554941836137
player_calibrated_elo,771,691,6809,10.06705817766092
player_calibrated_elo,772,673,6827,12.10450333665537
player_calibrated_elo,773,641,6859,10.570417859723575
player_calibrated_elo,774,646,6854,11.396477255377757
player_calibrated_elo,775,713,6787,9.483458910287817
player_calibrated_elo,776,664,6836,15.879257227858185
player_calibrated_elo,777,690,6810,11.613356317435997
player_calibrated_elo,778,659,6841,13.022016011200876
player_calibrated_elo,779,718,6782,11.64926164540086
player_calibrated_elo,780,666,6834,12.687621774540126
player_calibrated_elo,781,716,6784,12.699450563929588
player_calibrated_elo,782,688,6812,11.93849089841456
player_calibrated_elo,783,708,6792,14.469914755145636
player_calibrated_elo,784,697,6803,12.682142299023702
player_calibrated_elo,785,687,6813,12.140161020191941
player_calibrated_elo,786,677,6823,9.99902363432746
player_calibrated_elo,787,678,6822,10.813790884774143
player_calibrated_elo,788,656,6844,7.219872132970306
player_calibrated_elo,789,649,6851,9.047547184748488
player_calibrated_elo,790,684,6816,14.013466765505317
player_calibrated_elo,791,711,6789,13.352885935488839
player_calibrated_elo,792,649,6851,11.464163791054089
player_calibrated_elo,793,616,6884,9.376532822203949
player_calibrated_elo,794,719,6781,13.76926735690146
player_calibrated_elo,795,675,6825,13.925925925925931
player_calibrated_elo,796,688,6812,11.967850851438639
player_calibrated_elo,797,623,6877,7.318927329122527
player_calibrated_elo,798,657,6843,15.000563853205989
player_calibrated_elo,799,679,6821,14.309659224015586
player_calibrated_elo,800,699,6801,12.754751415627469
player_calibrated_elo,801,651,6849,9.929600540426703
player_calibrated_elo,802,696,6804,11.380222587119137
player_calibrated_elo,803,726,6774,14.812713657226094
player_calibrated_elo,804,640,6860,12.435768950437314
player_calibrated_elo,805,633,6867,13.706600079920655
player_calibrated_elo,806,693,6807,13.857329194482126
player_calibrated_elo,807,707,6793,14.677726947054865
player_calibrated_elo,808,658,6842,10.813907307715887
player_calibrated_elo,809,676,6824,10.84798171438085
player_calibrated_elo,810,731,6769,12.038909982116508
player_calibrated_elo,811,640,6860,5.56350218658892
player_calibrated_elo,812,668,6832,11.266985934454276
player_calibrated_elo,813,648,6852,12.482703076690232
player_calibrated_elo,814,736,6764,10.285028796955753
player_calibrated_elo,815,680,6820,4.7869587717785045
player_calibrated_elo,816,698,6802,13.516840234921634
player_calibrated_elo,817,713,6787,10.78881724838613
player_calibrated_elo,818,720,6780,12.662241887905601
player_calibrated_elo,819,654,6846,11.029409793973311
player_calibrated_elo,820,710,6790,9.57953909021137
player_calibrated_elo,821,633,6867,12.941418432961543
player_calibrated_elo,822,713,6787,10.229481284966246
player_calibrated_elo,823,709,6791,13.139663193985074
player_calibrated_elo,824,702,6798,15.675802083569074
player_calibrated_elo,825,666,6834,13.350576212736003
player_calibrated_elo,826,662,6838,10.32783741823063
player_calibrated_elo,827,667,6833,10.144613043982915
player_calibrated_elo,828,690,6810,12.961757006959079
player_calibrated_elo,829,741,6759,13.963328547391901
player_calibrated_elo,830,701,6799,12.79001967856731
player_calibrated_elo,831,692,6808,9.788297344844215
player_calibrated_elo,832,777,6723,14.610307381391719
player_calibrated_elo,833,679,6821,12.411747572417243
player_calibrated_elo,834,724,6776,14.707580214862991
player_calibrated_elo,835,687,6813,8.219836595463203
player_calibrated_elo,836,703,6797,10.900570936345233
player_calibrated_elo,837,687,6813,13.744978935082369
player_calibrated_elo,838,665,6835,8.72796475460781
player_calibrated_elo,839,737,6763,11.80433241692817
player_calibrated_elo,840,679,6821,11.943277485561243
player_calibrated_elo,841,660,6840,9.71690590111643
player_calibrated_elo,842,728,6772,11.903409644106633
player_calibrated_elo,843,652,6848,9.39444054240009
player_calibrated_elo,844,743,6757,16.45995549005458
player_calibrated_elo,845,712,6788,11.217581588129748
player_calibrated_elo,846,705,6795,10.74789034490317
player_calibrated_elo,847,674,6826,11.40137943506283
player_calibrated_elo,848,676,6824,15.221685384684752
player_calibrated_elo,849,655,6845,14.306982864853712
player_calibrated_elo,850,741,6759,15.006172606565066
player_calibrated_elo,851,704,6796,14.385300176574455
player_calibrated_elo,852,694,6806,12.673086385042525
player_calibrated_elo,853,672,6828,12.32765294166876
player_calibrated_elo,854,696,6804,11.762350747025074
player_calibrated_elo,855,641,6859,10.312355926224221
player_calibrated_elo,856,687,6813,13.70216328019193
player_calibrated_elo,857,723,6777,13.647086772014443
player_calibrated_elo,858,662,6838,14.294386531988913
player_calibrated_elo,859,662,6838,13.202743863375893
player_calibrated_elo,860,722,6778,13.34928303971869
player_calibrated_elo,861,749,6751,13.606766262586035
player_calibrated_elo,862,686,6814,11.826876752629856
player_calibrated_elo,863,700,6800,10.95168067226891
player_calibrated_elo,864,676,6824,11.282664039900942
player_calibrated_elo,865,699,6801,12.107787733815966
player_calibrated_elo,866,704,6796,12.564208892931672
player_calibrated_elo,867,683,6817,11.28710821344709
player_calibrated_elo,868,679,6821,15.298613244768012
player_calibrated_elo,869,687,6813,12.357892726274006
player_calibrated_elo,870,740,6760,14.409483447944988
player_calibrated_elo,871,679,6821,12.014572513758626
player_calibrated_elo,872,719,6781,11.978244866875231
player_calibrated_elo,873,663,6837,12.951289132792887
player_calibrated_elo,874,681,6819,11.37809424689889
player_calibrated_elo,875,713,6787,12.487138703209316
player_calibrated_elo,876,709,6791,9.64142161937967
player_calibrated_elo,877,710,6790,15.790412578564167
player_calibrated_elo,878,678,6822,10.653455893608132
player_calibrated_elo,879,672,6828,12.622918235835634
player_calibrated_elo,880,703,6797,14.991112931380702
player_calibrated_elo,881,699,6801,12.927220372161885
player_calibrated_elo,882,683,6817,13.02939361612333
player_calibrated_elo,883,658,6842,13.315753139246327
player_calibrated_elo,884,661,6839,16.08946553085346
player_calibrated_elo,885,644,6856,9.70125455691891
player_calibrated_elo,886,651,6849,11.011866914541669
player_calibrated_elo,887,700,6800,14.170168067226891
player_calibrated_elo,888,688,6812,7.5325349246883055
player_calibrated_elo,889,670,6830,12.984637573479601
player_calibrated_elo,890,694,6806,13.063613136738983
player_calibrated_elo,891,724,6776,12.100311792677438
player_calibrated_elo,892,670,6830,10.080854876423157
player_calibrated_elo,893,717,6783,9.706274053334173
player_calibrated_elo,894,663,6837,8.405356269486564
player_calibrated_elo,895,703,6797,10.041958516130556
player_calibrated_elo,896,717,6783,11.551213746894923
player_calibrated_elo,897,655,6845,14.634965066159623
player_calibrated_elo,898,633,6867,9.018887639697237
player_calibrated_elo,899,683,6817,12.83869389483831
player_calibrated_elo,900,668,6832,13.28557755683013
player_calibrated_elo,901,681,6819,10.894152319930129
player_calibrated_elo,902,697,6803,11.158614089361791
player_calibrated_elo,903,748,6752,15.156372760219982
player_calibrated_elo,904,701,6799,8.750028062782578
player_calibrated_elo,905,662,6838,9.957417629755172
player_calibrated_elo,906,693,6807,10.43037565734789
player_calibrated_elo,907,676,6824,9.679203923500074
player_calibrated_elo,908,683,6817,13.07284282618748
player_calibrated_elo,909,646,6854,12.634867348257012
player_calibrated_elo,910,700,6800,14.945378151260508
player_calibrated_elo,911,688,6812,17.335430635404002
player_calibrated_elo,912,705,6795,13.034615565262314
player_calibrated_elo,913,685,6815,10.349754459623739
player_calibrated_elo,914,703,6797,12.632005878252283
player_calibrated_elo,915,674,6826,13.436146136999305
player_calibrated_elo,916,689,6811,9.526700490263874
player_calibrated_elo,917,666,6834,11.595836398294695
player_calibrated_elo,918,706,6794,13.47777283905729
player_calibrated_elo,919,667,6833,11.867291877257625
player_calibrated_elo,920,690,6810,12.28819510949371
player_calibrated_elo,921,691,6809,11.344438779099509
player_calibrated_elo,922,683,6817,13.527029897480913
player_calibrated_elo,923,692,6808,12.783668312695706
player_calibrated_elo,924,709,6791,12.767624286603507
player_calibrated_elo,925,650,6850,14.06850084222347
player_calibrated_elo,926,625,6875,13.134545454545455
player_calibrated_elo,927,742,6758,12.438288174382922
player_calibrated_elo,928,698,6802,12.326603754668481
player_calibrated_elo,929,677,6823,13.894679369956215
player_calibrated_elo,930,665,6835,8.850729603819351
player_calibrated_elo,931,722,6778,13.935218145066042
player_calibrated_elo,932,694,6806,10.318366316887712
player_calibrated_elo,933,722,6778,15.907993026158445
player_calibrated_elo,934,646,6854,10.798286417910585
player_calibrated_elo,935,666,6834,11.320978572953988
player_calibrated_elo,936,706,6794,14.16401407340755
player_calibrated_elo,937,653,6847,10.807854279861445
player_calibrated_elo,938,662,6838,10.46444738793078
player_calibrated_elo,939,662,6838,10.157340046602908
player_calibrated_elo,940,738,6762,15.977497396979295
player_calibrated_elo,941,701,6799,9.758882473905805
player_calibrated_elo,942,704,6796,13.808088982824124
player_calibrated_elo,943,640,6860,13.958637026239067
player_calibrated_elo,944,637,6863,8.97424841555896
player_calibrated_elo,945,672,6828,10.100217591430244
player_calibrated_elo,946,695,6805,14.88040427320157
player_calibrated_elo,947,672,6828,12.911122269645997
player_calibrated_elo,948,666,6834,13.67948281907896
player_calibrated_elo,949,692,6808,11.83086202563458
player_calibrated_elo,950,687,6813,14.020204117866115
player_calibrated_elo,951,676,6824,11.323851772720017
player_calibrated_elo,952,677,6823,11.52239222146138
player_calibrated_elo,953,712,6788,12.931445445697298
player_calibrated_elo,954,659,6841,9.659956625887073
player_calibrated_elo,955,705,6795,11.184068385702883
player_calibrated_elo,956,657,6843,8.135300747288998
player_calibrated_elo,957,665,6835,12.788115130547656
player_calibrated_elo,958,674,6826,10.333504031104667
player_calibrated_elo,959,639,6861,14.254755565409166
player_calibrated_elo,960,691,6809,14.67114160431658
player_calibrated_elo,961,707,6793,12.191246043070791
player_calibrated_elo,962,682,6818,16.046535434493308
player_calibrated_elo,963,673,6827,9.339914433795887
player_calibrated_elo,964,675,6825,13.995929995929995
player_calibrated_elo,965,680,6820,14.22459893048128
player_calibrated_elo,966,703,6797,14.191601139403186
player_calibrated_elo,967,651,6849,11.063272044154582
player_calibrated_elo,968,722,6778,12.850970509935594
player_calibrated_elo,969,640,6860,7.05493804664723
player_calibrated_elo,970,684,6816,12.228708508360103
player_calibrated_elo,971,687,6813,12.574406621812784
player_calibrated_elo,972,669,6831,11.853309201720203
player_calibrated_elo,973,640,6860,13.323159620991254
player_calibrated_elo,974,691,6809,14.564043205776638
player_calibrated_elo,975,696,6804,12.470858926797623
player_calibrated_elo,976,712,6788,12.175153774340707
player_calibrated_elo,977,674,6826,10.752742394457915
player_calibrated_elo,978,723,6777,10.462162415345533
player_calibrated_elo,979,648,6852,11.262729454498277
player_calibrated_elo,980,664,6836,10.97485318688446
player_calibrated_elo,981,693,6807,13.395047242557157
player_calibrated_elo,982,728,6772,14.071678469197662
player_calibrated_elo,983,694,6806,15.163387788872507
player_calibrated_elo,984,699,6801,14.892722794489321
player_calibrated_elo,985,644,6856,11.876073548489968
player_calibrated_elo,986,674,6826,13.35385474112335
player_calibrated_elo,987,680,6820,10.359668794203897
player_calibrated_elo,988,665,6835,11.253444511058191
player_calibrated_elo,989,714,6786,10.71731964226893
player_calibrated_elo,990,687,6813,13.462446889038876
player_calibrated_elo,991,691,6809,11.455490402908048
player_calibrated_elo,992,713,6787,15.424236293665123
player_calibrated_elo,993,729,6771,14.307932705018317
player_calibrated_elo,994,641,6859,14.246037693964386
player_calibrated_elo,995,650,6850,10.928691746209996
player_calibrated_elo,996,684,6816,15.153714685775471
player_calibrated_elo,997,673,6827,13.069141819769465
player_calibrated_elo,998,704,6796,11.883410696131413
player_calibrated_elo,999,674,6826,10.732789013207483
player_calibrated_elo,1000,665,6835,15.102276539923325
player_calibrated_elo,1001,735,6765,14.29687617840928
player_calibrated_elo,1002,742,6758,16.473437890123638
player_calibrated_elo,1003,693,6807,8.17677499034925
player_calibrated_elo,1004,634,6866,13.35047382934792
player_calibrated_elo,1005,685,6815,11.60492901553572
player_calibrated_elo,1006,703,6797,11.98441032578384
player_calibrated_elo,1007,717,6783,17.675495655209893
player_calibrated_elo,1008,709,6791,12.352302339921811
player_calibrated_elo,1009,684,6816,11.70156906350383
player_calibrated_elo,1010,660,6840,12.070707070707071
player_calibrated_elo,1011,651,6849,12.175345319340913
player_calibrated_elo,1012,636,6864,12.204501473369401
player_calibrated_elo,1013,691,6809,10.815726780274426
player_calibrated_elo,1014,683,6817,12.253042357503025
player_calibrated_elo,1015,670,6830,11.122790148816675
player_calibrated_elo,1016,715,6785,9.94656044029662
player_calibrated_elo,1017,695,6805,11.376949872871723
player_calibrated_elo,1018,652,6848,9.496391405309328
player_calibrated_elo,1019,730,6770,13.788875174520953
player_calibrated_elo,1020,680,6820,12.550025875452825
player_calibrated_elo,1021,668,6832,14.543746231191012
player_calibrated_elo,1022,728,6772,17.93535761344385
player_calibrated_elo,1023,656,6844,11.302137531895484
player_calibrated_elo,1024,718,6782,9.420849389133451
player_calibrated_elo,1025,660,6840,8.906166932482723
player_calibrated_elo,1026,658,6842,10.773036910411204
player_calibrated_elo,1027,704,6796,12.681925196639732
player_calibrated_elo,1028,693,6807,16.513494829933794
player_calibrated_elo,1029,703,6797,14.95689567671789
player_calibrated_elo,1030,721,6779,14.617611416835752
player_calibrated_elo,1031,684,6816,15.25538464706367
player_calibrated_elo,1032,676,6824,14.56996538496223
player_calibrated_elo,1033,688,6812,14.473944748665147
player_calibrated_elo,1034,684,6816,12.577732476731734
player_calibrated_elo,1035,663,6837,11.773905228206655
player_calibrated_elo,1036,720,6780,12.067354965585059
player_calibrated_elo,1037,658,6842,6.739795061612125
player_calibrated_elo,1038,652,6848,12.38846324752021
player_calibrated_elo,1039,715,6785,12.131965308089116
player_calibrated_elo,1040,692,6808,14.689280886817958
player_calibrated_elo,1041,680,6820,14.267724685181992
player_calibrated_elo,1042,688,6812,13.408110174930698
player_calibrated_elo,1043,692,6808,14.799233136126833
player_calibrated_elo,1044,712,6788,11.393370985148943
player_calibrated_elo,1045,678,6822,9.54953131850883
player_calibrated_elo,1046,708,6792,14.481892954822223
player_calibrated_elo,1047,728,6772,14.237195173403089
player_calibrated_elo,1048,673,6827,10.101726581219445
player_calibrated_elo,1049,733,6767,15.792957194764496
player_calibrated_elo,1050,736,6764,14.609634124392562
player_calibrated_elo,1051,678,6822,10.166094597644786
player_calibrated_elo,1052,666,6834,10.142715147104964
player_calibrated_elo,1053,678,6822,10.81742306904004
player_calibrated_elo,1054,690,6810,15.08778650322416
player_calibrated_elo,1055,671,6829,15.252935288031516
player_calibrated_elo,1056,653,6847,5.6065063314524375
player_calibrated_elo,1057,683,6817,13.336330176195894
player_calibrated_elo,1058,706,6794,11.838849643202925
player_calibrated_elo,1059,681,6819,10.35058171874001
player_calibrated_elo,1060,693,6807,13.465893589295968
player_calibrated_elo,1061,667,6833,13.966571521790694
player_calibrated_elo,1062,714,6786,12.825713839912623
player_calibrated_elo,1063,675,6825,9.997557997558
player_calibrated_elo,1064,663,6837,12.305018540983747
player_calibrated_elo,1065,691,6809,11.747072647315559
player_calibrated_elo,1066,711,6789,10.694390839487806
player_calibrated_elo,1067,696,6804,10.661831782521435
player_calibrated_elo,1068,694,6806,9.488872761023709
player_calibrated_elo,1069,663,6837,10.84880841998257
player_calibrated_elo,1070,674,6826,11.47089023379798
player_calibrated_elo,1071,700,6800,8.317226890756302
player_calibrated_elo,1072,701,6799,9.363338864761307
player_calibrated_elo,1073,736,6764,10.80882163885532
player_calibrated_elo,1074,659,6841,11.250496038457758
player_calibrated_elo,1075,663,6837,12.454921550758218
player_calibrated_elo,1076,674,6826,10.436053108162973
player_calibrated_elo,1077,704,6796,15.998799427470706
player_calibrated_elo,1078,663,6837,13.803254450597196
player_calibrated_elo,1079,653,6847,12.499902149162251
player_calibrated_elo,1080,769,6731,14.274172312605977
player_calibrated_elo,1081,705,6795,10.283531382587324
player_calibrated_elo,1082,646,6854,11.10219247805399
player_calibrated_elo,1083,745,6755,15.387458457319708
player_calibrated_elo,1084,736,6764,12.474449129663434
player_calibrated_elo,1085,689,6811,11.991146397475783
player_calibrated_elo,1086,775,6725,15.970260223048328
player_calibrated_elo,1087,667,6833,11.914443773283857
player_calibrated_elo,1088,687,6813,15.040344781393394
player_calibrated_elo,1089,698,6802,10.578002930201718
player_calibrated_elo,1090,645,6855,10.089732498770204
player_calibrated_elo,1091,661,6839,11.991273684189569
player_calibrated_elo,1092,671,6829,11.440230680980711
player_calibrated_elo,1093,683,6817,12.956326778437594
player_calibrated_elo,1094,689,6811,15.34399979202089
player_calibrated_elo,1095,733,6767,13.2816124152783
player_calibrated_elo,1096,688,6812,11.84443663029674
player_calibrated_elo,1097,669,6831,15.522417257648296
player_calibrated_elo,1098,673,6827,10.903259520856246
player_calibrated_elo,1099,672,6828,13.596587580550674
player_calibrated_elo,1100,689,6811,11.219727159535958
player_calibrated_elo,1101,704,6796,14.999381320562899
player_calibrated_elo,1102,672,6828,13.298968532931621
player_calibrated_elo,1103,694,6806,13.769889426264841
player_calibrated_elo,1104,692,6808,11.620466910740845
player_calibrated_elo,1105,665,6835,10.207303188475947
player_calibrated_elo,1106,686,6814,11.330856297401764
player_calibrated_elo,1107,695,6805,11.141828638485245
player_calibrated_elo,1108,738,6762,13.333838307327174
player_calibrated_elo,1109,659,6841,8.879648482028045
player_calibrated_elo,1110,690,6810,9.83017301921726
player_calibrated_elo,1111,685,6815,13.853404094660233
player_calibrated_elo,1112,684,6816,10.749474919693602
player_calibrated_elo,1113,663,6837,11.067276338422094
player_calibrated_elo,1114,658,6842,10.68831968469377
player_calibrated_elo,1115,719,6781,15.823973513492561
player_calibrated_elo,1116,709,6791,15.429718126475784
player_calibrated_elo,1117,710,6790,12.995706195938517
player_calibrated_elo,1118,714,6786,13.393120289672012
player_calibrated_elo,1119,732,6768,10.851935821416115
player_calibrated_elo,1120,718,6782,12.737345866372479
player_calibrated_elo,1121,665,6835,12.274394838596125
player_calibrated_elo,1122,693,6807,13.10383950313435
player_calibrated_elo,1123,708,6792,12.924477451039106
player_calibrated_elo,1124,672,6828,12.561982174240521
player_calibrated_elo,1125,659,6841,14.116949509329519
player_calibrated_elo,1126,736,6764,13.310798215617204
player_calibrated_elo,1127,681,6819,10.717592009370037
player_calibrated_elo,1128,649,6851,14.101458313982029
player_calibrated_elo,1129,673,6827,11.807326516447347
player_calibrated_elo,1130,719,6781,13.303718829856553
player_calibrated_elo,1131,737,6763,13.991827589299344
player_calibrated_elo,1132,738,6762,11.564746082243433
player_calibrated_elo,1133,707,6793,11.990919181926813
player_calibrated_elo,1134,656,6844,9.70665065359011
player_calibrated_elo,1135,660,6840,12.268740031897929
player_calibrated_elo,1136,681,6819,13.316187666877916
player_calibrated_elo,1137,716,6784,10.765142431748709
player_calibrated_elo,1138,626,6874,11.185083209314906
player_calibrated_elo,1139,699,6801,14.105095627820452
player_calibrated_elo,1140,684,6816,12.302580100485955
player_calibrated_elo,1141,678,6822,12.984929029713859
player_calibrated_elo,1142,652,6848,13.440313055444065
player_calibrated_elo,1143,666,6834,14.350083182392225
player_calibrated_elo,1144,677,6823,10.07804214219391
player_calibrated_elo,1145,710,6790,12.107282872492686
player_calibrated_elo,1146,705,6795,11.189391448655927
player_calibrated_elo,1147,705,6795,12.673273527155448
player_calibrated_elo,1148,692,6808,9.996739639866053
player_calibrated_elo,1149,721,6779,12.348447385547972
player_calibrated_elo,1150,689,6811,8.458740545847142
player_calibrated_elo,1151,685,6815,8.393250183418932
player_calibrated_elo,1152,685,6815,12.33485602283499
player_calibrated_elo,1153,718,6782,12.534120714425951
player_calibrated_elo,1154,656,6844,12.176857778221267
player_calibrated_elo,1155,661,6839,8.791241121989025
player_calibrated_elo,1156,736,6764,10.97988391227213
player_calibrated_elo,1157,723,6777,9.91068766274995
player_calibrated_elo,1158,695,6805,12.258654501821026
player_calibrated_elo,1159,667,6833,9.98362958137498
player_calibrated_elo,1160,699,6801,15.534511776543841
player_calibrated_elo,1161,637,6863,11.77744010324514
player_calibrated_elo,1162,681,6819,14.226768558698065
player_calibrated_elo,1163,708,6792,9.411371304226307
player_calibrated_elo,1164,702,6798,13.882791067257088
player_calibrated_elo,1165,697,6803,13.965735008881852
player_calibrated_elo,1166,675,6825,9.427757427757427
player_calibrated_elo,1167,687,6813,14.003090674968288
player_calibrated_elo,1168,697,6803,12.379275663471113
player_calibrated_elo,1169,652,6848,14.046553379966742
player_calibrated_elo,1170,666,6834,10.977439247851889
player_calibrated_elo,1171,688,6812,14.52541001515793
player_calibrated_elo,1172,641,6859,11.095275710722262
player_calibrated_elo,1173,652,6848,11.015530932859358
player_calibrated_elo,1174,685,6815,11.181646325462829
player_calibrated_elo,1175,655,6845,11.091396740251703
player_calibrated_elo,1176,711,6789,9.396249704007415
player_calibrated_elo,1177,656,6844,11.995196077033826
player_calibrated_elo,1178,711,6789,9.116385217337802
player_calibrated_elo,1179,692,6808,6.715153202964208
player_calibrated_elo,1180,672,6828,13.386841995146037
player_calibrated_elo,1181,679,6821,10.220623781836347
player_calibrated_elo,1182,672,6828,10.7346849108712
player_calibrated_elo,1183,710,6790,13.40621045862806
player_calibrated_elo,1184,670,6830,8.892506719695813
player_calibrated_elo,1185,730,6770,14.550292385827884
player_calibrated_elo,1186,702,6798,11.319442872840929
player_calibrated_elo,1187,671,6829,11.266168062521126
player_calibrated_elo,1188,698,6802,11.698185852972621
player_calibrated_elo,1189,717,6783,10.551051515078619
player_calibrated_elo,1190,695,6805,12.751521046204918
player_calibrated_elo,1191,645,6855,10.135192441436397
player_calibrated_elo,1192,667,6833,11.161242150767148
player_calibrated_elo,1193,672,6828,14.211178759728849
player_calibrated_elo,1194,688,6812,11.499542530964508
player_calibrated_elo,1195,682,6818,12.483429665651297
player_calibrated_elo,1196,743,6757,13.673791458177758
player_calibrated_elo,1197,654,6846,13.703709659695473
player_calibrated_elo,1198,710,6790,11.821029268393868
player_calibrated_elo,1199,671,6829,11.452277141034589
player_calibrated_elo,1200,695,6805,9.855427928046984
player_calibrated_elo,1201,687,6813,13.100372585930959
player_calibrated_elo,1202,671,6829,10.563283306334275
player_calibrated_elo,1203,691,6809,10.446759088539281
player_calibrated_elo,1204,694,6806,10.90608303742841
player_calibrated_elo,1205,690,6810,12.42801506735619
player_calibrated_elo,1206,702,6798,13.010236796644564
player_calibrated_elo,1207,687,6813,9.77818542383332
player_calibrated_elo,1208,708,6792,9.084715817212674
player_calibrated_elo,1209,712,6788,7.997093350459833
player_calibrated_elo,1210,680,6820,11.283853717440051
player_calibrated_elo,1211,703,6797,14.044477408345369
player_calibrated_elo,1212,727,6773,14.420007753904319
player_calibrated_elo,1213,704,6796,12.363305286532183
player_calibrated_elo,1214,725,6775,13.954447130678204
player_calibrated_elo,1215,673,6827,11.248471293620232
player_calibrated_elo,1216,682,6818,8.09888263687032
player_calibrated_elo,1217,690,6810,12.673817276383836
player_calibrated_elo,1218,678,6822,12.744945426431403
player_calibrated_elo,1219,688,6812,13.450699176555736
player_calibrated_elo,1220,635,6865,12.4029798533013
player_calibrated_elo,1221,681,6819,15.929448231263644
player_calibrated_elo,1222,737,6763,11.801724243434075
player_calibrated_elo,1223,680,6820,12.60695187165775
player_calibrated_elo,1224,683,6817,13.174689664607747
player_calibrated_elo,1225,673,6827,11.629442661784967
player_calibrated_elo,1226,701,6799,13.284092504163258
player_calibrated_elo,1227,657,6843,13.663531109015842
player_calibrated_elo,1228,655,6845,15.01045505997023
player_calibrated_elo,1229,729,6771,7.98114447173342
player_calibrated_elo,1230,676,6824,12.4856926822839
player_calibrated_elo,1231,751,6749,13.96324631809141
player_calibrated_elo,1232,667,6833,13.037093336838096
player_calibrated_elo,1233,648,6852,9.901137272707617
player_calibrated_elo,1234,718,6782,11.998334112335696
player_calibrated_elo,1235,706,6794,10.488549720174689
player_calibrated_elo,1236,659,6841,10.559291817899707
player_calibrated_elo,1237,678,6822,9.077736526542186
player_calibrated_elo,1238,708,6792,12.498003633387233
player_calibrated_elo,1239,664,6836,10.044625547244568
player_calibrated_elo,1240,699,6801,10.738764117622186
player_calibrated_elo,1241,659,6841,12.33846448009735
player_calibrated_elo,1242,714,6786,9.93605222814148
player_calibrated_elo,1243,650,6850,10.121280179674342
player_calibrated_elo,1244,678,6822,12.596544754996197
player_calibrated_elo,1245,632,6868,11.868286605280037
player_calibrated_elo,1246,718,6782,16.67296440109778
player_calibrated_elo,1247,744,6756,9.745459233369624
player_calibrated_elo,1248,734,6766,11.232231038184997
player_calibrated_elo,1249,682,6818,11.090489294768291
player_calibrated_elo,1250,654,6846,12.647980338079961
player_calibrated_elo,1251,684,6816,8.452248579194466
player_calibrated_elo,1252,665,6835,13.868357800133108
player_calibrated_elo,1253,685,6815,11.618852788235484
player_calibrated_elo,1254,681,6819,10.247539751911122
player_calibrated_elo,1255,667,6833,10.430157378503779
player_calibrated_elo,1256,701,6799,12.43259949069459
player_calibrated_elo,1257,644,6856,11.3424701218319
player_calibrated_elo,1258,656,6844,13.506935040127727
player_calibrated_elo,1259,667,6833,9.834033663689157
player_calibrated_elo,1260,728,6772,16.648952052082596
player_calibrated_elo,1261,673,6827,11.271563765148041
player_calibrated_elo,1262,712,6788,13.003118523766327
player_calibrated_elo,1263,701,6799,14.281239227300984
player_calibrated_elo,1264,679,6821,12.457737399812885
player_calibrated_elo,1265,712,6788,12.761532247919332
player_calibrated_elo,1266,739,6761,17.601426953399653
player_calibrated_elo,1267,655,6845,11.496105141659092
player_calibrated_elo,1268,704,6796,14.499672267108998
player_calibrated_elo,1269,715,6785,13.619924658981397
player_calibrated_elo,1270,701,6799,13.010493487441193
player_calibrated_elo,1271,674,6826,11.910386278333585
player_calibrated_elo,1272,684,6816,11.496684787085082
player_calibrated_elo,1273,636,6864,12.29191406078199
player_calibrated_elo,1274,663,6837,10.732724588130726
player_calibrated_elo,1275,650,6850,9.184727681078048
player_calibrated_elo,1276,710,6790,14.824825240100392
player_calibrated_elo,1277,636,6864,7.539747987861201
player_calibrated_elo,1278,686,6814,14.016417921942558
player_calibrated_elo,1279,662,6838,11.365622534106102
player_calibrated_elo,1280,644,6856,10.5505808939171
player_calibrated_elo,1281,658,6842,12.64952123883505
player_calibrated_elo,1282,686,6814,11.936495005566483
player_calibrated_elo,1283,672,6828,10.927431165787931
player_calibrated_elo,1284,737,6763,11.153733570262487
player_calibrated_elo,1285,704,6796,9.512781582749207
player_calibrated_elo,1286,670,6830,13.124931710408427
player_calibrated_elo,1287,654,6846,9.337803900757692
player_calibrated_elo,1288,675,6825,10.280830280830283
player_calibrated_elo,1289,725,6775,16.20715103702761
player_calibrated_elo,1290,675,6825,11.068783068783066
player_calibrated_elo,1291,655,6845,9.920430023586613
player_calibrated_elo,1292,714,6786,8.277917709966387
player_calibrated_elo,1293,690,6810,14.022217965906913
player_calibrated_elo,1294,647,6853,10.133695212624755
player_calibrated_elo,1295,703,6797,10.174537297958619
player_calibrated_elo,1296,671,6829,10.54604290154703
player_calibrated_elo,1297,677,6823,13.272230017031195
player_calibrated_elo,1298,682,6818,13.612147936848206
player_calibrated_elo,1299,681,6819,14.197244935600384
player_calibrated_elo,1300,736,6764,14.52237549173373
player_calibrated_elo,1301,672,6828,8.73216377939577
player_calibrated_elo,1302,632,6868,11.291681104074664
player_calibrated_elo,1303,698,6802,13.443332443095702
player_calibrated_elo,1304,701,6799,10.0103459873578
player_calibrated_elo,1305,666,6834,11.647380479689524
player_calibrated_elo,1306,708,6792,15.311882374079177
player_calibrated_elo,1307,701,6799,13.603242400126392
player_calibrated_elo,1308,657,6843,14.35036436928181
player_calibrated_elo,1309,674,6826,10.864637826568163
player_calibrated_elo,1310,698,6802,14.291683972942392
player_calibrated_elo,1311,675,6825,15.853479853479852
player_calibrated_elo,1312,690,6810,10.641001085360402
player_calibrated_elo,1313,663,6837,11.602956232953915
player_calibrated_elo,1314,690,6810,10.819127880993424
player_calibrated_elo,1315,687,6813,11.01727560398596
player_calibrated_elo,1316,709,6791,9.439171025951342
player_calibrated_elo,1317,710,6790,15.218735090958118
player_calibrated_elo,1318,675,6825,11.623931623931622
player_calibrated_elo,1319,686,6814,11.580342649030767
player_calibrated_elo,1320,730,6770,13.952773112644422
player_calibrated_elo,1321,724,6776,12.100311792677438
player_calibrated_elo,1322,732,6768,10.729856993372861
player_calibrated_elo,1323,622,6878,8.089729217253577
player_calibrated_elo,1324,705,6795,15.941007937626228
player_calibrated_elo,1325,650,6850,11.207186973610334
player_calibrated_elo,1326,690,6810,11.637617314690674
player_calibrated_elo,1327,698,6802,11.077561040954581
player_calibrated_elo,1328,631,6869,11.671791246600694
player_calibrated_elo,1329,728,6772,12.81788943484159
player_calibrated_elo,1330,689,6811,12.651373525154286
player_calibrated_elo,1331,700,6800,13.3781512605042
player_calibrated_elo,1332,744,6756,14.591808476097706
player_calibrated_elo,1333,715,6785,15.158386197442935
player_calibrated_elo,1334,661,6839,11.293332115200288
player_calibrated_elo,1335,690,6810,14.038817595607483
player_calibrated_elo,1336,649,6851,8.67287602565639
player_calibrated_elo,1337,657,6843,11.45102451126605
player_calibrated_elo,1338,680,6820,13.387096774193552
player_calibrated_elo,1339,664,6836,11.154712471888729
player_calibrated_elo,1340,717,6783,10.757449863891827
player_calibrated_elo,1341,683,6817,12.047673426888384
player_calibrated_elo,1342,708,6792,11.397506538100654
player_calibrated_elo,1343,692,6808,13.107242074947528
player_calibrated_elo,1344,650,6850,7.5979786636720945
player_calibrated_elo,1345,679,6821,10.383229129308924
player_calibrated_elo,1346,682,6818,11.471703761562674
player_calibrated_elo,1347,648,6852,8.60197617348814
player_calibrated_elo,1348,665,6835,12.729592818916347
player_calibrated_elo,1349,700,6800,11.615546218487394
player_calibrated_elo,1350,643,6857,12.550977523281087
player_calibrated_elo,1351,692,6808,10.020937625235188
player_calibrated_elo,1352,590,6910,9.429223184282176
player_calibrated_elo,1353,685,6815,13.1844203694084
player_calibrated_elo,1354,664,6836,10.600506179193076
player_calibrated_elo,1355,704,6796,11.692121702605812
player_calibrated_elo,1356,686,6814,11.53631564580212
player_calibrated_elo,1357,655,6845,15.86726813465002
player_calibrated_elo,1358,663,6837,12.07556435339519
player_calibrated_elo,1359,695,6805,12.3933417556917
player_calibrated_elo,1360,661,6839,10.112863861023113
player_calibrated_elo,1361,654,6846,10.110102463904457
player_calibrated_elo,1362,657,6843,11.03577498453574
player_calibrated_elo,1363,674,6826,14.123124969026618
player_calibrated_elo,1364,662,6838,12.900805786748831
player_calibrated_elo,1365,718,6782,13.630214010706698
player_calibrated_elo,1366,675,6825,12.757020757020754
player_calibrated_elo,1367,671,6829,12.044146784369897
player_calibrated_elo,1368,672,6828,8.64612101431082
player_calibrated_elo,1369,681,6819,13.345905099317596
player_calibrated_elo,1370,697,6803,9.32348818174782
player_calibrated_elo,1371,673,6827,11.863806218251932
player_calibrated_elo,1372,676,6824,9.692470709018641
player_calibrated_elo,1373,689,6811,15.376730930648986
player_calibrated_elo,1374,650,6850,9.95395845030882
player_calibrated_elo,1375,659,6841,13.724355449457981
player_calibrated_elo,1376,666,6834,9.487406634026474
player_calibrated_elo,1377,705,6795,11.630892552408689
player_calibrated_elo,1378,740,6760,13.441947865024789
player_calibrated_elo,1379,678,6822,11.802263888564585
player_calibrated_elo,1380,679,6821,10.895011701496221
player_calibrated_elo,1381,661,6839,9.835045466520997
player_calibrated_elo,1382,736,6764,17.018004525235902
player_calibrated_elo,1383,671,6829,10.592570171175392
player_calibrated_elo,1384,700,6800,12.443277310924373
player_calibrated_elo,1385,677,6823,12.279930749478641
player_calibrated_elo,1386,646,6854,13.66899715517187
player_calibrated_elo,1387,711,6789,12.386878003819785
player_calibrated_elo,1388,660,6840,16.406166932482723
player_calibrated_elo,1389,667,6833,11.88940872751097
player_calibrated_elo,1390,669,6831,12.926627685840009
player_calibrated_elo,1391,691,6809,9.024660686811254
player_calibrated_elo,1392,719,6781,12.812737217362018
player_calibrated_elo,1393,693,6807,10.811381459243957
player_calibrated_elo,1394,664,6836,12.643464437034273
player_calibrated_elo,1395,705,6795,13.288870101607875
player_calibrated_elo,1396,641,6859,10.128669325224676
player_calibrated_elo,1397,658,6842,12.541259110322528
player_calibrated_elo,1398,744,6756,15.847084550889058
player_calibrated_elo,1399,670,6830,8.824981971547825
player_calibrated_elo,1400,745,6755,12.247949567558708
player_calibrated_elo,1401,692,6808,12.71260265040109
player_calibrated_elo,1402,713,6787,10.103404929521437
player_calibrated_elo,1403,685,6815,12.20354413568181
player_calibrated_elo,1404,718,6782,12.027823938345728
player_calibrated_elo,1405,708,6792,14.175450679762836
player_calibrated_elo,1406,700,6800,13.38655462184874
player_calibrated_elo,1407,696,6804,10.345080986843442
player_calibrated_elo,1408,682,6818,12.058257037391968
player_calibrated_elo,1409,645,6855,11.433854087154172
player_calibrated_elo,1410,702,6798,12.812843395367668
player_calibrated_elo,1411,683,6817,9.968275418593297
player_calibrated_elo,1412,683,6817,14.830355856118038
player_calibrated_elo,1413,678,6822,10.920032274551616
player_calibrated_elo,1414,714,6786,11.955533760807596
player_calibrated_elo,1415,682,6818,10.151969643921689
player_calibrated_elo,1416,681,6819,9.308016665019286
player_calibrated_elo,1417,661,6839,9.786113681455404
player_calibrated_elo,1418,685,6815,11.486791159475395
player_calibrated_elo,1419,675,6825,13.76800976800977
player_calibrated_elo,1420,700,6800,14.065126050420169
player_calibrated_elo,1421,707,6793,12.453038957026024
player_calibrated_elo,1422,686,6814,11.157700532517085
player_calibrated_elo,1423,676,6824,15.095347433700756
player_calibrated_elo,1424,680,6820,11.358030015525273
player_calibrated_elo,1425,684,6816,13.648227081788978
player_calibrated_elo,1426,657,6843,13.499179576903236
player_calibrated_elo,1427,662,6838,18.402361426151533
player_calibrated_elo,1428,672,6828,13.97449577370491
player_calibrated_elo,1429,671,6829,13.968568777976104
player_calibrated_elo,1430,662,6838,14.971913661792241
player_calibrated_elo,1431,634,6866,16.009854253713034
player_calibrated_elo,1432,635,6865,12.822659731262654
player_calibrated_elo,1433,688,6812,12.773798631689631
player_calibrated_elo,1434,717,6783,14.290772464017538
player_calibrated_elo,1435,674,6826,15.29354945004308
player_calibrated_elo,1436,661,6839,13.729104170063172
player_calibrated_elo,1437,705,6795,14.105177461525214
player_calibrated_elo,1438,740,6760,15.372221333759795
player_calibrated_elo,1439,702,6798,12.297231714707447
player_calibrated_elo,1440,688,6812,8.54852585724235
player_calibrated_elo,1441,692,6808,11.174629643466034
player_calibrated_elo,1442,686,6814,9.025877951499272
player_calibrated_elo,1443,675,6825,13.611721611721611
player_calibrated_elo,1444,687,6813,13.115050407742201
player_calibrated_elo,1445,668,6832,10.869770996648393
player_calibrated_elo,1446,685,6815,10.377602005023267
player_calibrated_elo,1447,734,6766,14.800803182445327
player_calibrated_elo,1448,716,6784,14.542350716770319
player_calibrated_elo,1449,642,6858,13.304742670406073
player_calibrated_elo,1450,686,6814,13.053728346972148
player_calibrated_elo,1451,729,6771,14.173007251331477
player_calibrated_elo,1452,650,6850,5.94946659180236
player_calibrated_elo,1453,695,6805,10.765888391417654
player_calibrated_elo,1454,662,6838,13.997264266066034
player_calibrated_elo,1455,686,6814,12.98035000825774
player_calibrated_elo,1456,691,6809,9.899407420033802
player_calibrated_elo,1457,654,6846,13.048267655123064
player_calibrated_elo,1458,687,6813,14.87767093092643
player_calibrated_elo,1459,694,6806,10.570474771794004
player_calibrated_elo,1460,633,6867,12.145800680084784
player_calibrated_elo,1461,648,6852,14.07618213660245
player_calibrated_elo,1462,669,6831,10.356243267142078
player_calibrated_elo,1463,679,6821,12.34179121525204
player_calibrated_elo,1464,732,6768,13.909477580126344
player_calibrated_elo,1465,688,6812,14.007087356102089
player_calibrated_elo,1466,709,6791,7.944992324737438
player_calibrated_elo,1467,747,6753,14.050872526088366
player_calibrated_elo,1468,679,6821,12.648325290151547
player_calibrated_elo,1469,700,6800,10.66806722689076
player_calibrated_elo,1470,625,6875,9.658181818181822
player_calibrated_elo,1471,660,6840,11.197501329080273
player_calibrated_elo,1472,694,6806,11.735068480853899
player_calibrated_elo,1473,668,6832,11.447275238749665
player_calibrated_elo,1474,684,6816,9.859154929577468
player_calibrated_elo,1475,686,6814,10.225346375709076
player_calibrated_elo,1476,694,6806,11.923239453914626
player_calibrated_elo,1477,672,6828,10.685517616536949
player_calibrated_elo,1478,677,6823,13.213604778866166
player_calibrated_elo,1479,720,6780,10.333087512291057
player_calibrated_elo,1480,713,6787,10.464668139796174
player_calibrated_elo,1481,713,6787,13.925661446239001
player_calibrated_elo,1482,666,6834,12.281069480367107
player_calibrated_elo,1483,699,6801,12.308086478067793
player_calibrated_elo,1484,731,6769,13.788335372146982
player_calibrated_elo,1485,758,6742,15.891012038894525
player_calibrated_elo,1486,697,6803,9.87502137950364
player_calibrated_elo,1487,727,6773,12.984682484929339
player_calibrated_elo,1488,698,6802,8.675183179732237
player_calibrated_elo,1489,700,6800,12.71638655462185
player_calibrated_elo,1490,642,6858,11.546921120841203
player_calibrated_elo,1491,667,6833,12.152507091983061
player_calibrated_elo,1492,702,6798,12.487710060525592
player_calibrated_elo,1493,667,6833,9.19758180327369
player_calibrated_elo,1494,706,6794,11.897725121566188
player_calibrated_elo,1495,707,6793,13.396392950476727
player_calibrated_elo,1496,708,6792,10.700025952765968
player_calibrated_elo,1497,670,6830,13.689823211905333
player_calibrated_elo,1498,693,6807,11.85347143919202
player_calibrated_elo,1499,693,6807,17.117469475336378
player_calibrated_elo,1500,647,6853,11.58309935900544
player_calibrated_elo,1501,692,6808,16.08987726102579
player_calibrated_elo,1502,719,6781,12.22488426407829
player_calibrated_elo,1503,642,6858,12.53587460445949
player_calibrated_elo,1504,638,6862,13.189260010836106
player_calibrated_elo,1505,685,6815,10.553684176703387
player_calibrated_elo,1506,684,6816,12.828689976113994
player_calibrated_elo,1507,650,6850,6.982594048287477
player_calibrated_elo,1508,609,6891,15.101513861515665
player_calibrated_elo,1509,700,6800,12.771008403361344
player_calibrated_elo,1510,661,6839,11.99069853662551
player_calibrated_elo,1511,650,6850,9.535092644581693
player_calibrated_elo,1512,719,6781,13.965573857577596
player_calibrated_elo,1513,648,6852,11.098138418628789
player_calibrated_elo,1514,701,6799,13.45173484646458
player_calibrated_elo,1515,652,6848,10.716039074594347
player_calibrated_elo,1516,673,6827,11.980987996485421
player_calibrated_elo,1517,709,6791,15.703290196370828
player_calibrated_elo,1518,752,6748,14.726900957257627
player_calibrated_elo,1519,713,6787,12.168403789854004
player_calibrated_elo,1520,661,6839,11.620082294767991
player_calibrated_elo,1521,663,6837,12.459488132512936
player_calibrated_elo,1522,704,6796,11.775309005297235
player_calibrated_elo,1523,674,6826,11.435982684464447
player_calibrated_elo,1524,678,6822,10.035076522339232
player_calibrated_elo,1525,713,6787,12.398734400866601
player_calibrated_elo,1526,665,6835,15.940289641440842
player_calibrated_elo,1527,650,6850,11.215047725996635
player_calibrated_elo,1528,687,6813,8.551337444405348
player_calibrated_elo,1529,708,6792,12.077019823920466
player_calibrated_elo,1530,695,6805,12.581311879225499
player_calibrated_elo,1531,679,6821,10.2772582030846
player_calibrated_elo,1532,688,6812,12.00446544401808
player_calibrated_elo,1533,681,6819,17.103803637542935
player_calibrated_elo,1534,702,6798,13.470905218478036
player_calibrated_elo,1535,665,6835,10.745444445055579
player_calibrated_elo,1536,695,6805,13.168480645314757
player_calibrated_elo,1537,654,6846,15.874534650917832
player_calibrated_elo,1538,668,6832,12.099980367134583
player_calibrated_elo,1539,657,6843,6.850649632294309
player_calibrated_elo,1540,701,6799,14.413611635008
player_calibrated_elo,1541,669,6831,6.675581446491957
player_calibrated_elo,1542,701,6799,13.220833222306128
player_calibrated_elo,1543,677,6823,10.383529858496255
player_calibrated_elo,1544,699,6801,13.391365697925007
player_calibrated_elo,1545,637,6863,8.666864452547513
player_calibrated_elo,1546,648,6852,14.628602624808112
player_calibrated_elo,1547,692,6808,13.171175699449133
player_calibrated_elo,1548,639,6861,9.810776430433155
player_calibrated_elo,1549,736,6764,12.64904674362996
player_calibrated_elo,1550,687,6813,14.104617617103699
player_calibrated_elo,1551,677,6823,11.164903832311035
player_calibrated_elo,1552,701,6799,10.939806327984375
player_calibrated_elo,1553,655,6845,8.289998271430083
player_calibrated_elo,1554,700,6800,12.693277310924373
player_calibrated_elo,1555,705,6795,16.650227795782254
player_calibrated_elo,1556,663,6837,11.544451040618092
player_calibrated_elo,1557,695,6805,13.153785568165599
player_calibrated_elo,1558,664,6836,8.664265017941863
player_calibrated_elo,1559,656,6844,10.877963250702056
player_calibrated_elo,1560,681,6819,14.344087813720796
player_calibrated_elo,1561,701,6799,16.018068445493896
player_calibrated_elo,1562,653,6847,9.873563298085413
player_calibrated_elo,1563,693,6807,12.017677244649477
player_calibrated_elo,1564,691,6809,13.573951561088277
player_calibrated_elo,1565,675,6825,12.123728123728123
player_calibrated_elo,1566,634,6866,8.67374646339435
player_calibrated_elo,1567,748,6752,12.647866664977064
player_calibrated_elo,1568,677,6823,9.169091163760768
player_calibrated_elo,1569,711,6789,11.676060741097071
player_calibrated_elo,1570,726,6774,9.297703665205075
player_calibrated_elo,1571,665,6835,12.306076090005558
player_calibrated_elo,1572,658,6842,8.440758803350306
player_calibrated_elo,1573,742,6758,10.993379913513701
player_calibrated_elo,1574,675,6825,8.84981684981685
player_calibrated_elo,1575,746,6754,14.710575641403246
player_calibrated_elo,1576,667,6833,12.781147842586826
player_calibrated_elo,1577,704,6796,16.718641313071863
player_calibrated_elo,1578,689,6811,10.792261898546684
player_calibrated_elo,1579,671,6829,17.295443142781757
player_calibrated_elo,1580,696,6804,13.568083683026211
player_calibrated_elo,1581,645,6855,11.307991111563448
player_calibrated_elo,1582,665,6835,11.050266485526178
player_calibrated_elo,1583,702,6798,10.950933281030368
player_calibrated_elo,1584,645,6855,10.405238071005718
player_calibrated_elo,1585,618,6882,10.284744500215847
player_calibrated_elo,1586,687,6813,13.467318131212036
player_calibrated_elo,1587,616,6884,8.291389029332086
player_calibrated_elo,1588,675,6825,11.887667887667885
player_calibrated_elo,1589,699,6801,17.003684764863536
player_calibrated_elo,1590,681,6819,10.305617951396496
player_calibrated_elo,1591,703,6797,14.054313561061893
player_calibrated_elo,1592,659,6841,5.1082922102941355
player_calibrated_elo,1593,655,6845,10.959913906066166
player_calibrated_elo,1594,757,6743,13.215152814670962
player_calibrated_elo,1595,711,6789,11.481715582354928
player_calibrated_elo,1596,660,6840,9.286283891547054
player_calibrated_elo,1597,694,6806,11.21179735459727
player_calibrated_elo,1598,710,6790,15.169989006202162
player_calibrated_elo,1599,694,6806,12.337986231846626
player_calibrated_elo,1600,696,6804,14.149384743254478
player_calibrated_elo,1601,695,6805,11.06592169321119
player_calibrated_elo,1602,688,6812,11.691833153532071
player_calibrated_elo,1603,708,6792,9.237437863089177
player_calibrated_elo,1604,691,6809,13.458606649622457
player_calibrated_elo,1605,687,6813,12.36032834736059
player_calibrated_elo,1606,676,6824,10.317657137704028
player_calibrated_elo,1607,706,6794,10.021381972595384
player_calibrated_elo,1608,668,6832,12.07070636245074
player_calibrated_elo,1609,708,6792,9.411371304226307
player_calibrated_elo,1610,673,6827,16.10583447290291
player_calibrated_elo,1611,738,6762,14.3415018888432
player_calibrated_elo,1612,674,6826,10.333504031104667
player_calibrated_elo,1613,719,6781,12.212167721353474
player_calibrated_elo,1614,673,6827,17.164823440534494
player_calibrated_elo,1615,738,6762,13.417760175827137
player_calibrated_elo,1616,669,6831,14.746542568730131
player_calibrated_elo,1617,660,6840,10.851940457203613
player_calibrated_elo,1618,698,6802,12.293451529930943
player_calibrated_elo,1619,673,6827,10.300461131191573
player_calibrated_elo,1620,698,6802,14.314178620985397
player_calibrated_elo,1621,668,6832,13.602946332160037
player_calibrated_elo,1622,663,6837,11.336042838507797
player_calibrated_elo,1623,668,6832,10.705433395504071
player_calibrated_elo,1624,727,6773,14.43326940796361
player_calibrated_elo,1625,696,6804,9.159672809098096
player_calibrated_elo,1626,645,6855,13.520601156853761
player_calibrated_elo,1627,703,6797,10.532594184824656
player_calibrated_elo,1628,672,6828,14.389279437609842
player_calibrated_elo,1629,678,6822,10.756973145186189
player_calibrated_elo,1630,699,6801,10.443112064433846
player_calibrated_elo,1631,654,6846,10.191848450980551
player_calibrated_elo,1632,717,6783,15.55513198452691
player_calibrated_elo,1633,675,6825,8.556776556776558
player_calibrated_elo,1634,672,6828,15.033684827182187
player_calibrated_elo,1635,666,6834,11.19758916071471
player_calibrated_elo,1636,664,6836,14.339658223296931
player_calibrated_elo,1637,664,6836,16.064403899976732
player_calibrated_elo,1638,665,6835,11.12990963143044
player_calibrated_elo,1639,669,6831,7.83594704436974
player_calibrated_elo,1640,677,6823,7.9784879148228125
player_calibrated_elo,1641,657,6843,13.715912738211294
player_calibrated_elo,1642,654,6846,11.228012339623755
player_calibrated_elo,1643,701,6799,11.241394691969258
player_calibrated_elo,1644,704,6796,10.364469072716576
player_calibrated_elo,1645,708,6792,13.437044578866464
player_calibrated_elo,1646,642,6858,13.65538030487622
player_calibrated_elo,1647,696,6804,11.814551278152813
player_calibrated_elo,1648,617,6883,10.237917345509373
player_calibrated_elo,1649,674,6826,17.462338536282545
player_calibrated_elo,1650,721,6779,12.699760764816043
player_calibrated_elo,1651,685,6815,12.009789483267374
player_calibrated_elo,1652,698,6802,14.009195003323644
player_calibrated_elo,1653,657,6843,12.490849896938306
player_calibrated_elo,1654,662,6838,14.426180690984891
player_calibrated_elo,1655,684,6816,13.64565315871839
player_calibrated_elo,1656,673,6827,9.898769656623003
player_calibrated_elo,1657,703,6797,14.701909113530338
player_calibrated_elo,1658,696,6804,14.21298830302662
player_calibrated_elo,1659,725,6775,11.192263646774398
player_calibrated_elo,1660,725,6775,12.733935615218222
player_calibrated_elo,1661,687,6813,11.861282405778322
player_calibrated_elo,1662,651,6849,13.747642529805221
player_calibrated_elo,1663,652,6848,11.607168453643713
player_calibrated_elo,1664,658,6842,8.315171180328191
player_calibrated_elo,1665,688,6812,16.89050785890836
player_calibrated_elo,1666,715,6785,16.5861551860078
player_calibrated_elo,1667,641,6859,12.515389666468712
player_calibrated_elo,1668,696,6804,11.837357335441629
player_calibrated_elo,1669,689,6811,13.63170948386873
player_calibrated_elo,1670,735,6765,10.67981959968023
player_calibrated_elo,1671,731,6769,11.155769876311073
player_calibrated_elo,1672,674,6826,14.152424705328992
player_calibrated_elo,1673,671,6829,11.503998355396321
player_calibrated_elo,1674,724,6776,12.784478203865445
player_calibrated_elo,1675,683,6817,13.467236224313044
player_calibrated_elo,1676,665,6835,11.938661577132297
player_calibrated_elo,1677,707,6793,13.7592550447659
player_calibrated_elo,1678,656,6844,14.532134253253698
player_calibrated_elo,1679,661,6839,14.797086833345901
player_calibrated_elo,1680,644,6856,11.425726751560045
player_calibrated_elo,1681,680,6820,9.550198378471626
player_calibrated_elo,1682,717,6783,12.659016480408503
player_calibrated_elo,1683,687,6813,10.246657911249812
player_calibrated_elo,1684,700,6800,12.445378151260499
player_calibrated_elo,1685,684,6816,12.300520962029488
player_calibrated_elo,1686,693,6807,9.214604014075146
player_calibrated_elo,1687,673,6827,8.576121687966081
player_calibrated_elo,1688,634,6866,13.435058317811627
player_calibrated_elo,1689,684,6816,14.817302940449718
player_calibrated_elo,1690,703,6797,10.645249525405632
player_calibrated_elo,1691,640,6860,11.315142128279888
player_calibrated_elo,1692,684,6816,11.08691623424759
player_calibrated_elo,1693,734,6766,13.394066018504125
player_calibrated_elo,1694,650,6850,13.156653565412684
player_calibrated_elo,1695,706,6794,10.282485545903274
player_calibrated_elo,1696,682,6818,8.86156964185712
player_calibrated_elo,1697,673,6827,12.518861935096876
player_calibrated_elo,1698,705,6795,11.24825826248963
player_calibrated_elo,1699,666,6834,11.006704685370183
player_calibrated_elo,1700,711,6789,15.076759190375594
player_calibrated_elo,1701,676,6824,12.38450092607366
player_calibrated_elo,1702,709,6791,12.651420541457526
player_calibrated_elo,1703,697,6803,11.915938849663549
player_calibrated_elo,1704,655,6845,8.56757314359955
player_calibrated_elo,1705,733,6767,15.493977977952955
player_calibrated_elo,1706,644,6856,8.477862252404384
player_calibrated_elo,1707,647,6853,9.736436912860514
player_calibrated_elo,1708,703,6797,14.35839717589406
player_calibrated_elo,1709,678,6822,15.09016897440088
player_calibrated_elo,1710,699,6801,11.56892479204964
player_calibrated_elo,1711,697,6803,14.663650583726357
player_calibrated_elo,1712,743,6757,14.272741632176073
player_calibrated_elo,1713,669,6831,9.28450029639345
player_calibrated_elo,1714,653,6847,11.07031818408527
player_calibrated_elo,1715,726,6774,13.548155685203756
player_calibrated_elo,1716,693,6807,14.258240657535504
player_calibrated_elo,1717,694,6806,9.191669327199847
player_calibrated_elo,1718,674,6826,12.333667483639532
player_calibrated_elo,1719,686,6814,14.190557769503881
player_calibrated_elo,1720,700,6800,12.081932773109244
player_calibrated_elo,1721,706,6794,12.894772174414854
player_calibrated_elo,1722,654,6846,14.018230695216117
player_calibrated_elo,1723,684,6816,10.753078411992423
player_calibrated_elo,1724,721,6779,13.165873478489399
player_calibrated_elo,1725,672,6828,11.178759728847599
player_calibrated_elo,1726,689,6811,12.91901877331108
player_calibrated_elo,1727,685,6815,9.19504527903776
player_calibrated_elo,1728,609,6891,9.271106097551385
player_calibrated_elo,1729,693,6807,13.485799250453285
player_calibrated_elo,1730,690,6810,9.907425142054521
player_calibrated_elo,1731,705,6795,11.501260313434475
player_calibrated_elo,1732,710,6790,15.140533925200689
player_calibrated_elo,1733,634,6866,12.447795152082081
player_calibrated_elo,1734,690,6810,11.405860946178898
player_calibrated_elo,1735,729,6771,10.857548501750081
player_calibrated_elo,1736,683,6817,15.093843206126445
player_calibrated_elo,1737,724,6776,14.353388951580815
player_calibrated_elo,1738,673,6827,13.115326762825086
player_calibrated_elo,1739,707,6793,16.201572839667094
player_calibrated_elo,1740,726,6774,13.70065905857838
player_calibrated_elo,1741,677,6823,11.872996258419533
player_calibrated_elo,1742,675,6825,14.938542938542938
player_calibrated_elo,1743,696,6804,11.6250076020191
player_calibrated_elo,1744,678,6822,10.875148854694473
player_calibrated_elo,1745,668,6832,10.209090016687933
player_calibrated_elo,1746,700,6800,14.004201680672267
player_calibrated_elo,1747,723,6777,12.9592587082131
player_calibrated_elo,1748,712,6788,10.056659802824546
player_calibrated_elo,1749,678,6822,9.550439364575308
player_calibrated_elo,1750,691,6809,10.870519332653068
player_calibrated_elo,1751,675,6825,11.443223443223443
player_calibrated_elo,1752,679,6821,11.90994025856647
player_calibrated_elo,1753,685,6815,9.42607279991003
player_calibrated_elo,1754,712,6788,10.706848834360706
player_calibrated_elo,1755,667,6833,10.554389130621283
player_calibrated_elo,1756,668,6832,11.048745600134623
player_calibrated_elo,1757,704,6796,10.203779629728714
player_calibrated_elo,1758,662,6838,10.38615732767571
player_calibrated_elo,1759,693,6807,12.073832831876025
player_calibrated_elo,1760,670,6830,13.683704464500341
player_calibrated_elo,1761,678,6822,9.84542461531277
player_calibrated_elo,1762,730,6770,16.106918111733883
player_calibrated_elo,1763,651,6849,11.64851002500954
player_calibrated_elo,1764,747,6753,10.440577651937533
player_calibrated_elo,1765,712,6788,12.27438705448478
player_calibrated_elo,1766,655,6845,8.241040710609514
player_calibrated_elo,1767,660,6840,12.196969696969695
player_calibrated_elo,1768,703,6797,10.69443028898826
player_calibrated_elo,1769,659,6841,10.126327048441963
player_calibrated_elo,1770,680,6820,12.738916681041918
player_calibrated_elo,1771,709,6791,9.229111208541795
player_calibrated_elo,1772,686,6814,13.446035045323423
player_calibrated_elo,1773,706,6794,10.414955372220614
player_calibrated_elo,1774,711,6789,17.25060332767141
player_calibrated_elo,1775,687,6813,10.289473566140256
player_calibrated_elo,1776,675,6825,12.999592999592997
player_calibrated_elo,1777,663,6837,8.629317322500608
player_calibrated_elo,1778,684,6816,15.256414216291903
player_calibrated_elo,1779,698,6802,13.494935334205598
player_calibrated_elo,1780,708,6792,17.407069134175796
player_calibrated_elo,1781,709,6791,14.454832050799832
player_calibrated_elo,1782,641,6859,9.284475184226787
player_calibrated_elo,1783,730,6770,13.118714716416097
player_calibrated_elo,1784,711,6789,10.897747846013006
player_calibrated_elo,1785,708,6792,10.45846559262143
player_calibrated_elo,1786,655,6845,11.003741517461346
player_calibrated_elo,1787,778,6722,15.124033503922579
player_calibrated_elo,1788,681,6819,15.430647588075036
player_calibrated_elo,1789,641,6859,12.770563016718073
player_calibrated_elo,1790,662,6838,14.065039069921154
player_calibrated_elo,1791,662,6838,13.124983984115774
player_calibrated_elo,1792,720,6780,10.376106194690266
player_calibrated_elo,1793,722,6778,11.607743481640536
player_calibrated_elo,1794,724,6776,12.986931451270978
player_calibrated_elo,1795,688,6812,13.587171748897298
player_calibrated_elo,1796,677,6823,11.631610953567206
player_calibrated_elo,1797,683,6817,10.21848960408384
player_calibrated_elo,1798,670,6830,8.467909355127729
player_calibrated_elo,1799,701,6799,11.316361661811897
player_calibrated_elo,1800,706,6794,11.390028361969112
player_calibrated_elo,1801,646,6854,12.392528464090935
player_calibrated_elo,1802,679,6821,13.074821562708427
player_calibrated_elo,1803,693,6807,10.604057320672572
player_calibrated_elo,1804,601,6899,10.629382975033879
player_calibrated_elo,1805,697,6803,11.172090294369669
player_calibrated_elo,1806,658,6842,8.507883988488762
player_calibrated_elo,1807,646,6854,8.707260951775242
player_calibrated_elo,1808,675,6825,8.90679690679691
player_calibrated_elo,1809,711,6789,13.16139970776753
player_calibrated_elo,1810,701,6799,11.8942556585585
player_calibrated_elo,1811,689,6811,10.599710747086105
player_calibrated_elo,1812,716,6784,9.989409850321495
player_calibrated_elo,1813,734,6766,12.112010606003249
player_calibrated_elo,1814,681,6819,14.358171292572642
player_calibrated_elo,1815,615,6885,8.186053102361084
player_calibrated_elo,1816,730,6770,14.906213957629344
player_calibrated_elo,1817,695,6805,11.11550436359215
player_calibrated_elo,1818,738,6762,16.08859167562395
player_calibrated_elo,1819,677,6823,13.687196252314537
player_calibrated_elo,1820,668,6832,11.286268212988542
player_calibrated_elo,1821,702,6798,10.220074783181582
player_calibrated_elo,1822,692,6808,16.006924869076162
player_calibrated_elo,1823,659,6841,11.451661953423292
player_calibrated_elo,1824,671,6829,11.75127813595871
player_calibrated_elo,1825,671,6829,9.371032933756036
player_calibrated_elo,1826,686,6814,12.018644515963961
player_calibrated_elo,1827,679,6821,12.087206212988178
player_calibrated_elo,1828,736,6764,12.39209176458489
player_calibrated_elo,1829,693,6807,14.62977060156434
player_calibrated_elo,1830,700,6800,13.346638655462185
player_calibrated_elo,1831,718,6782,13.679418483631506
player_calibrated_elo,1832,689,6811,12.376248700396925
player_calibrated_elo,1833,690,6810,11.123667241269237
player_calibrated_elo,1834,680,6820,11.24072796273935
player_calibrated_elo,1835,682,6818,12.688553415187847
player_calibrated_elo,1836,675,6825,12.986568986568987
player_calibrated_elo,1837,761,6739,15.406447144409574
player_calibrated_elo,1838,728,6772,14.239953785139841
player_calibrated_elo,1839,684,6816,12.405279631002392
player_calibrated_elo,1840,675,6825,15.960927960927956
player_calibrated_elo,1841,685,6815,12.947394915680842
player_calibrated_elo,1842,705,6795,12.653233760743976
player_calibrated_elo,1843,732,6768,15.75543541448669
player_calibrated_elo,1844,696,6804,11.874860629649902
player_calibrated_elo,1845,676,6824,11.3008733533578
player_calibrated_elo,1846,684,6816,10.604305658512475
player_calibrated_elo,1847,773,6727,16.269090731467546
player_calibrated_elo,1848,715,6785,12.374685005488251
player_calibrated_elo,1849,697,6803,10.117867233440558
player_calibrated_elo,1850,718,6782,12.512804252449339
player_calibrated_elo,1851,659,6841,12.3454295365864
player_calibrated_elo,1852,701,6799,15.824010369906294
player_calibrated_elo,1853,721,6779,15.083887808048802
player_calibrated_elo,1854,693,6807,16.908491831365346
player_calibrated_elo,1855,708,6792,13.615968936535506
player_calibrated_elo,1856,656,6844,10.997259483114997
player_calibrated_elo,1857,692,6808,11.583533143598485
player_calibrated_elo,1858,712,6788,11.357037865896856
player_calibrated_elo,1859,682,6818,12.80593288939318
player_calibrated_elo,1860,702,6798,14.39375080151779
player_calibrated_elo,1861,726,6774,12.948024410299958
player_calibrated_elo,1862,696,6804,10.941079283991161
player_calibrated_elo,1863,665,6835,11.82326701904725
player_calibrated_elo,1864,710,6790,9.884253977473085
player_calibrated_elo,1865,728,6772,15.730334343742491
player_calibrated_elo,1866,651,6849,14.887706032634185
player_calibrated_elo,1867,670,6830,10.435523699219862
player_calibrated_elo,1868,662,6838,11.039251949961521
player_calibrated_elo,1869,656,6844,10.744501147524627
player_calibrated_elo,1870,654,6846,12.035421474268777
player_calibrated_elo,1871,678,6822,9.566005868572008
player_calibrated_elo,1872,667,6833,10.572600425968782
player_calibrated_elo,1873,700,6800,11.983193277310928
player_calibrated_elo,1874,651,6849,13.119208091867158
player_calibrated_elo,1875,682,6818,14.873729966132426
player_calibrated_elo,1876,696,6804,10.705923493279812
player_calibrated_elo,1877,672,6828,13.367488911205955
player_calibrated_elo,1878,622,6878,9.927547546630338
player_calibrated_elo,1879,699,6801,11.572900476009268
player_calibrated_elo,1880,666,6834,9.706897415413657
player_calibrated_elo,1881,705,6795,11.327164842734804
player_calibrated_elo,1882,675,6825,15.203907203907201
player_calibrated_elo,1883,701,6799,9.182415220497935
player_calibrated_elo,1884,662,6838,12.764372544046998
player_calibrated_elo,1885,719,6781,16.262325047548593
player_calibrated_elo,1886,695,6805,12.813367234206757
player_calibrated_elo,1887,680,6820,10.683111954459202
player_calibrated_elo,1888,703,6797,12.852691474839013
player_calibrated_elo,1889,676,6824,10.418848893914273
player_calibrated_elo,1890,706,6794,11.467250306677867
player_calibrated_elo,1891,675,6825,13.531949531949532
player_calibrated_elo,1892,670,6830,10.06665064137584
player_calibrated_elo,1893,676,6824,11.939326567561753
player_calibrated_elo,1894,635,6865,11.023048557386266
player_calibrated_elo,1895,733,6767,13.464729625413108
player_calibrated_elo,1896,710,6790,10.864568856437595
player_calibrated_elo,1897,681,6819,10.996225240049018
player_calibrated_elo,1898,667,6833,11.669556704159262
player_calibrated_elo,1899,666,6834,12.017021411226859
player_calibrated_elo,1900,675,6825,9.243793243793247
player_calibrated_elo,1901,681,6819,12.567695988082017
player_calibrated_elo,1902,674,6826,14.775196251720379
player_calibrated_elo,1903,719,6781,12.30700851741725
player_calibrated_elo,1904,668,6832,17.519790629513803
player_calibrated_elo,1905,690,6810,13.316095256336592
player_calibrated_elo,1906,720,6780,13.59144542772861
player_calibrated_elo,1907,685,6815,14.932496478892093
player_calibrated_elo,1908,655,6845,9.006629902029118
player_calibrated_elo,1909,725,6775,15.270645120244303
player_calibrated_elo,1910,682,6818,12.512591733629025
player_calibrated_elo,1911,714,6786,16.031894632300308
player_calibrated_elo,1912,701,6799,11.481003646797932
player_calibrated_elo,1913,748,6752,9.723480624477276
player_calibrated_elo,1914,668,6832,13.10397355172559
player_calibrated_elo,1915,696,6804,13.579486711670619
player_calibrated_elo,1916,713,6787,13.283893327128366
player_calibrated_elo,1917,730,6770,13.462495700208411
player_calibrated_elo,1918,641,6859,14.094398445714768
player_calibrated_elo,1919,680,6820,12.56296360186303
player_calibrated_elo,1920,697,6803,12.538058679909758
player_calibrated_elo,1921,726,6774,13.341605116305178
player_calibrated_elo,1922,663,6837,10.741857751640167
player_calibrated_elo,1923,647,6853,11.521460495984226
player_calibrated_elo,1924,700,6800,9.920168067226893
player_calibrated_elo,1925,685,6815,10.390776036116128
player_calibrated_elo,1926,732,6768,10.549160950277098
player_calibrated_elo,1927,705,6795,11.659073473924819
player_calibrated_elo,1928,633,6867,10.006025106681655
player_calibrated_elo,1929,674,6826,12.135742113632553
player_calibrated_elo,1930,678,6822,12.16872533682023
player_calibrated_elo,1931,718,6782,14.418430237668284
player_calibrated_elo,1932,661,6839,13.035653176285605
player_calibrated_elo,1933,625,6875,12.116363636363637
player_calibrated_elo,1934,686,6814,10.150983954318027
player_calibrated_elo,1935,669,6831,12.700081992341694
player_calibrated_elo,1936,663,6837,9.35057251036912
player_calibrated_elo,1937,719,6781,15.282392367284931
player_calibrated_elo,1938,694,6806,9.868051668260163
player_calibrated_elo,1939,688,6812,11.709414985866257
player_calibrated_elo,1940,692,6808,12.271944601047386
player_calibrated_elo,1941,654,6846,11.100569005673977
player_calibrated_elo,1942,689,6811,10.922717647688074
player_calibrated_elo,1943,715,6785,14.38508433349996
player_calibrated_elo,1944,704,6796,13.049203408422066
player_calibrated_elo,1945,682,6818,12.102129175057568
player_calibrated_elo,1946,664,6836,13.965311215605547
player_calibrated_elo,1947,672,6828,13.15251276257427
player_calibrated_elo,1948,666,6834,11.874517186194094
player_calibrated_elo,1949,685,6815,12.42364685028196
player_calibrated_elo,1950,687,6813,10.622192225625682
player_calibrated_elo,1951,690,6810,12.101130051714232
player_calibrated_elo,1952,683,6817,11.75484765822074
player_calibrated_elo,1953,715,6785,10.712029311881926
player_calibrated_elo,1954,700,6800,8.579831932773107
player_calibrated_elo,1955,667,6833,10.770006479271704
player_calibrated_elo,1956,647,6853,9.091698465298315
player_calibrated_elo,1957,698,6802,11.720680501015634
player_calibrated_elo,1958,681,6819,12.449989114375287
player_calibrated_elo,1959,717,6783,13.05941447268183
player_calibrated_elo,1960,712,6788,11.719458661352157
player_calibrated_elo,1961,695,6805,13.083376061825042
player_calibrated_elo,1962,693,6807,11.117279958179033
player_calibrated_elo,1963,670,6830,9.826271279036735
player_calibrated_elo,1964,715,6785,11.152944329068132
player_calibrated_elo,1965,703,6797,13.313902397321552
player_calibrated_elo,1966,657,6843,9.791360968145963
player_calibrated_elo,1967,685,6815,11.882226304148746
player_calibrated_elo,1968,652,6848,10.84029728799954
player_calibrated_elo,1969,701,6799,8.997064475580551
player_calibrated_elo,1970,733,6767,13.311167609603702
player_calibrated_elo,1971,691,6809,11.852024402026862
player_calibrated_elo,1972,688,6812,14.102592552130982
player_calibrated_elo,1973,688,6812,12.447937292602656
player_calibrated_elo,1974,668,6832,11.240341331388748
player_calibrated_elo,1975,642,6858,9.849469750860578
player_calibrated_elo,1976,665,6835,11.035635907618346
player_calibrated_elo,1977,692,6808,15.727841437818817
player_calibrated_elo,1978,711,6789,13.825666115390185
player_calibrated_elo,1979,707,6793,11.592847367006264
player_calibrated_elo,1980,757,6743,14.5820187126882
player_calibrated_elo,1981,675,6825,11.96906796906797
player_calibrated_elo,1982,703,6797,10.7630322221899
player_calibrated_elo,1983,693,6807,11.014444641593164
player_calibrated_elo,1984,703,6797,11.587176251927728
player_calibrated_elo,1985,710,6790,11.32485635462258
player_calibrated_elo,1986,689,6811,11.398810811248516
player_calibrated_elo,1987,689,6811,15.273956007730177
player_calibrated_elo,1988,630,6870,10.971789006723503
player_calibrated_elo,1989,661,6839,8.024680024395103
player_calibrated_elo,1990,645,6855,13.774023374552607
player_calibrated_elo,1991,679,6821,10.148659418122886
player_calibrated_elo,1992,640,6860,7.821610787172012
player_calibrated_elo,1993,643,6857,7.549697202413852
player_calibrated_elo,1994,662,6838,14.587223168202573
player_calibrated_elo,1995,679,6821,11.604075519183048
player_calibrated_elo,1996,701,6799,12.316361871627086
player_calibrated_elo,1997,736,6764,13.003143239143295
player_calibrated_elo,1998,731,6769,13.458898385837587
player_calibrated_elo,1999,659,6841,13.631081364947
player_calibrated_elo,2000,711,6789,14.633438430123686
